[2026-04-28 06:31:36] local.ERROR: Command "make:config" is not defined.

Did you mean one of these?
    make:cache-table
    make:cast
    make:channel
    make:class
    make:command
    make:component
    make:controller
    make:enum
    make:event
    make:exception
    make:factory
    make:interface
    make:job
    make:job-middleware
    make:listener
    make:mail
    make:middleware
    make:migration
    make:model
    make:notification
    make:notifications-table
    make:observer
    make:policy
    make:provider
    make:queue-batches-table
    make:queue-failed-table
    make:queue-table
    make:request
    make:resource
    make:rule
    make:scope
    make:seeder
    make:session-table
    make:test
    make:trait
    make:view {"exception":"[object] (Symfony\\Component\\Console\\Exception\\CommandNotFoundException(code: 0): Command \"make:config\" is not defined.

Did you mean one of these?
    make:cache-table
    make:cast
    make:channel
    make:class
    make:command
    make:component
    make:controller
    make:enum
    make:event
    make:exception
    make:factory
    make:interface
    make:job
    make:job-middleware
    make:listener
    make:mail
    make:middleware
    make:migration
    make:model
    make:notification
    make:notifications-table
    make:observer
    make:policy
    make:provider
    make:queue-batches-table
    make:queue-failed-table
    make:queue-table
    make:request
    make:resource
    make:rule
    make:scope
    make:seeder
    make:session-table
    make:test
    make:trait
    make:view at C:/Users/kuldeep/Desktop/New folder/sgcsm-laravel-project/vendor/symfony/console/Application.php:759)
[stacktrace]
#0 C:/Users/kuldeep/Desktop/New folder/sgcsm-laravel-project/vendor/symfony/console/Application.php(298): Symfony/Component/Console/Application->find()
#1 C:/Users/kuldeep/Desktop/New folder/sgcsm-laravel-project/vendor/symfony/console/Application.php(195): Symfony/Component/Console/Application->doRun()
#2 C:/Users/kuldeep/Desktop/New folder/sgcsm-laravel-project/vendor/laravel/framework/src/Illuminate/Foundation/Console/Kernel.php(198): Symfony/Component/Console/Application->run()
#3 C:/Users/kuldeep/Desktop/New folder/sgcsm-laravel-project/vendor/laravel/framework/src/Illuminate/Foundation/Application.php(1235): Illuminate/Foundation/Console/Kernel->handle()
#4 C:/Users/kuldeep/Desktop/New folder/sgcsm-laravel-project/artisan(13): Illuminate/Foundation/Application->handleCommand()
#5 {main}
"} 
[2026-04-28 06:31:51] local.ERROR: Command "make:config" is not defined.

Did you mean one of these?
    make:cache-table
    make:cast
    make:channel
    make:class
    make:command
    make:component
    make:controller
    make:enum
    make:event
    make:exception
    make:factory
    make:interface
    make:job
    make:job-middleware
    make:listener
    make:mail
    make:middleware
    make:migration
    make:model
    make:notification
    make:notifications-table
    make:observer
    make:policy
    make:provider
    make:queue-batches-table
    make:queue-failed-table
    make:queue-table
    make:request
    make:resource
    make:rule
    make:scope
    make:seeder
    make:session-table
    make:test
    make:trait
    make:view {"exception":"[object] (Symfony\\Component\\Console\\Exception\\CommandNotFoundException(code: 0): Command \"make:config\" is not defined.

Did you mean one of these?
    make:cache-table
    make:cast
    make:channel
    make:class
    make:command
    make:component
    make:controller
    make:enum
    make:event
    make:exception
    make:factory
    make:interface
    make:job
    make:job-middleware
    make:listener
    make:mail
    make:middleware
    make:migration
    make:model
    make:notification
    make:notifications-table
    make:observer
    make:policy
    make:provider
    make:queue-batches-table
    make:queue-failed-table
    make:queue-table
    make:request
    make:resource
    make:rule
    make:scope
    make:seeder
    make:session-table
    make:test
    make:trait
    make:view at C:/Users/kuldeep/Desktop/New folder/sgcsm-laravel-project/vendor/symfony/console/Application.php:759)
[stacktrace]
#0 C:/Users/kuldeep/Desktop/New folder/sgcsm-laravel-project/vendor/symfony/console/Application.php(298): Symfony/Component/Console/Application->find()
#1 C:/Users/kuldeep/Desktop/New folder/sgcsm-laravel-project/vendor/symfony/console/Application.php(195): Symfony/Component/Console/Application->doRun()
#2 C:/Users/kuldeep/Desktop/New folder/sgcsm-laravel-project/vendor/laravel/framework/src/Illuminate/Foundation/Console/Kernel.php(198): Symfony/Component/Console/Application->run()
#3 C:/Users/kuldeep/Desktop/New folder/sgcsm-laravel-project/vendor/laravel/framework/src/Illuminate/Foundation/Application.php(1235): Illuminate/Foundation/Console/Kernel->handle()
#4 C:/Users/kuldeep/Desktop/New folder/sgcsm-laravel-project/artisan(13): Illuminate/Foundation/Application->handleCommand()
#5 {main}
"} 
[2026-04-28 07:30:25] local.ERROR: Too few arguments to function App\Policies\OurTeamPolicy::update(), 1 passed in C:\Users\kuldeep\Desktop\New folder\sgcsm-laravel-project\vendor\laravel\framework\src\Illuminate\Auth\Access\Gate.php on line 816 and exactly 2 expected {"userId":1,"exception":"[object] (ArgumentCountError(code: 0): Too few arguments to function App\\Policies\\OurTeamPolicy::update(), 1 passed in C:\\Users\\kuldeep\\Desktop\\New folder\\sgcsm-laravel-project\\vendor\\laravel\\framework\\src\\Illuminate\\Auth\\Access\\Gate.php on line 816 and exactly 2 expected at C:/Users/kuldeep/Desktop/New folder/sgcsm-laravel-project/app/Policies/OurTeamPolicy.php:38)
[stacktrace]
#0 C:/Users/kuldeep/Desktop/New folder/sgcsm-laravel-project/vendor/laravel/framework/src/Illuminate/Auth/Access/Gate.php(816): App/Policies/OurTeamPolicy->update()
#1 C:/Users/kuldeep/Desktop/New folder/sgcsm-laravel-project/vendor/laravel/framework/src/Illuminate/Auth/Access/Gate.php(769): Illuminate/Auth/Access/Gate->callPolicyMethod()
#2 C:/Users/kuldeep/Desktop/New folder/sgcsm-laravel-project/vendor/laravel/framework/src/Illuminate/Auth/Access/Gate.php(553): Illuminate/Auth/Access/Gate->{closure:Illuminate/Auth/Access/Gate::resolvePolicyCallback():752}()
#3 C:/Users/kuldeep/Desktop/New folder/sgcsm-laravel-project/vendor/laravel/framework/src/Illuminate/Auth/Access/Gate.php(448): Illuminate/Auth/Access/Gate->callAuthCallback()
#4 C:/Users/kuldeep/Desktop/New folder/sgcsm-laravel-project/vendor/laravel/framework/src/Illuminate/Auth/Access/Gate.php(411): Illuminate/Auth/Access/Gate->raw()
#5 C:/Users/kuldeep/Desktop/New folder/sgcsm-laravel-project/vendor/laravel/framework/src/Illuminate/Auth/Access/Gate.php(398): Illuminate/Auth/Access/Gate->inspect()
#6 C:/Users/kuldeep/Desktop/New folder/sgcsm-laravel-project/vendor/laravel/framework/src/Illuminate/Support/Facades/Facade.php(361): Illuminate/Auth/Access/Gate->authorize()
#7 C:/Users/kuldeep/Desktop/New folder/sgcsm-laravel-project/app/Http/Controllers/Admin/OurTeamController.php(69): Illuminate/Support/Facades/Facade::__callStatic()
#8 C:/Users/kuldeep/Desktop/New folder/sgcsm-laravel-project/vendor/laravel/framework/src/Illuminate/Routing/ControllerDispatcher.php(47): App/Http/Controllers/Admin/OurTeamController->edit()
#9 C:/Users/kuldeep/Desktop/New folder/sgcsm-laravel-project/vendor/laravel/framework/src/Illuminate/Routing/Route.php(266): Illuminate/Routing/ControllerDispatcher->dispatch()
#10 C:/Users/kuldeep/Desktop/New folder/sgcsm-laravel-project/vendor/laravel/framework/src/Illuminate/Routing/Route.php(212): Illuminate/Routing/Route->runController()
#11 C:/Users/kuldeep/Desktop/New folder/sgcsm-laravel-project/vendor/laravel/framework/src/Illuminate/Routing/Router.php(808): Illuminate/Routing/Route->run()
#12 C:/Users/kuldeep/Desktop/New folder/sgcsm-laravel-project/vendor/laravel/framework/src/Illuminate/Pipeline/Pipeline.php(170): Illuminate/Routing/Router->{closure:Illuminate/Routing/Router::runRouteWithinStack():807}()
#13 C:/Users/kuldeep/Desktop/New folder/sgcsm-laravel-project/app/Http/Middleware/RoleMiddleware.php(26): Illuminate/Pipeline/Pipeline->{closure:Illuminate/Pipeline/Pipeline::prepareDestination():168}()
#14 C:/Users/kuldeep/Desktop/New folder/sgcsm-laravel-project/vendor/laravel/framework/src/Illuminate/Pipeline/Pipeline.php(209): App/Http/Middleware/RoleMiddleware->handle()
#15 C:/Users/kuldeep/Desktop/New folder/sgcsm-laravel-project/vendor/laravel/framework/src/Illuminate/Auth/Middleware/EnsureEmailIsVerified.php(41): Illuminate/Pipeline/Pipeline->{closure:{closure:Illuminate/Pipeline/Pipeline::carry():184}:185}()
#16 C:/Users/kuldeep/Desktop/New folder/sgcsm-laravel-project/vendor/laravel/framework/src/Illuminate/Pipeline/Pipeline.php(209): Illuminate/Auth/Middleware/EnsureEmailIsVerified->handle()
#17 C:/Users/kuldeep/Desktop/New folder/sgcsm-laravel-project/vendor/laravel/framework/src/Illuminate/Http/Middleware/AddLinkHeadersForPreloadedAssets.php(20): Illuminate/Pipeline/Pipeline->{closure:{closure:Illuminate/Pipeline/Pipeline::carry():184}:185}()
#18 C:/Users/kuldeep/Desktop/New folder/sgcsm-laravel-project/vendor/laravel/framework/src/Illuminate/Pipeline/Pipeline.php(209): Illuminate/Http/Middleware/AddLinkHeadersForPreloadedAssets->handle()
#19 C:/Users/kuldeep/Desktop/New folder/sgcsm-laravel-project/vendor/inertiajs/inertia-laravel/src/Middleware.php(122): Illuminate/Pipeline/Pipeline->{closure:{closure:Illuminate/Pipeline/Pipeline::carry():184}:185}()
#20 C:/Users/kuldeep/Desktop/New folder/sgcsm-laravel-project/vendor/laravel/framework/src/Illuminate/Pipeline/Pipeline.php(209): Inertia/Middleware->handle()
#21 C:/Users/kuldeep/Desktop/New folder/sgcsm-laravel-project/vendor/laravel/framework/src/Illuminate/Routing/Middleware/SubstituteBindings.php(51): Illuminate/Pipeline/Pipeline->{closure:{closure:Illuminate/Pipeline/Pipeline::carry():184}:185}()
#22 C:/Users/kuldeep/Desktop/New folder/sgcsm-laravel-project/vendor/laravel/framework/src/Illuminate/Pipeline/Pipeline.php(209): Illuminate/Routing/Middleware/SubstituteBindings->handle()
#23 C:/Users/kuldeep/Desktop/New folder/sgcsm-laravel-project/vendor/laravel/framework/src/Illuminate/Auth/Middleware/Authenticate.php(64): Illuminate/Pipeline/Pipeline->{closure:{closure:Illuminate/Pipeline/Pipeline::carry():184}:185}()
#24 C:/Users/kuldeep/Desktop/New folder/sgcsm-laravel-project/vendor/laravel/framework/src/Illuminate/Pipeline/Pipeline.php(209): Illuminate/Auth/Middleware/Authenticate->handle()
#25 C:/Users/kuldeep/Desktop/New folder/sgcsm-laravel-project/vendor/laravel/framework/src/Illuminate/Foundation/Http/Middleware/VerifyCsrfToken.php(88): Illuminate/Pipeline/Pipeline->{closure:{closure:Illuminate/Pipeline/Pipeline::carry():184}:185}()
#26 C:/Users/kuldeep/Desktop/New folder/sgcsm-laravel-project/vendor/laravel/framework/src/Illuminate/Pipeline/Pipeline.php(209): Illuminate/Foundation/Http/Middleware/VerifyCsrfToken->handle()
#27 C:/Users/kuldeep/Desktop/New folder/sgcsm-laravel-project/vendor/laravel/framework/src/Illuminate/View/Middleware/ShareErrorsFromSession.php(49): Illuminate/Pipeline/Pipeline->{closure:{closure:Illuminate/Pipeline/Pipeline::carry():184}:185}()
#28 C:/Users/kuldeep/Desktop/New folder/sgcsm-laravel-project/vendor/laravel/framework/src/Illuminate/Pipeline/Pipeline.php(209): Illuminate/View/Middleware/ShareErrorsFromSession->handle()
#29 C:/Users/kuldeep/Desktop/New folder/sgcsm-laravel-project/vendor/laravel/framework/src/Illuminate/Session/Middleware/StartSession.php(121): Illuminate/Pipeline/Pipeline->{closure:{closure:Illuminate/Pipeline/Pipeline::carry():184}:185}()
#30 C:/Users/kuldeep/Desktop/New folder/sgcsm-laravel-project/vendor/laravel/framework/src/Illuminate/Session/Middleware/StartSession.php(64): Illuminate/Session/Middleware/StartSession->handleStatefulRequest()
#31 C:/Users/kuldeep/Desktop/New folder/sgcsm-laravel-project/vendor/laravel/framework/src/Illuminate/Pipeline/Pipeline.php(209): Illuminate/Session/Middleware/StartSession->handle()
#32 C:/Users/kuldeep/Desktop/New folder/sgcsm-laravel-project/vendor/laravel/framework/src/Illuminate/Cookie/Middleware/AddQueuedCookiesToResponse.php(37): Illuminate/Pipeline/Pipeline->{closure:{closure:Illuminate/Pipeline/Pipeline::carry():184}:185}()
#33 C:/Users/kuldeep/Desktop/New folder/sgcsm-laravel-project/vendor/laravel/framework/src/Illuminate/Pipeline/Pipeline.php(209): Illuminate/Cookie/Middleware/AddQueuedCookiesToResponse->handle()
#34 C:/Users/kuldeep/Desktop/New folder/sgcsm-laravel-project/vendor/laravel/framework/src/Illuminate/Cookie/Middleware/EncryptCookies.php(75): Illuminate/Pipeline/Pipeline->{closure:{closure:Illuminate/Pipeline/Pipeline::carry():184}:185}()
#35 C:/Users/kuldeep/Desktop/New folder/sgcsm-laravel-project/vendor/laravel/framework/src/Illuminate/Pipeline/Pipeline.php(209): Illuminate/Cookie/Middleware/EncryptCookies->handle()
#36 C:/Users/kuldeep/Desktop/New folder/sgcsm-laravel-project/vendor/laravel/framework/src/Illuminate/Pipeline/Pipeline.php(127): Illuminate/Pipeline/Pipeline->{closure:{closure:Illuminate/Pipeline/Pipeline::carry():184}:185}()
#37 C:/Users/kuldeep/Desktop/New folder/sgcsm-laravel-project/vendor/laravel/framework/src/Illuminate/Routing/Router.php(807): Illuminate/Pipeline/Pipeline->then()
#38 C:/Users/kuldeep/Desktop/New folder/sgcsm-laravel-project/vendor/laravel/framework/src/Illuminate/Routing/Router.php(786): Illuminate/Routing/Router->runRouteWithinStack()
#39 C:/Users/kuldeep/Desktop/New folder/sgcsm-laravel-project/vendor/laravel/framework/src/Illuminate/Routing/Router.php(750): Illuminate/Routing/Router->runRoute()
#40 C:/Users/kuldeep/Desktop/New folder/sgcsm-laravel-project/vendor/laravel/framework/src/Illuminate/Routing/Router.php(739): Illuminate/Routing/Router->dispatchToRoute()
#41 C:/Users/kuldeep/Desktop/New folder/sgcsm-laravel-project/vendor/laravel/framework/src/Illuminate/Foundation/Http/Kernel.php(201): Illuminate/Routing/Router->dispatch()
#42 C:/Users/kuldeep/Desktop/New folder/sgcsm-laravel-project/vendor/laravel/framework/src/Illuminate/Pipeline/Pipeline.php(170): Illuminate/Foundation/Http/Kernel->{closure:Illuminate/Foundation/Http/Kernel::dispatchToRouter():198}()
#43 C:/Users/kuldeep/Desktop/New folder/sgcsm-laravel-project/vendor/laravel/framework/src/Illuminate/Foundation/Http/Middleware/TransformsRequest.php(21): Illuminate/Pipeline/Pipeline->{closure:Illuminate/Pipeline/Pipeline::prepareDestination():168}()
#44 C:/Users/kuldeep/Desktop/New folder/sgcsm-laravel-project/vendor/laravel/framework/src/Illuminate/Foundation/Http/Middleware/ConvertEmptyStringsToNull.php(31): Illuminate/Foundation/Http/Middleware/TransformsRequest->handle()
#45 C:/Users/kuldeep/Desktop/New folder/sgcsm-laravel-project/vendor/laravel/framework/src/Illuminate/Pipeline/Pipeline.php(209): Illuminate/Foundation/Http/Middleware/ConvertEmptyStringsToNull->handle()
#46 C:/Users/kuldeep/Desktop/New folder/sgcsm-laravel-project/vendor/laravel/framework/src/Illuminate/Foundation/Http/Middleware/TransformsRequest.php(21): Illuminate/Pipeline/Pipeline->{closure:{closure:Illuminate/Pipeline/Pipeline::carry():184}:185}()
#47 C:/Users/kuldeep/Desktop/New folder/sgcsm-laravel-project/vendor/laravel/framework/src/Illuminate/Foundation/Http/Middleware/TrimStrings.php(51): Illuminate/Foundation/Http/Middleware/TransformsRequest->handle()
#48 C:/Users/kuldeep/Desktop/New folder/sgcsm-laravel-project/vendor/laravel/framework/src/Illuminate/Pipeline/Pipeline.php(209): Illuminate/Foundation/Http/Middleware/TrimStrings->handle()
#49 C:/Users/kuldeep/Desktop/New folder/sgcsm-laravel-project/vendor/laravel/framework/src/Illuminate/Http/Middleware/ValidatePostSize.php(27): Illuminate/Pipeline/Pipeline->{closure:{closure:Illuminate/Pipeline/Pipeline::carry():184}:185}()
#50 C:/Users/kuldeep/Desktop/New folder/sgcsm-laravel-project/vendor/laravel/framework/src/Illuminate/Pipeline/Pipeline.php(209): Illuminate/Http/Middleware/ValidatePostSize->handle()
#51 C:/Users/kuldeep/Desktop/New folder/sgcsm-laravel-project/vendor/laravel/framework/src/Illuminate/Foundation/Http/Middleware/PreventRequestsDuringMaintenance.php(110): Illuminate/Pipeline/Pipeline->{closure:{closure:Illuminate/Pipeline/Pipeline::carry():184}:185}()
#52 C:/Users/kuldeep/Desktop/New folder/sgcsm-laravel-project/vendor/laravel/framework/src/Illuminate/Pipeline/Pipeline.php(209): Illuminate/Foundation/Http/Middleware/PreventRequestsDuringMaintenance->handle()
#53 C:/Users/kuldeep/Desktop/New folder/sgcsm-laravel-project/vendor/laravel/framework/src/Illuminate/Http/Middleware/HandleCors.php(49): Illuminate/Pipeline/Pipeline->{closure:{closure:Illuminate/Pipeline/Pipeline::carry():184}:185}()
#54 C:/Users/kuldeep/Desktop/New folder/sgcsm-laravel-project/vendor/laravel/framework/src/Illuminate/Pipeline/Pipeline.php(209): Illuminate/Http/Middleware/HandleCors->handle()
#55 C:/Users/kuldeep/Desktop/New folder/sgcsm-laravel-project/vendor/laravel/framework/src/Illuminate/Http/Middleware/TrustProxies.php(58): Illuminate/Pipeline/Pipeline->{closure:{closure:Illuminate/Pipeline/Pipeline::carry():184}:185}()
#56 C:/Users/kuldeep/Desktop/New folder/sgcsm-laravel-project/vendor/laravel/framework/src/Illuminate/Pipeline/Pipeline.php(209): Illuminate/Http/Middleware/TrustProxies->handle()
#57 C:/Users/kuldeep/Desktop/New folder/sgcsm-laravel-project/vendor/laravel/framework/src/Illuminate/Foundation/Http/Middleware/InvokeDeferredCallbacks.php(22): Illuminate/Pipeline/Pipeline->{closure:{closure:Illuminate/Pipeline/Pipeline::carry():184}:185}()
#58 C:/Users/kuldeep/Desktop/New folder/sgcsm-laravel-project/vendor/laravel/framework/src/Illuminate/Pipeline/Pipeline.php(209): Illuminate/Foundation/Http/Middleware/InvokeDeferredCallbacks->handle()
#59 C:/Users/kuldeep/Desktop/New folder/sgcsm-laravel-project/vendor/laravel/framework/src/Illuminate/Pipeline/Pipeline.php(127): Illuminate/Pipeline/Pipeline->{closure:{closure:Illuminate/Pipeline/Pipeline::carry():184}:185}()
#60 C:/Users/kuldeep/Desktop/New folder/sgcsm-laravel-project/vendor/laravel/framework/src/Illuminate/Foundation/Http/Kernel.php(176): Illuminate/Pipeline/Pipeline->then()
#61 C:/Users/kuldeep/Desktop/New folder/sgcsm-laravel-project/vendor/laravel/framework/src/Illuminate/Foundation/Http/Kernel.php(145): Illuminate/Foundation/Http/Kernel->sendRequestThroughRouter()
#62 C:/Users/kuldeep/Desktop/New folder/sgcsm-laravel-project/vendor/laravel/framework/src/Illuminate/Foundation/Application.php(1220): Illuminate/Foundation/Http/Kernel->handle()
#63 C:/Users/kuldeep/Desktop/New folder/sgcsm-laravel-project/public/index.php(17): Illuminate/Foundation/Application->handleRequest()
#64 C:/Users/kuldeep/Desktop/New folder/sgcsm-laravel-project/vendor/laravel/framework/src/Illuminate/Foundation/resources/server.php(23): require_once('...')
#65 {main}
"} 
[2026-04-28 07:30:37] local.ERROR: Too few arguments to function App\Policies\OurTeamPolicy::update(), 1 passed in C:\Users\kuldeep\Desktop\New folder\sgcsm-laravel-project\vendor\laravel\framework\src\Illuminate\Auth\Access\Gate.php on line 816 and exactly 2 expected {"userId":1,"exception":"[object] (ArgumentCountError(code: 0): Too few arguments to function App\\Policies\\OurTeamPolicy::update(), 1 passed in C:\\Users\\kuldeep\\Desktop\\New folder\\sgcsm-laravel-project\\vendor\\laravel\\framework\\src\\Illuminate\\Auth\\Access\\Gate.php on line 816 and exactly 2 expected at C:/Users/kuldeep/Desktop/New folder/sgcsm-laravel-project/app/Policies/OurTeamPolicy.php:38)
[stacktrace]
#0 C:/Users/kuldeep/Desktop/New folder/sgcsm-laravel-project/vendor/laravel/framework/src/Illuminate/Auth/Access/Gate.php(816): App/Policies/OurTeamPolicy->update()
#1 C:/Users/kuldeep/Desktop/New folder/sgcsm-laravel-project/vendor/laravel/framework/src/Illuminate/Auth/Access/Gate.php(769): Illuminate/Auth/Access/Gate->callPolicyMethod()
#2 C:/Users/kuldeep/Desktop/New folder/sgcsm-laravel-project/vendor/laravel/framework/src/Illuminate/Auth/Access/Gate.php(553): Illuminate/Auth/Access/Gate->{closure:Illuminate/Auth/Access/Gate::resolvePolicyCallback():752}()
#3 C:/Users/kuldeep/Desktop/New folder/sgcsm-laravel-project/vendor/laravel/framework/src/Illuminate/Auth/Access/Gate.php(448): Illuminate/Auth/Access/Gate->callAuthCallback()
#4 C:/Users/kuldeep/Desktop/New folder/sgcsm-laravel-project/vendor/laravel/framework/src/Illuminate/Auth/Access/Gate.php(411): Illuminate/Auth/Access/Gate->raw()
#5 C:/Users/kuldeep/Desktop/New folder/sgcsm-laravel-project/vendor/laravel/framework/src/Illuminate/Auth/Access/Gate.php(398): Illuminate/Auth/Access/Gate->inspect()
#6 C:/Users/kuldeep/Desktop/New folder/sgcsm-laravel-project/vendor/laravel/framework/src/Illuminate/Support/Facades/Facade.php(361): Illuminate/Auth/Access/Gate->authorize()
#7 C:/Users/kuldeep/Desktop/New folder/sgcsm-laravel-project/app/Http/Controllers/Admin/OurTeamController.php(69): Illuminate/Support/Facades/Facade::__callStatic()
#8 C:/Users/kuldeep/Desktop/New folder/sgcsm-laravel-project/vendor/laravel/framework/src/Illuminate/Routing/ControllerDispatcher.php(47): App/Http/Controllers/Admin/OurTeamController->edit()
#9 C:/Users/kuldeep/Desktop/New folder/sgcsm-laravel-project/vendor/laravel/framework/src/Illuminate/Routing/Route.php(266): Illuminate/Routing/ControllerDispatcher->dispatch()
#10 C:/Users/kuldeep/Desktop/New folder/sgcsm-laravel-project/vendor/laravel/framework/src/Illuminate/Routing/Route.php(212): Illuminate/Routing/Route->runController()
#11 C:/Users/kuldeep/Desktop/New folder/sgcsm-laravel-project/vendor/laravel/framework/src/Illuminate/Routing/Router.php(808): Illuminate/Routing/Route->run()
#12 C:/Users/kuldeep/Desktop/New folder/sgcsm-laravel-project/vendor/laravel/framework/src/Illuminate/Pipeline/Pipeline.php(170): Illuminate/Routing/Router->{closure:Illuminate/Routing/Router::runRouteWithinStack():807}()
#13 C:/Users/kuldeep/Desktop/New folder/sgcsm-laravel-project/app/Http/Middleware/RoleMiddleware.php(26): Illuminate/Pipeline/Pipeline->{closure:Illuminate/Pipeline/Pipeline::prepareDestination():168}()
#14 C:/Users/kuldeep/Desktop/New folder/sgcsm-laravel-project/vendor/laravel/framework/src/Illuminate/Pipeline/Pipeline.php(209): App/Http/Middleware/RoleMiddleware->handle()
#15 C:/Users/kuldeep/Desktop/New folder/sgcsm-laravel-project/vendor/laravel/framework/src/Illuminate/Auth/Middleware/EnsureEmailIsVerified.php(41): Illuminate/Pipeline/Pipeline->{closure:{closure:Illuminate/Pipeline/Pipeline::carry():184}:185}()
#16 C:/Users/kuldeep/Desktop/New folder/sgcsm-laravel-project/vendor/laravel/framework/src/Illuminate/Pipeline/Pipeline.php(209): Illuminate/Auth/Middleware/EnsureEmailIsVerified->handle()
#17 C:/Users/kuldeep/Desktop/New folder/sgcsm-laravel-project/vendor/laravel/framework/src/Illuminate/Http/Middleware/AddLinkHeadersForPreloadedAssets.php(20): Illuminate/Pipeline/Pipeline->{closure:{closure:Illuminate/Pipeline/Pipeline::carry():184}:185}()
#18 C:/Users/kuldeep/Desktop/New folder/sgcsm-laravel-project/vendor/laravel/framework/src/Illuminate/Pipeline/Pipeline.php(209): Illuminate/Http/Middleware/AddLinkHeadersForPreloadedAssets->handle()
#19 C:/Users/kuldeep/Desktop/New folder/sgcsm-laravel-project/vendor/inertiajs/inertia-laravel/src/Middleware.php(122): Illuminate/Pipeline/Pipeline->{closure:{closure:Illuminate/Pipeline/Pipeline::carry():184}:185}()
#20 C:/Users/kuldeep/Desktop/New folder/sgcsm-laravel-project/vendor/laravel/framework/src/Illuminate/Pipeline/Pipeline.php(209): Inertia/Middleware->handle()
#21 C:/Users/kuldeep/Desktop/New folder/sgcsm-laravel-project/vendor/laravel/framework/src/Illuminate/Routing/Middleware/SubstituteBindings.php(51): Illuminate/Pipeline/Pipeline->{closure:{closure:Illuminate/Pipeline/Pipeline::carry():184}:185}()
#22 C:/Users/kuldeep/Desktop/New folder/sgcsm-laravel-project/vendor/laravel/framework/src/Illuminate/Pipeline/Pipeline.php(209): Illuminate/Routing/Middleware/SubstituteBindings->handle()
#23 C:/Users/kuldeep/Desktop/New folder/sgcsm-laravel-project/vendor/laravel/framework/src/Illuminate/Auth/Middleware/Authenticate.php(64): Illuminate/Pipeline/Pipeline->{closure:{closure:Illuminate/Pipeline/Pipeline::carry():184}:185}()
#24 C:/Users/kuldeep/Desktop/New folder/sgcsm-laravel-project/vendor/laravel/framework/src/Illuminate/Pipeline/Pipeline.php(209): Illuminate/Auth/Middleware/Authenticate->handle()
#25 C:/Users/kuldeep/Desktop/New folder/sgcsm-laravel-project/vendor/laravel/framework/src/Illuminate/Foundation/Http/Middleware/VerifyCsrfToken.php(88): Illuminate/Pipeline/Pipeline->{closure:{closure:Illuminate/Pipeline/Pipeline::carry():184}:185}()
#26 C:/Users/kuldeep/Desktop/New folder/sgcsm-laravel-project/vendor/laravel/framework/src/Illuminate/Pipeline/Pipeline.php(209): Illuminate/Foundation/Http/Middleware/VerifyCsrfToken->handle()
#27 C:/Users/kuldeep/Desktop/New folder/sgcsm-laravel-project/vendor/laravel/framework/src/Illuminate/View/Middleware/ShareErrorsFromSession.php(49): Illuminate/Pipeline/Pipeline->{closure:{closure:Illuminate/Pipeline/Pipeline::carry():184}:185}()
#28 C:/Users/kuldeep/Desktop/New folder/sgcsm-laravel-project/vendor/laravel/framework/src/Illuminate/Pipeline/Pipeline.php(209): Illuminate/View/Middleware/ShareErrorsFromSession->handle()
#29 C:/Users/kuldeep/Desktop/New folder/sgcsm-laravel-project/vendor/laravel/framework/src/Illuminate/Session/Middleware/StartSession.php(121): Illuminate/Pipeline/Pipeline->{closure:{closure:Illuminate/Pipeline/Pipeline::carry():184}:185}()
#30 C:/Users/kuldeep/Desktop/New folder/sgcsm-laravel-project/vendor/laravel/framework/src/Illuminate/Session/Middleware/StartSession.php(64): Illuminate/Session/Middleware/StartSession->handleStatefulRequest()
#31 C:/Users/kuldeep/Desktop/New folder/sgcsm-laravel-project/vendor/laravel/framework/src/Illuminate/Pipeline/Pipeline.php(209): Illuminate/Session/Middleware/StartSession->handle()
#32 C:/Users/kuldeep/Desktop/New folder/sgcsm-laravel-project/vendor/laravel/framework/src/Illuminate/Cookie/Middleware/AddQueuedCookiesToResponse.php(37): Illuminate/Pipeline/Pipeline->{closure:{closure:Illuminate/Pipeline/Pipeline::carry():184}:185}()
#33 C:/Users/kuldeep/Desktop/New folder/sgcsm-laravel-project/vendor/laravel/framework/src/Illuminate/Pipeline/Pipeline.php(209): Illuminate/Cookie/Middleware/AddQueuedCookiesToResponse->handle()
#34 C:/Users/kuldeep/Desktop/New folder/sgcsm-laravel-project/vendor/laravel/framework/src/Illuminate/Cookie/Middleware/EncryptCookies.php(75): Illuminate/Pipeline/Pipeline->{closure:{closure:Illuminate/Pipeline/Pipeline::carry():184}:185}()
#35 C:/Users/kuldeep/Desktop/New folder/sgcsm-laravel-project/vendor/laravel/framework/src/Illuminate/Pipeline/Pipeline.php(209): Illuminate/Cookie/Middleware/EncryptCookies->handle()
#36 C:/Users/kuldeep/Desktop/New folder/sgcsm-laravel-project/vendor/laravel/framework/src/Illuminate/Pipeline/Pipeline.php(127): Illuminate/Pipeline/Pipeline->{closure:{closure:Illuminate/Pipeline/Pipeline::carry():184}:185}()
#37 C:/Users/kuldeep/Desktop/New folder/sgcsm-laravel-project/vendor/laravel/framework/src/Illuminate/Routing/Router.php(807): Illuminate/Pipeline/Pipeline->then()
#38 C:/Users/kuldeep/Desktop/New folder/sgcsm-laravel-project/vendor/laravel/framework/src/Illuminate/Routing/Router.php(786): Illuminate/Routing/Router->runRouteWithinStack()
#39 C:/Users/kuldeep/Desktop/New folder/sgcsm-laravel-project/vendor/laravel/framework/src/Illuminate/Routing/Router.php(750): Illuminate/Routing/Router->runRoute()
#40 C:/Users/kuldeep/Desktop/New folder/sgcsm-laravel-project/vendor/laravel/framework/src/Illuminate/Routing/Router.php(739): Illuminate/Routing/Router->dispatchToRoute()
#41 C:/Users/kuldeep/Desktop/New folder/sgcsm-laravel-project/vendor/laravel/framework/src/Illuminate/Foundation/Http/Kernel.php(201): Illuminate/Routing/Router->dispatch()
#42 C:/Users/kuldeep/Desktop/New folder/sgcsm-laravel-project/vendor/laravel/framework/src/Illuminate/Pipeline/Pipeline.php(170): Illuminate/Foundation/Http/Kernel->{closure:Illuminate/Foundation/Http/Kernel::dispatchToRouter():198}()
#43 C:/Users/kuldeep/Desktop/New folder/sgcsm-laravel-project/vendor/laravel/framework/src/Illuminate/Foundation/Http/Middleware/TransformsRequest.php(21): Illuminate/Pipeline/Pipeline->{closure:Illuminate/Pipeline/Pipeline::prepareDestination():168}()
#44 C:/Users/kuldeep/Desktop/New folder/sgcsm-laravel-project/vendor/laravel/framework/src/Illuminate/Foundation/Http/Middleware/ConvertEmptyStringsToNull.php(31): Illuminate/Foundation/Http/Middleware/TransformsRequest->handle()
#45 C:/Users/kuldeep/Desktop/New folder/sgcsm-laravel-project/vendor/laravel/framework/src/Illuminate/Pipeline/Pipeline.php(209): Illuminate/Foundation/Http/Middleware/ConvertEmptyStringsToNull->handle()
#46 C:/Users/kuldeep/Desktop/New folder/sgcsm-laravel-project/vendor/laravel/framework/src/Illuminate/Foundation/Http/Middleware/TransformsRequest.php(21): Illuminate/Pipeline/Pipeline->{closure:{closure:Illuminate/Pipeline/Pipeline::carry():184}:185}()
#47 C:/Users/kuldeep/Desktop/New folder/sgcsm-laravel-project/vendor/laravel/framework/src/Illuminate/Foundation/Http/Middleware/TrimStrings.php(51): Illuminate/Foundation/Http/Middleware/TransformsRequest->handle()
#48 C:/Users/kuldeep/Desktop/New folder/sgcsm-laravel-project/vendor/laravel/framework/src/Illuminate/Pipeline/Pipeline.php(209): Illuminate/Foundation/Http/Middleware/TrimStrings->handle()
#49 C:/Users/kuldeep/Desktop/New folder/sgcsm-laravel-project/vendor/laravel/framework/src/Illuminate/Http/Middleware/ValidatePostSize.php(27): Illuminate/Pipeline/Pipeline->{closure:{closure:Illuminate/Pipeline/Pipeline::carry():184}:185}()
#50 C:/Users/kuldeep/Desktop/New folder/sgcsm-laravel-project/vendor/laravel/framework/src/Illuminate/Pipeline/Pipeline.php(209): Illuminate/Http/Middleware/ValidatePostSize->handle()
#51 C:/Users/kuldeep/Desktop/New folder/sgcsm-laravel-project/vendor/laravel/framework/src/Illuminate/Foundation/Http/Middleware/PreventRequestsDuringMaintenance.php(110): Illuminate/Pipeline/Pipeline->{closure:{closure:Illuminate/Pipeline/Pipeline::carry():184}:185}()
#52 C:/Users/kuldeep/Desktop/New folder/sgcsm-laravel-project/vendor/laravel/framework/src/Illuminate/Pipeline/Pipeline.php(209): Illuminate/Foundation/Http/Middleware/PreventRequestsDuringMaintenance->handle()
#53 C:/Users/kuldeep/Desktop/New folder/sgcsm-laravel-project/vendor/laravel/framework/src/Illuminate/Http/Middleware/HandleCors.php(49): Illuminate/Pipeline/Pipeline->{closure:{closure:Illuminate/Pipeline/Pipeline::carry():184}:185}()
#54 C:/Users/kuldeep/Desktop/New folder/sgcsm-laravel-project/vendor/laravel/framework/src/Illuminate/Pipeline/Pipeline.php(209): Illuminate/Http/Middleware/HandleCors->handle()
#55 C:/Users/kuldeep/Desktop/New folder/sgcsm-laravel-project/vendor/laravel/framework/src/Illuminate/Http/Middleware/TrustProxies.php(58): Illuminate/Pipeline/Pipeline->{closure:{closure:Illuminate/Pipeline/Pipeline::carry():184}:185}()
#56 C:/Users/kuldeep/Desktop/New folder/sgcsm-laravel-project/vendor/laravel/framework/src/Illuminate/Pipeline/Pipeline.php(209): Illuminate/Http/Middleware/TrustProxies->handle()
#57 C:/Users/kuldeep/Desktop/New folder/sgcsm-laravel-project/vendor/laravel/framework/src/Illuminate/Foundation/Http/Middleware/InvokeDeferredCallbacks.php(22): Illuminate/Pipeline/Pipeline->{closure:{closure:Illuminate/Pipeline/Pipeline::carry():184}:185}()
#58 C:/Users/kuldeep/Desktop/New folder/sgcsm-laravel-project/vendor/laravel/framework/src/Illuminate/Pipeline/Pipeline.php(209): Illuminate/Foundation/Http/Middleware/InvokeDeferredCallbacks->handle()
#59 C:/Users/kuldeep/Desktop/New folder/sgcsm-laravel-project/vendor/laravel/framework/src/Illuminate/Pipeline/Pipeline.php(127): Illuminate/Pipeline/Pipeline->{closure:{closure:Illuminate/Pipeline/Pipeline::carry():184}:185}()
#60 C:/Users/kuldeep/Desktop/New folder/sgcsm-laravel-project/vendor/laravel/framework/src/Illuminate/Foundation/Http/Kernel.php(176): Illuminate/Pipeline/Pipeline->then()
#61 C:/Users/kuldeep/Desktop/New folder/sgcsm-laravel-project/vendor/laravel/framework/src/Illuminate/Foundation/Http/Kernel.php(145): Illuminate/Foundation/Http/Kernel->sendRequestThroughRouter()
#62 C:/Users/kuldeep/Desktop/New folder/sgcsm-laravel-project/vendor/laravel/framework/src/Illuminate/Foundation/Application.php(1220): Illuminate/Foundation/Http/Kernel->handle()
#63 C:/Users/kuldeep/Desktop/New folder/sgcsm-laravel-project/public/index.php(17): Illuminate/Foundation/Application->handleRequest()
#64 C:/Users/kuldeep/Desktop/New folder/sgcsm-laravel-project/vendor/laravel/framework/src/Illuminate/Foundation/resources/server.php(23): require_once('...')
#65 {main}
"} 
[2026-04-28 07:33:05] local.ERROR: Too few arguments to function App\Policies\OurTeamPolicy::update(), 1 passed in C:\Users\kuldeep\Desktop\New folder\sgcsm-laravel-project\vendor\laravel\framework\src\Illuminate\Auth\Access\Gate.php on line 816 and exactly 2 expected {"userId":1,"exception":"[object] (ArgumentCountError(code: 0): Too few arguments to function App\\Policies\\OurTeamPolicy::update(), 1 passed in C:\\Users\\kuldeep\\Desktop\\New folder\\sgcsm-laravel-project\\vendor\\laravel\\framework\\src\\Illuminate\\Auth\\Access\\Gate.php on line 816 and exactly 2 expected at C:/Users/kuldeep/Desktop/New folder/sgcsm-laravel-project/app/Policies/OurTeamPolicy.php:38)
[stacktrace]
#0 C:/Users/kuldeep/Desktop/New folder/sgcsm-laravel-project/vendor/laravel/framework/src/Illuminate/Auth/Access/Gate.php(816): App/Policies/OurTeamPolicy->update()
#1 C:/Users/kuldeep/Desktop/New folder/sgcsm-laravel-project/vendor/laravel/framework/src/Illuminate/Auth/Access/Gate.php(769): Illuminate/Auth/Access/Gate->callPolicyMethod()
#2 C:/Users/kuldeep/Desktop/New folder/sgcsm-laravel-project/vendor/laravel/framework/src/Illuminate/Auth/Access/Gate.php(553): Illuminate/Auth/Access/Gate->{closure:Illuminate/Auth/Access/Gate::resolvePolicyCallback():752}()
#3 C:/Users/kuldeep/Desktop/New folder/sgcsm-laravel-project/vendor/laravel/framework/src/Illuminate/Auth/Access/Gate.php(448): Illuminate/Auth/Access/Gate->callAuthCallback()
#4 C:/Users/kuldeep/Desktop/New folder/sgcsm-laravel-project/vendor/laravel/framework/src/Illuminate/Auth/Access/Gate.php(411): Illuminate/Auth/Access/Gate->raw()
#5 C:/Users/kuldeep/Desktop/New folder/sgcsm-laravel-project/vendor/laravel/framework/src/Illuminate/Auth/Access/Gate.php(398): Illuminate/Auth/Access/Gate->inspect()
#6 C:/Users/kuldeep/Desktop/New folder/sgcsm-laravel-project/vendor/laravel/framework/src/Illuminate/Support/Facades/Facade.php(361): Illuminate/Auth/Access/Gate->authorize()
#7 C:/Users/kuldeep/Desktop/New folder/sgcsm-laravel-project/app/Http/Controllers/Admin/OurTeamController.php(78): Illuminate/Support/Facades/Facade::__callStatic()
#8 C:/Users/kuldeep/Desktop/New folder/sgcsm-laravel-project/vendor/laravel/framework/src/Illuminate/Routing/ControllerDispatcher.php(47): App/Http/Controllers/Admin/OurTeamController->update()
#9 C:/Users/kuldeep/Desktop/New folder/sgcsm-laravel-project/vendor/laravel/framework/src/Illuminate/Routing/Route.php(266): Illuminate/Routing/ControllerDispatcher->dispatch()
#10 C:/Users/kuldeep/Desktop/New folder/sgcsm-laravel-project/vendor/laravel/framework/src/Illuminate/Routing/Route.php(212): Illuminate/Routing/Route->runController()
#11 C:/Users/kuldeep/Desktop/New folder/sgcsm-laravel-project/vendor/laravel/framework/src/Illuminate/Routing/Router.php(808): Illuminate/Routing/Route->run()
#12 C:/Users/kuldeep/Desktop/New folder/sgcsm-laravel-project/vendor/laravel/framework/src/Illuminate/Pipeline/Pipeline.php(170): Illuminate/Routing/Router->{closure:Illuminate/Routing/Router::runRouteWithinStack():807}()
#13 C:/Users/kuldeep/Desktop/New folder/sgcsm-laravel-project/app/Http/Middleware/RoleMiddleware.php(26): Illuminate/Pipeline/Pipeline->{closure:Illuminate/Pipeline/Pipeline::prepareDestination():168}()
#14 C:/Users/kuldeep/Desktop/New folder/sgcsm-laravel-project/vendor/laravel/framework/src/Illuminate/Pipeline/Pipeline.php(209): App/Http/Middleware/RoleMiddleware->handle()
#15 C:/Users/kuldeep/Desktop/New folder/sgcsm-laravel-project/vendor/laravel/framework/src/Illuminate/Auth/Middleware/EnsureEmailIsVerified.php(41): Illuminate/Pipeline/Pipeline->{closure:{closure:Illuminate/Pipeline/Pipeline::carry():184}:185}()
#16 C:/Users/kuldeep/Desktop/New folder/sgcsm-laravel-project/vendor/laravel/framework/src/Illuminate/Pipeline/Pipeline.php(209): Illuminate/Auth/Middleware/EnsureEmailIsVerified->handle()
#17 C:/Users/kuldeep/Desktop/New folder/sgcsm-laravel-project/vendor/laravel/framework/src/Illuminate/Http/Middleware/AddLinkHeadersForPreloadedAssets.php(20): Illuminate/Pipeline/Pipeline->{closure:{closure:Illuminate/Pipeline/Pipeline::carry():184}:185}()
#18 C:/Users/kuldeep/Desktop/New folder/sgcsm-laravel-project/vendor/laravel/framework/src/Illuminate/Pipeline/Pipeline.php(209): Illuminate/Http/Middleware/AddLinkHeadersForPreloadedAssets->handle()
#19 C:/Users/kuldeep/Desktop/New folder/sgcsm-laravel-project/vendor/inertiajs/inertia-laravel/src/Middleware.php(122): Illuminate/Pipeline/Pipeline->{closure:{closure:Illuminate/Pipeline/Pipeline::carry():184}:185}()
#20 C:/Users/kuldeep/Desktop/New folder/sgcsm-laravel-project/vendor/laravel/framework/src/Illuminate/Pipeline/Pipeline.php(209): Inertia/Middleware->handle()
#21 C:/Users/kuldeep/Desktop/New folder/sgcsm-laravel-project/vendor/laravel/framework/src/Illuminate/Routing/Middleware/SubstituteBindings.php(51): Illuminate/Pipeline/Pipeline->{closure:{closure:Illuminate/Pipeline/Pipeline::carry():184}:185}()
#22 C:/Users/kuldeep/Desktop/New folder/sgcsm-laravel-project/vendor/laravel/framework/src/Illuminate/Pipeline/Pipeline.php(209): Illuminate/Routing/Middleware/SubstituteBindings->handle()
#23 C:/Users/kuldeep/Desktop/New folder/sgcsm-laravel-project/vendor/laravel/framework/src/Illuminate/Auth/Middleware/Authenticate.php(64): Illuminate/Pipeline/Pipeline->{closure:{closure:Illuminate/Pipeline/Pipeline::carry():184}:185}()
#24 C:/Users/kuldeep/Desktop/New folder/sgcsm-laravel-project/vendor/laravel/framework/src/Illuminate/Pipeline/Pipeline.php(209): Illuminate/Auth/Middleware/Authenticate->handle()
#25 C:/Users/kuldeep/Desktop/New folder/sgcsm-laravel-project/vendor/laravel/framework/src/Illuminate/Foundation/Http/Middleware/VerifyCsrfToken.php(88): Illuminate/Pipeline/Pipeline->{closure:{closure:Illuminate/Pipeline/Pipeline::carry():184}:185}()
#26 C:/Users/kuldeep/Desktop/New folder/sgcsm-laravel-project/vendor/laravel/framework/src/Illuminate/Pipeline/Pipeline.php(209): Illuminate/Foundation/Http/Middleware/VerifyCsrfToken->handle()
#27 C:/Users/kuldeep/Desktop/New folder/sgcsm-laravel-project/vendor/laravel/framework/src/Illuminate/View/Middleware/ShareErrorsFromSession.php(49): Illuminate/Pipeline/Pipeline->{closure:{closure:Illuminate/Pipeline/Pipeline::carry():184}:185}()
#28 C:/Users/kuldeep/Desktop/New folder/sgcsm-laravel-project/vendor/laravel/framework/src/Illuminate/Pipeline/Pipeline.php(209): Illuminate/View/Middleware/ShareErrorsFromSession->handle()
#29 C:/Users/kuldeep/Desktop/New folder/sgcsm-laravel-project/vendor/laravel/framework/src/Illuminate/Session/Middleware/StartSession.php(121): Illuminate/Pipeline/Pipeline->{closure:{closure:Illuminate/Pipeline/Pipeline::carry():184}:185}()
#30 C:/Users/kuldeep/Desktop/New folder/sgcsm-laravel-project/vendor/laravel/framework/src/Illuminate/Session/Middleware/StartSession.php(64): Illuminate/Session/Middleware/StartSession->handleStatefulRequest()
#31 C:/Users/kuldeep/Desktop/New folder/sgcsm-laravel-project/vendor/laravel/framework/src/Illuminate/Pipeline/Pipeline.php(209): Illuminate/Session/Middleware/StartSession->handle()
#32 C:/Users/kuldeep/Desktop/New folder/sgcsm-laravel-project/vendor/laravel/framework/src/Illuminate/Cookie/Middleware/AddQueuedCookiesToResponse.php(37): Illuminate/Pipeline/Pipeline->{closure:{closure:Illuminate/Pipeline/Pipeline::carry():184}:185}()
#33 C:/Users/kuldeep/Desktop/New folder/sgcsm-laravel-project/vendor/laravel/framework/src/Illuminate/Pipeline/Pipeline.php(209): Illuminate/Cookie/Middleware/AddQueuedCookiesToResponse->handle()
#34 C:/Users/kuldeep/Desktop/New folder/sgcsm-laravel-project/vendor/laravel/framework/src/Illuminate/Cookie/Middleware/EncryptCookies.php(75): Illuminate/Pipeline/Pipeline->{closure:{closure:Illuminate/Pipeline/Pipeline::carry():184}:185}()
#35 C:/Users/kuldeep/Desktop/New folder/sgcsm-laravel-project/vendor/laravel/framework/src/Illuminate/Pipeline/Pipeline.php(209): Illuminate/Cookie/Middleware/EncryptCookies->handle()
#36 C:/Users/kuldeep/Desktop/New folder/sgcsm-laravel-project/vendor/laravel/framework/src/Illuminate/Pipeline/Pipeline.php(127): Illuminate/Pipeline/Pipeline->{closure:{closure:Illuminate/Pipeline/Pipeline::carry():184}:185}()
#37 C:/Users/kuldeep/Desktop/New folder/sgcsm-laravel-project/vendor/laravel/framework/src/Illuminate/Routing/Router.php(807): Illuminate/Pipeline/Pipeline->then()
#38 C:/Users/kuldeep/Desktop/New folder/sgcsm-laravel-project/vendor/laravel/framework/src/Illuminate/Routing/Router.php(786): Illuminate/Routing/Router->runRouteWithinStack()
#39 C:/Users/kuldeep/Desktop/New folder/sgcsm-laravel-project/vendor/laravel/framework/src/Illuminate/Routing/Router.php(750): Illuminate/Routing/Router->runRoute()
#40 C:/Users/kuldeep/Desktop/New folder/sgcsm-laravel-project/vendor/laravel/framework/src/Illuminate/Routing/Router.php(739): Illuminate/Routing/Router->dispatchToRoute()
#41 C:/Users/kuldeep/Desktop/New folder/sgcsm-laravel-project/vendor/laravel/framework/src/Illuminate/Foundation/Http/Kernel.php(201): Illuminate/Routing/Router->dispatch()
#42 C:/Users/kuldeep/Desktop/New folder/sgcsm-laravel-project/vendor/laravel/framework/src/Illuminate/Pipeline/Pipeline.php(170): Illuminate/Foundation/Http/Kernel->{closure:Illuminate/Foundation/Http/Kernel::dispatchToRouter():198}()
#43 C:/Users/kuldeep/Desktop/New folder/sgcsm-laravel-project/vendor/laravel/framework/src/Illuminate/Foundation/Http/Middleware/TransformsRequest.php(21): Illuminate/Pipeline/Pipeline->{closure:Illuminate/Pipeline/Pipeline::prepareDestination():168}()
#44 C:/Users/kuldeep/Desktop/New folder/sgcsm-laravel-project/vendor/laravel/framework/src/Illuminate/Foundation/Http/Middleware/ConvertEmptyStringsToNull.php(31): Illuminate/Foundation/Http/Middleware/TransformsRequest->handle()
#45 C:/Users/kuldeep/Desktop/New folder/sgcsm-laravel-project/vendor/laravel/framework/src/Illuminate/Pipeline/Pipeline.php(209): Illuminate/Foundation/Http/Middleware/ConvertEmptyStringsToNull->handle()
#46 C:/Users/kuldeep/Desktop/New folder/sgcsm-laravel-project/vendor/laravel/framework/src/Illuminate/Foundation/Http/Middleware/TransformsRequest.php(21): Illuminate/Pipeline/Pipeline->{closure:{closure:Illuminate/Pipeline/Pipeline::carry():184}:185}()
#47 C:/Users/kuldeep/Desktop/New folder/sgcsm-laravel-project/vendor/laravel/framework/src/Illuminate/Foundation/Http/Middleware/TrimStrings.php(51): Illuminate/Foundation/Http/Middleware/TransformsRequest->handle()
#48 C:/Users/kuldeep/Desktop/New folder/sgcsm-laravel-project/vendor/laravel/framework/src/Illuminate/Pipeline/Pipeline.php(209): Illuminate/Foundation/Http/Middleware/TrimStrings->handle()
#49 C:/Users/kuldeep/Desktop/New folder/sgcsm-laravel-project/vendor/laravel/framework/src/Illuminate/Http/Middleware/ValidatePostSize.php(27): Illuminate/Pipeline/Pipeline->{closure:{closure:Illuminate/Pipeline/Pipeline::carry():184}:185}()
#50 C:/Users/kuldeep/Desktop/New folder/sgcsm-laravel-project/vendor/laravel/framework/src/Illuminate/Pipeline/Pipeline.php(209): Illuminate/Http/Middleware/ValidatePostSize->handle()
#51 C:/Users/kuldeep/Desktop/New folder/sgcsm-laravel-project/vendor/laravel/framework/src/Illuminate/Foundation/Http/Middleware/PreventRequestsDuringMaintenance.php(110): Illuminate/Pipeline/Pipeline->{closure:{closure:Illuminate/Pipeline/Pipeline::carry():184}:185}()
#52 C:/Users/kuldeep/Desktop/New folder/sgcsm-laravel-project/vendor/laravel/framework/src/Illuminate/Pipeline/Pipeline.php(209): Illuminate/Foundation/Http/Middleware/PreventRequestsDuringMaintenance->handle()
#53 C:/Users/kuldeep/Desktop/New folder/sgcsm-laravel-project/vendor/laravel/framework/src/Illuminate/Http/Middleware/HandleCors.php(49): Illuminate/Pipeline/Pipeline->{closure:{closure:Illuminate/Pipeline/Pipeline::carry():184}:185}()
#54 C:/Users/kuldeep/Desktop/New folder/sgcsm-laravel-project/vendor/laravel/framework/src/Illuminate/Pipeline/Pipeline.php(209): Illuminate/Http/Middleware/HandleCors->handle()
#55 C:/Users/kuldeep/Desktop/New folder/sgcsm-laravel-project/vendor/laravel/framework/src/Illuminate/Http/Middleware/TrustProxies.php(58): Illuminate/Pipeline/Pipeline->{closure:{closure:Illuminate/Pipeline/Pipeline::carry():184}:185}()
#56 C:/Users/kuldeep/Desktop/New folder/sgcsm-laravel-project/vendor/laravel/framework/src/Illuminate/Pipeline/Pipeline.php(209): Illuminate/Http/Middleware/TrustProxies->handle()
#57 C:/Users/kuldeep/Desktop/New folder/sgcsm-laravel-project/vendor/laravel/framework/src/Illuminate/Foundation/Http/Middleware/InvokeDeferredCallbacks.php(22): Illuminate/Pipeline/Pipeline->{closure:{closure:Illuminate/Pipeline/Pipeline::carry():184}:185}()
#58 C:/Users/kuldeep/Desktop/New folder/sgcsm-laravel-project/vendor/laravel/framework/src/Illuminate/Pipeline/Pipeline.php(209): Illuminate/Foundation/Http/Middleware/InvokeDeferredCallbacks->handle()
#59 C:/Users/kuldeep/Desktop/New folder/sgcsm-laravel-project/vendor/laravel/framework/src/Illuminate/Pipeline/Pipeline.php(127): Illuminate/Pipeline/Pipeline->{closure:{closure:Illuminate/Pipeline/Pipeline::carry():184}:185}()
#60 C:/Users/kuldeep/Desktop/New folder/sgcsm-laravel-project/vendor/laravel/framework/src/Illuminate/Foundation/Http/Kernel.php(176): Illuminate/Pipeline/Pipeline->then()
#61 C:/Users/kuldeep/Desktop/New folder/sgcsm-laravel-project/vendor/laravel/framework/src/Illuminate/Foundation/Http/Kernel.php(145): Illuminate/Foundation/Http/Kernel->sendRequestThroughRouter()
#62 C:/Users/kuldeep/Desktop/New folder/sgcsm-laravel-project/vendor/laravel/framework/src/Illuminate/Foundation/Application.php(1220): Illuminate/Foundation/Http/Kernel->handle()
#63 C:/Users/kuldeep/Desktop/New folder/sgcsm-laravel-project/public/index.php(17): Illuminate/Foundation/Application->handleRequest()
#64 C:/Users/kuldeep/Desktop/New folder/sgcsm-laravel-project/vendor/laravel/framework/src/Illuminate/Foundation/resources/server.php(23): require_once('...')
#65 {main}
"} 
[2026-04-28 07:34:25] local.ERROR: Too few arguments to function App\Policies\OurTeamPolicy::update(), 1 passed in C:\Users\kuldeep\Desktop\New folder\sgcsm-laravel-project\vendor\laravel\framework\src\Illuminate\Auth\Access\Gate.php on line 816 and exactly 2 expected {"userId":1,"exception":"[object] (ArgumentCountError(code: 0): Too few arguments to function App\\Policies\\OurTeamPolicy::update(), 1 passed in C:\\Users\\kuldeep\\Desktop\\New folder\\sgcsm-laravel-project\\vendor\\laravel\\framework\\src\\Illuminate\\Auth\\Access\\Gate.php on line 816 and exactly 2 expected at C:/Users/kuldeep/Desktop/New folder/sgcsm-laravel-project/app/Policies/OurTeamPolicy.php:38)
[stacktrace]
#0 C:/Users/kuldeep/Desktop/New folder/sgcsm-laravel-project/vendor/laravel/framework/src/Illuminate/Auth/Access/Gate.php(816): App/Policies/OurTeamPolicy->update()
#1 C:/Users/kuldeep/Desktop/New folder/sgcsm-laravel-project/vendor/laravel/framework/src/Illuminate/Auth/Access/Gate.php(769): Illuminate/Auth/Access/Gate->callPolicyMethod()
#2 C:/Users/kuldeep/Desktop/New folder/sgcsm-laravel-project/vendor/laravel/framework/src/Illuminate/Auth/Access/Gate.php(553): Illuminate/Auth/Access/Gate->{closure:Illuminate/Auth/Access/Gate::resolvePolicyCallback():752}()
#3 C:/Users/kuldeep/Desktop/New folder/sgcsm-laravel-project/vendor/laravel/framework/src/Illuminate/Auth/Access/Gate.php(448): Illuminate/Auth/Access/Gate->callAuthCallback()
#4 C:/Users/kuldeep/Desktop/New folder/sgcsm-laravel-project/vendor/laravel/framework/src/Illuminate/Auth/Access/Gate.php(411): Illuminate/Auth/Access/Gate->raw()
#5 C:/Users/kuldeep/Desktop/New folder/sgcsm-laravel-project/vendor/laravel/framework/src/Illuminate/Auth/Access/Gate.php(398): Illuminate/Auth/Access/Gate->inspect()
#6 C:/Users/kuldeep/Desktop/New folder/sgcsm-laravel-project/vendor/laravel/framework/src/Illuminate/Support/Facades/Facade.php(361): Illuminate/Auth/Access/Gate->authorize()
#7 C:/Users/kuldeep/Desktop/New folder/sgcsm-laravel-project/app/Http/Controllers/Admin/OurTeamController.php(78): Illuminate/Support/Facades/Facade::__callStatic()
#8 C:/Users/kuldeep/Desktop/New folder/sgcsm-laravel-project/vendor/laravel/framework/src/Illuminate/Routing/ControllerDispatcher.php(47): App/Http/Controllers/Admin/OurTeamController->update()
#9 C:/Users/kuldeep/Desktop/New folder/sgcsm-laravel-project/vendor/laravel/framework/src/Illuminate/Routing/Route.php(266): Illuminate/Routing/ControllerDispatcher->dispatch()
#10 C:/Users/kuldeep/Desktop/New folder/sgcsm-laravel-project/vendor/laravel/framework/src/Illuminate/Routing/Route.php(212): Illuminate/Routing/Route->runController()
#11 C:/Users/kuldeep/Desktop/New folder/sgcsm-laravel-project/vendor/laravel/framework/src/Illuminate/Routing/Router.php(808): Illuminate/Routing/Route->run()
#12 C:/Users/kuldeep/Desktop/New folder/sgcsm-laravel-project/vendor/laravel/framework/src/Illuminate/Pipeline/Pipeline.php(170): Illuminate/Routing/Router->{closure:Illuminate/Routing/Router::runRouteWithinStack():807}()
#13 C:/Users/kuldeep/Desktop/New folder/sgcsm-laravel-project/app/Http/Middleware/RoleMiddleware.php(26): Illuminate/Pipeline/Pipeline->{closure:Illuminate/Pipeline/Pipeline::prepareDestination():168}()
#14 C:/Users/kuldeep/Desktop/New folder/sgcsm-laravel-project/vendor/laravel/framework/src/Illuminate/Pipeline/Pipeline.php(209): App/Http/Middleware/RoleMiddleware->handle()
#15 C:/Users/kuldeep/Desktop/New folder/sgcsm-laravel-project/vendor/laravel/framework/src/Illuminate/Auth/Middleware/EnsureEmailIsVerified.php(41): Illuminate/Pipeline/Pipeline->{closure:{closure:Illuminate/Pipeline/Pipeline::carry():184}:185}()
#16 C:/Users/kuldeep/Desktop/New folder/sgcsm-laravel-project/vendor/laravel/framework/src/Illuminate/Pipeline/Pipeline.php(209): Illuminate/Auth/Middleware/EnsureEmailIsVerified->handle()
#17 C:/Users/kuldeep/Desktop/New folder/sgcsm-laravel-project/vendor/laravel/framework/src/Illuminate/Http/Middleware/AddLinkHeadersForPreloadedAssets.php(20): Illuminate/Pipeline/Pipeline->{closure:{closure:Illuminate/Pipeline/Pipeline::carry():184}:185}()
#18 C:/Users/kuldeep/Desktop/New folder/sgcsm-laravel-project/vendor/laravel/framework/src/Illuminate/Pipeline/Pipeline.php(209): Illuminate/Http/Middleware/AddLinkHeadersForPreloadedAssets->handle()
#19 C:/Users/kuldeep/Desktop/New folder/sgcsm-laravel-project/vendor/inertiajs/inertia-laravel/src/Middleware.php(122): Illuminate/Pipeline/Pipeline->{closure:{closure:Illuminate/Pipeline/Pipeline::carry():184}:185}()
#20 C:/Users/kuldeep/Desktop/New folder/sgcsm-laravel-project/vendor/laravel/framework/src/Illuminate/Pipeline/Pipeline.php(209): Inertia/Middleware->handle()
#21 C:/Users/kuldeep/Desktop/New folder/sgcsm-laravel-project/vendor/laravel/framework/src/Illuminate/Routing/Middleware/SubstituteBindings.php(51): Illuminate/Pipeline/Pipeline->{closure:{closure:Illuminate/Pipeline/Pipeline::carry():184}:185}()
#22 C:/Users/kuldeep/Desktop/New folder/sgcsm-laravel-project/vendor/laravel/framework/src/Illuminate/Pipeline/Pipeline.php(209): Illuminate/Routing/Middleware/SubstituteBindings->handle()
#23 C:/Users/kuldeep/Desktop/New folder/sgcsm-laravel-project/vendor/laravel/framework/src/Illuminate/Auth/Middleware/Authenticate.php(64): Illuminate/Pipeline/Pipeline->{closure:{closure:Illuminate/Pipeline/Pipeline::carry():184}:185}()
#24 C:/Users/kuldeep/Desktop/New folder/sgcsm-laravel-project/vendor/laravel/framework/src/Illuminate/Pipeline/Pipeline.php(209): Illuminate/Auth/Middleware/Authenticate->handle()
#25 C:/Users/kuldeep/Desktop/New folder/sgcsm-laravel-project/vendor/laravel/framework/src/Illuminate/Foundation/Http/Middleware/VerifyCsrfToken.php(88): Illuminate/Pipeline/Pipeline->{closure:{closure:Illuminate/Pipeline/Pipeline::carry():184}:185}()
#26 C:/Users/kuldeep/Desktop/New folder/sgcsm-laravel-project/vendor/laravel/framework/src/Illuminate/Pipeline/Pipeline.php(209): Illuminate/Foundation/Http/Middleware/VerifyCsrfToken->handle()
#27 C:/Users/kuldeep/Desktop/New folder/sgcsm-laravel-project/vendor/laravel/framework/src/Illuminate/View/Middleware/ShareErrorsFromSession.php(49): Illuminate/Pipeline/Pipeline->{closure:{closure:Illuminate/Pipeline/Pipeline::carry():184}:185}()
#28 C:/Users/kuldeep/Desktop/New folder/sgcsm-laravel-project/vendor/laravel/framework/src/Illuminate/Pipeline/Pipeline.php(209): Illuminate/View/Middleware/ShareErrorsFromSession->handle()
#29 C:/Users/kuldeep/Desktop/New folder/sgcsm-laravel-project/vendor/laravel/framework/src/Illuminate/Session/Middleware/StartSession.php(121): Illuminate/Pipeline/Pipeline->{closure:{closure:Illuminate/Pipeline/Pipeline::carry():184}:185}()
#30 C:/Users/kuldeep/Desktop/New folder/sgcsm-laravel-project/vendor/laravel/framework/src/Illuminate/Session/Middleware/StartSession.php(64): Illuminate/Session/Middleware/StartSession->handleStatefulRequest()
#31 C:/Users/kuldeep/Desktop/New folder/sgcsm-laravel-project/vendor/laravel/framework/src/Illuminate/Pipeline/Pipeline.php(209): Illuminate/Session/Middleware/StartSession->handle()
#32 C:/Users/kuldeep/Desktop/New folder/sgcsm-laravel-project/vendor/laravel/framework/src/Illuminate/Cookie/Middleware/AddQueuedCookiesToResponse.php(37): Illuminate/Pipeline/Pipeline->{closure:{closure:Illuminate/Pipeline/Pipeline::carry():184}:185}()
#33 C:/Users/kuldeep/Desktop/New folder/sgcsm-laravel-project/vendor/laravel/framework/src/Illuminate/Pipeline/Pipeline.php(209): Illuminate/Cookie/Middleware/AddQueuedCookiesToResponse->handle()
#34 C:/Users/kuldeep/Desktop/New folder/sgcsm-laravel-project/vendor/laravel/framework/src/Illuminate/Cookie/Middleware/EncryptCookies.php(75): Illuminate/Pipeline/Pipeline->{closure:{closure:Illuminate/Pipeline/Pipeline::carry():184}:185}()
#35 C:/Users/kuldeep/Desktop/New folder/sgcsm-laravel-project/vendor/laravel/framework/src/Illuminate/Pipeline/Pipeline.php(209): Illuminate/Cookie/Middleware/EncryptCookies->handle()
#36 C:/Users/kuldeep/Desktop/New folder/sgcsm-laravel-project/vendor/laravel/framework/src/Illuminate/Pipeline/Pipeline.php(127): Illuminate/Pipeline/Pipeline->{closure:{closure:Illuminate/Pipeline/Pipeline::carry():184}:185}()
#37 C:/Users/kuldeep/Desktop/New folder/sgcsm-laravel-project/vendor/laravel/framework/src/Illuminate/Routing/Router.php(807): Illuminate/Pipeline/Pipeline->then()
#38 C:/Users/kuldeep/Desktop/New folder/sgcsm-laravel-project/vendor/laravel/framework/src/Illuminate/Routing/Router.php(786): Illuminate/Routing/Router->runRouteWithinStack()
#39 C:/Users/kuldeep/Desktop/New folder/sgcsm-laravel-project/vendor/laravel/framework/src/Illuminate/Routing/Router.php(750): Illuminate/Routing/Router->runRoute()
#40 C:/Users/kuldeep/Desktop/New folder/sgcsm-laravel-project/vendor/laravel/framework/src/Illuminate/Routing/Router.php(739): Illuminate/Routing/Router->dispatchToRoute()
#41 C:/Users/kuldeep/Desktop/New folder/sgcsm-laravel-project/vendor/laravel/framework/src/Illuminate/Foundation/Http/Kernel.php(201): Illuminate/Routing/Router->dispatch()
#42 C:/Users/kuldeep/Desktop/New folder/sgcsm-laravel-project/vendor/laravel/framework/src/Illuminate/Pipeline/Pipeline.php(170): Illuminate/Foundation/Http/Kernel->{closure:Illuminate/Foundation/Http/Kernel::dispatchToRouter():198}()
#43 C:/Users/kuldeep/Desktop/New folder/sgcsm-laravel-project/vendor/laravel/framework/src/Illuminate/Foundation/Http/Middleware/TransformsRequest.php(21): Illuminate/Pipeline/Pipeline->{closure:Illuminate/Pipeline/Pipeline::prepareDestination():168}()
#44 C:/Users/kuldeep/Desktop/New folder/sgcsm-laravel-project/vendor/laravel/framework/src/Illuminate/Foundation/Http/Middleware/ConvertEmptyStringsToNull.php(31): Illuminate/Foundation/Http/Middleware/TransformsRequest->handle()
#45 C:/Users/kuldeep/Desktop/New folder/sgcsm-laravel-project/vendor/laravel/framework/src/Illuminate/Pipeline/Pipeline.php(209): Illuminate/Foundation/Http/Middleware/ConvertEmptyStringsToNull->handle()
#46 C:/Users/kuldeep/Desktop/New folder/sgcsm-laravel-project/vendor/laravel/framework/src/Illuminate/Foundation/Http/Middleware/TransformsRequest.php(21): Illuminate/Pipeline/Pipeline->{closure:{closure:Illuminate/Pipeline/Pipeline::carry():184}:185}()
#47 C:/Users/kuldeep/Desktop/New folder/sgcsm-laravel-project/vendor/laravel/framework/src/Illuminate/Foundation/Http/Middleware/TrimStrings.php(51): Illuminate/Foundation/Http/Middleware/TransformsRequest->handle()
#48 C:/Users/kuldeep/Desktop/New folder/sgcsm-laravel-project/vendor/laravel/framework/src/Illuminate/Pipeline/Pipeline.php(209): Illuminate/Foundation/Http/Middleware/TrimStrings->handle()
#49 C:/Users/kuldeep/Desktop/New folder/sgcsm-laravel-project/vendor/laravel/framework/src/Illuminate/Http/Middleware/ValidatePostSize.php(27): Illuminate/Pipeline/Pipeline->{closure:{closure:Illuminate/Pipeline/Pipeline::carry():184}:185}()
#50 C:/Users/kuldeep/Desktop/New folder/sgcsm-laravel-project/vendor/laravel/framework/src/Illuminate/Pipeline/Pipeline.php(209): Illuminate/Http/Middleware/ValidatePostSize->handle()
#51 C:/Users/kuldeep/Desktop/New folder/sgcsm-laravel-project/vendor/laravel/framework/src/Illuminate/Foundation/Http/Middleware/PreventRequestsDuringMaintenance.php(110): Illuminate/Pipeline/Pipeline->{closure:{closure:Illuminate/Pipeline/Pipeline::carry():184}:185}()
#52 C:/Users/kuldeep/Desktop/New folder/sgcsm-laravel-project/vendor/laravel/framework/src/Illuminate/Pipeline/Pipeline.php(209): Illuminate/Foundation/Http/Middleware/PreventRequestsDuringMaintenance->handle()
#53 C:/Users/kuldeep/Desktop/New folder/sgcsm-laravel-project/vendor/laravel/framework/src/Illuminate/Http/Middleware/HandleCors.php(49): Illuminate/Pipeline/Pipeline->{closure:{closure:Illuminate/Pipeline/Pipeline::carry():184}:185}()
#54 C:/Users/kuldeep/Desktop/New folder/sgcsm-laravel-project/vendor/laravel/framework/src/Illuminate/Pipeline/Pipeline.php(209): Illuminate/Http/Middleware/HandleCors->handle()
#55 C:/Users/kuldeep/Desktop/New folder/sgcsm-laravel-project/vendor/laravel/framework/src/Illuminate/Http/Middleware/TrustProxies.php(58): Illuminate/Pipeline/Pipeline->{closure:{closure:Illuminate/Pipeline/Pipeline::carry():184}:185}()
#56 C:/Users/kuldeep/Desktop/New folder/sgcsm-laravel-project/vendor/laravel/framework/src/Illuminate/Pipeline/Pipeline.php(209): Illuminate/Http/Middleware/TrustProxies->handle()
#57 C:/Users/kuldeep/Desktop/New folder/sgcsm-laravel-project/vendor/laravel/framework/src/Illuminate/Foundation/Http/Middleware/InvokeDeferredCallbacks.php(22): Illuminate/Pipeline/Pipeline->{closure:{closure:Illuminate/Pipeline/Pipeline::carry():184}:185}()
#58 C:/Users/kuldeep/Desktop/New folder/sgcsm-laravel-project/vendor/laravel/framework/src/Illuminate/Pipeline/Pipeline.php(209): Illuminate/Foundation/Http/Middleware/InvokeDeferredCallbacks->handle()
#59 C:/Users/kuldeep/Desktop/New folder/sgcsm-laravel-project/vendor/laravel/framework/src/Illuminate/Pipeline/Pipeline.php(127): Illuminate/Pipeline/Pipeline->{closure:{closure:Illuminate/Pipeline/Pipeline::carry():184}:185}()
#60 C:/Users/kuldeep/Desktop/New folder/sgcsm-laravel-project/vendor/laravel/framework/src/Illuminate/Foundation/Http/Kernel.php(176): Illuminate/Pipeline/Pipeline->then()
#61 C:/Users/kuldeep/Desktop/New folder/sgcsm-laravel-project/vendor/laravel/framework/src/Illuminate/Foundation/Http/Kernel.php(145): Illuminate/Foundation/Http/Kernel->sendRequestThroughRouter()
#62 C:/Users/kuldeep/Desktop/New folder/sgcsm-laravel-project/vendor/laravel/framework/src/Illuminate/Foundation/Application.php(1220): Illuminate/Foundation/Http/Kernel->handle()
#63 C:/Users/kuldeep/Desktop/New folder/sgcsm-laravel-project/public/index.php(17): Illuminate/Foundation/Application->handleRequest()
#64 C:/Users/kuldeep/Desktop/New folder/sgcsm-laravel-project/vendor/laravel/framework/src/Illuminate/Foundation/resources/server.php(23): require_once('...')
#65 {main}
"} 
[2026-04-28 07:34:50] local.ERROR: Too few arguments to function App\Policies\OurTeamPolicy::update(), 1 passed in C:\Users\kuldeep\Desktop\New folder\sgcsm-laravel-project\vendor\laravel\framework\src\Illuminate\Auth\Access\Gate.php on line 816 and exactly 2 expected {"userId":1,"exception":"[object] (ArgumentCountError(code: 0): Too few arguments to function App\\Policies\\OurTeamPolicy::update(), 1 passed in C:\\Users\\kuldeep\\Desktop\\New folder\\sgcsm-laravel-project\\vendor\\laravel\\framework\\src\\Illuminate\\Auth\\Access\\Gate.php on line 816 and exactly 2 expected at C:/Users/kuldeep/Desktop/New folder/sgcsm-laravel-project/app/Policies/OurTeamPolicy.php:38)
[stacktrace]
#0 C:/Users/kuldeep/Desktop/New folder/sgcsm-laravel-project/vendor/laravel/framework/src/Illuminate/Auth/Access/Gate.php(816): App/Policies/OurTeamPolicy->update()
#1 C:/Users/kuldeep/Desktop/New folder/sgcsm-laravel-project/vendor/laravel/framework/src/Illuminate/Auth/Access/Gate.php(769): Illuminate/Auth/Access/Gate->callPolicyMethod()
#2 C:/Users/kuldeep/Desktop/New folder/sgcsm-laravel-project/vendor/laravel/framework/src/Illuminate/Auth/Access/Gate.php(553): Illuminate/Auth/Access/Gate->{closure:Illuminate/Auth/Access/Gate::resolvePolicyCallback():752}()
#3 C:/Users/kuldeep/Desktop/New folder/sgcsm-laravel-project/vendor/laravel/framework/src/Illuminate/Auth/Access/Gate.php(448): Illuminate/Auth/Access/Gate->callAuthCallback()
#4 C:/Users/kuldeep/Desktop/New folder/sgcsm-laravel-project/vendor/laravel/framework/src/Illuminate/Auth/Access/Gate.php(411): Illuminate/Auth/Access/Gate->raw()
#5 C:/Users/kuldeep/Desktop/New folder/sgcsm-laravel-project/vendor/laravel/framework/src/Illuminate/Auth/Access/Gate.php(398): Illuminate/Auth/Access/Gate->inspect()
#6 C:/Users/kuldeep/Desktop/New folder/sgcsm-laravel-project/vendor/laravel/framework/src/Illuminate/Support/Facades/Facade.php(361): Illuminate/Auth/Access/Gate->authorize()
#7 C:/Users/kuldeep/Desktop/New folder/sgcsm-laravel-project/app/Http/Controllers/Admin/OurTeamController.php(69): Illuminate/Support/Facades/Facade::__callStatic()
#8 C:/Users/kuldeep/Desktop/New folder/sgcsm-laravel-project/vendor/laravel/framework/src/Illuminate/Routing/ControllerDispatcher.php(47): App/Http/Controllers/Admin/OurTeamController->edit()
#9 C:/Users/kuldeep/Desktop/New folder/sgcsm-laravel-project/vendor/laravel/framework/src/Illuminate/Routing/Route.php(266): Illuminate/Routing/ControllerDispatcher->dispatch()
#10 C:/Users/kuldeep/Desktop/New folder/sgcsm-laravel-project/vendor/laravel/framework/src/Illuminate/Routing/Route.php(212): Illuminate/Routing/Route->runController()
#11 C:/Users/kuldeep/Desktop/New folder/sgcsm-laravel-project/vendor/laravel/framework/src/Illuminate/Routing/Router.php(808): Illuminate/Routing/Route->run()
#12 C:/Users/kuldeep/Desktop/New folder/sgcsm-laravel-project/vendor/laravel/framework/src/Illuminate/Pipeline/Pipeline.php(170): Illuminate/Routing/Router->{closure:Illuminate/Routing/Router::runRouteWithinStack():807}()
#13 C:/Users/kuldeep/Desktop/New folder/sgcsm-laravel-project/app/Http/Middleware/RoleMiddleware.php(26): Illuminate/Pipeline/Pipeline->{closure:Illuminate/Pipeline/Pipeline::prepareDestination():168}()
#14 C:/Users/kuldeep/Desktop/New folder/sgcsm-laravel-project/vendor/laravel/framework/src/Illuminate/Pipeline/Pipeline.php(209): App/Http/Middleware/RoleMiddleware->handle()
#15 C:/Users/kuldeep/Desktop/New folder/sgcsm-laravel-project/vendor/laravel/framework/src/Illuminate/Auth/Middleware/EnsureEmailIsVerified.php(41): Illuminate/Pipeline/Pipeline->{closure:{closure:Illuminate/Pipeline/Pipeline::carry():184}:185}()
#16 C:/Users/kuldeep/Desktop/New folder/sgcsm-laravel-project/vendor/laravel/framework/src/Illuminate/Pipeline/Pipeline.php(209): Illuminate/Auth/Middleware/EnsureEmailIsVerified->handle()
#17 C:/Users/kuldeep/Desktop/New folder/sgcsm-laravel-project/vendor/laravel/framework/src/Illuminate/Http/Middleware/AddLinkHeadersForPreloadedAssets.php(20): Illuminate/Pipeline/Pipeline->{closure:{closure:Illuminate/Pipeline/Pipeline::carry():184}:185}()
#18 C:/Users/kuldeep/Desktop/New folder/sgcsm-laravel-project/vendor/laravel/framework/src/Illuminate/Pipeline/Pipeline.php(209): Illuminate/Http/Middleware/AddLinkHeadersForPreloadedAssets->handle()
#19 C:/Users/kuldeep/Desktop/New folder/sgcsm-laravel-project/vendor/inertiajs/inertia-laravel/src/Middleware.php(122): Illuminate/Pipeline/Pipeline->{closure:{closure:Illuminate/Pipeline/Pipeline::carry():184}:185}()
#20 C:/Users/kuldeep/Desktop/New folder/sgcsm-laravel-project/vendor/laravel/framework/src/Illuminate/Pipeline/Pipeline.php(209): Inertia/Middleware->handle()
#21 C:/Users/kuldeep/Desktop/New folder/sgcsm-laravel-project/vendor/laravel/framework/src/Illuminate/Routing/Middleware/SubstituteBindings.php(51): Illuminate/Pipeline/Pipeline->{closure:{closure:Illuminate/Pipeline/Pipeline::carry():184}:185}()
#22 C:/Users/kuldeep/Desktop/New folder/sgcsm-laravel-project/vendor/laravel/framework/src/Illuminate/Pipeline/Pipeline.php(209): Illuminate/Routing/Middleware/SubstituteBindings->handle()
#23 C:/Users/kuldeep/Desktop/New folder/sgcsm-laravel-project/vendor/laravel/framework/src/Illuminate/Auth/Middleware/Authenticate.php(64): Illuminate/Pipeline/Pipeline->{closure:{closure:Illuminate/Pipeline/Pipeline::carry():184}:185}()
#24 C:/Users/kuldeep/Desktop/New folder/sgcsm-laravel-project/vendor/laravel/framework/src/Illuminate/Pipeline/Pipeline.php(209): Illuminate/Auth/Middleware/Authenticate->handle()
#25 C:/Users/kuldeep/Desktop/New folder/sgcsm-laravel-project/vendor/laravel/framework/src/Illuminate/Foundation/Http/Middleware/VerifyCsrfToken.php(88): Illuminate/Pipeline/Pipeline->{closure:{closure:Illuminate/Pipeline/Pipeline::carry():184}:185}()
#26 C:/Users/kuldeep/Desktop/New folder/sgcsm-laravel-project/vendor/laravel/framework/src/Illuminate/Pipeline/Pipeline.php(209): Illuminate/Foundation/Http/Middleware/VerifyCsrfToken->handle()
#27 C:/Users/kuldeep/Desktop/New folder/sgcsm-laravel-project/vendor/laravel/framework/src/Illuminate/View/Middleware/ShareErrorsFromSession.php(49): Illuminate/Pipeline/Pipeline->{closure:{closure:Illuminate/Pipeline/Pipeline::carry():184}:185}()
#28 C:/Users/kuldeep/Desktop/New folder/sgcsm-laravel-project/vendor/laravel/framework/src/Illuminate/Pipeline/Pipeline.php(209): Illuminate/View/Middleware/ShareErrorsFromSession->handle()
#29 C:/Users/kuldeep/Desktop/New folder/sgcsm-laravel-project/vendor/laravel/framework/src/Illuminate/Session/Middleware/StartSession.php(121): Illuminate/Pipeline/Pipeline->{closure:{closure:Illuminate/Pipeline/Pipeline::carry():184}:185}()
#30 C:/Users/kuldeep/Desktop/New folder/sgcsm-laravel-project/vendor/laravel/framework/src/Illuminate/Session/Middleware/StartSession.php(64): Illuminate/Session/Middleware/StartSession->handleStatefulRequest()
#31 C:/Users/kuldeep/Desktop/New folder/sgcsm-laravel-project/vendor/laravel/framework/src/Illuminate/Pipeline/Pipeline.php(209): Illuminate/Session/Middleware/StartSession->handle()
#32 C:/Users/kuldeep/Desktop/New folder/sgcsm-laravel-project/vendor/laravel/framework/src/Illuminate/Cookie/Middleware/AddQueuedCookiesToResponse.php(37): Illuminate/Pipeline/Pipeline->{closure:{closure:Illuminate/Pipeline/Pipeline::carry():184}:185}()
#33 C:/Users/kuldeep/Desktop/New folder/sgcsm-laravel-project/vendor/laravel/framework/src/Illuminate/Pipeline/Pipeline.php(209): Illuminate/Cookie/Middleware/AddQueuedCookiesToResponse->handle()
#34 C:/Users/kuldeep/Desktop/New folder/sgcsm-laravel-project/vendor/laravel/framework/src/Illuminate/Cookie/Middleware/EncryptCookies.php(75): Illuminate/Pipeline/Pipeline->{closure:{closure:Illuminate/Pipeline/Pipeline::carry():184}:185}()
#35 C:/Users/kuldeep/Desktop/New folder/sgcsm-laravel-project/vendor/laravel/framework/src/Illuminate/Pipeline/Pipeline.php(209): Illuminate/Cookie/Middleware/EncryptCookies->handle()
#36 C:/Users/kuldeep/Desktop/New folder/sgcsm-laravel-project/vendor/laravel/framework/src/Illuminate/Pipeline/Pipeline.php(127): Illuminate/Pipeline/Pipeline->{closure:{closure:Illuminate/Pipeline/Pipeline::carry():184}:185}()
#37 C:/Users/kuldeep/Desktop/New folder/sgcsm-laravel-project/vendor/laravel/framework/src/Illuminate/Routing/Router.php(807): Illuminate/Pipeline/Pipeline->then()
#38 C:/Users/kuldeep/Desktop/New folder/sgcsm-laravel-project/vendor/laravel/framework/src/Illuminate/Routing/Router.php(786): Illuminate/Routing/Router->runRouteWithinStack()
#39 C:/Users/kuldeep/Desktop/New folder/sgcsm-laravel-project/vendor/laravel/framework/src/Illuminate/Routing/Router.php(750): Illuminate/Routing/Router->runRoute()
#40 C:/Users/kuldeep/Desktop/New folder/sgcsm-laravel-project/vendor/laravel/framework/src/Illuminate/Routing/Router.php(739): Illuminate/Routing/Router->dispatchToRoute()
#41 C:/Users/kuldeep/Desktop/New folder/sgcsm-laravel-project/vendor/laravel/framework/src/Illuminate/Foundation/Http/Kernel.php(201): Illuminate/Routing/Router->dispatch()
#42 C:/Users/kuldeep/Desktop/New folder/sgcsm-laravel-project/vendor/laravel/framework/src/Illuminate/Pipeline/Pipeline.php(170): Illuminate/Foundation/Http/Kernel->{closure:Illuminate/Foundation/Http/Kernel::dispatchToRouter():198}()
#43 C:/Users/kuldeep/Desktop/New folder/sgcsm-laravel-project/vendor/laravel/framework/src/Illuminate/Foundation/Http/Middleware/TransformsRequest.php(21): Illuminate/Pipeline/Pipeline->{closure:Illuminate/Pipeline/Pipeline::prepareDestination():168}()
#44 C:/Users/kuldeep/Desktop/New folder/sgcsm-laravel-project/vendor/laravel/framework/src/Illuminate/Foundation/Http/Middleware/ConvertEmptyStringsToNull.php(31): Illuminate/Foundation/Http/Middleware/TransformsRequest->handle()
#45 C:/Users/kuldeep/Desktop/New folder/sgcsm-laravel-project/vendor/laravel/framework/src/Illuminate/Pipeline/Pipeline.php(209): Illuminate/Foundation/Http/Middleware/ConvertEmptyStringsToNull->handle()
#46 C:/Users/kuldeep/Desktop/New folder/sgcsm-laravel-project/vendor/laravel/framework/src/Illuminate/Foundation/Http/Middleware/TransformsRequest.php(21): Illuminate/Pipeline/Pipeline->{closure:{closure:Illuminate/Pipeline/Pipeline::carry():184}:185}()
#47 C:/Users/kuldeep/Desktop/New folder/sgcsm-laravel-project/vendor/laravel/framework/src/Illuminate/Foundation/Http/Middleware/TrimStrings.php(51): Illuminate/Foundation/Http/Middleware/TransformsRequest->handle()
#48 C:/Users/kuldeep/Desktop/New folder/sgcsm-laravel-project/vendor/laravel/framework/src/Illuminate/Pipeline/Pipeline.php(209): Illuminate/Foundation/Http/Middleware/TrimStrings->handle()
#49 C:/Users/kuldeep/Desktop/New folder/sgcsm-laravel-project/vendor/laravel/framework/src/Illuminate/Http/Middleware/ValidatePostSize.php(27): Illuminate/Pipeline/Pipeline->{closure:{closure:Illuminate/Pipeline/Pipeline::carry():184}:185}()
#50 C:/Users/kuldeep/Desktop/New folder/sgcsm-laravel-project/vendor/laravel/framework/src/Illuminate/Pipeline/Pipeline.php(209): Illuminate/Http/Middleware/ValidatePostSize->handle()
#51 C:/Users/kuldeep/Desktop/New folder/sgcsm-laravel-project/vendor/laravel/framework/src/Illuminate/Foundation/Http/Middleware/PreventRequestsDuringMaintenance.php(110): Illuminate/Pipeline/Pipeline->{closure:{closure:Illuminate/Pipeline/Pipeline::carry():184}:185}()
#52 C:/Users/kuldeep/Desktop/New folder/sgcsm-laravel-project/vendor/laravel/framework/src/Illuminate/Pipeline/Pipeline.php(209): Illuminate/Foundation/Http/Middleware/PreventRequestsDuringMaintenance->handle()
#53 C:/Users/kuldeep/Desktop/New folder/sgcsm-laravel-project/vendor/laravel/framework/src/Illuminate/Http/Middleware/HandleCors.php(49): Illuminate/Pipeline/Pipeline->{closure:{closure:Illuminate/Pipeline/Pipeline::carry():184}:185}()
#54 C:/Users/kuldeep/Desktop/New folder/sgcsm-laravel-project/vendor/laravel/framework/src/Illuminate/Pipeline/Pipeline.php(209): Illuminate/Http/Middleware/HandleCors->handle()
#55 C:/Users/kuldeep/Desktop/New folder/sgcsm-laravel-project/vendor/laravel/framework/src/Illuminate/Http/Middleware/TrustProxies.php(58): Illuminate/Pipeline/Pipeline->{closure:{closure:Illuminate/Pipeline/Pipeline::carry():184}:185}()
#56 C:/Users/kuldeep/Desktop/New folder/sgcsm-laravel-project/vendor/laravel/framework/src/Illuminate/Pipeline/Pipeline.php(209): Illuminate/Http/Middleware/TrustProxies->handle()
#57 C:/Users/kuldeep/Desktop/New folder/sgcsm-laravel-project/vendor/laravel/framework/src/Illuminate/Foundation/Http/Middleware/InvokeDeferredCallbacks.php(22): Illuminate/Pipeline/Pipeline->{closure:{closure:Illuminate/Pipeline/Pipeline::carry():184}:185}()
#58 C:/Users/kuldeep/Desktop/New folder/sgcsm-laravel-project/vendor/laravel/framework/src/Illuminate/Pipeline/Pipeline.php(209): Illuminate/Foundation/Http/Middleware/InvokeDeferredCallbacks->handle()
#59 C:/Users/kuldeep/Desktop/New folder/sgcsm-laravel-project/vendor/laravel/framework/src/Illuminate/Pipeline/Pipeline.php(127): Illuminate/Pipeline/Pipeline->{closure:{closure:Illuminate/Pipeline/Pipeline::carry():184}:185}()
#60 C:/Users/kuldeep/Desktop/New folder/sgcsm-laravel-project/vendor/laravel/framework/src/Illuminate/Foundation/Http/Kernel.php(176): Illuminate/Pipeline/Pipeline->then()
#61 C:/Users/kuldeep/Desktop/New folder/sgcsm-laravel-project/vendor/laravel/framework/src/Illuminate/Foundation/Http/Kernel.php(145): Illuminate/Foundation/Http/Kernel->sendRequestThroughRouter()
#62 C:/Users/kuldeep/Desktop/New folder/sgcsm-laravel-project/vendor/laravel/framework/src/Illuminate/Foundation/Application.php(1220): Illuminate/Foundation/Http/Kernel->handle()
#63 C:/Users/kuldeep/Desktop/New folder/sgcsm-laravel-project/public/index.php(17): Illuminate/Foundation/Application->handleRequest()
#64 C:/Users/kuldeep/Desktop/New folder/sgcsm-laravel-project/vendor/laravel/framework/src/Illuminate/Foundation/resources/server.php(23): require_once('...')
#65 {main}
"} 
[2026-04-28 07:34:56] local.ERROR: Too few arguments to function App\Policies\OurTeamPolicy::update(), 1 passed in C:\Users\kuldeep\Desktop\New folder\sgcsm-laravel-project\vendor\laravel\framework\src\Illuminate\Auth\Access\Gate.php on line 816 and exactly 2 expected {"userId":1,"exception":"[object] (ArgumentCountError(code: 0): Too few arguments to function App\\Policies\\OurTeamPolicy::update(), 1 passed in C:\\Users\\kuldeep\\Desktop\\New folder\\sgcsm-laravel-project\\vendor\\laravel\\framework\\src\\Illuminate\\Auth\\Access\\Gate.php on line 816 and exactly 2 expected at C:/Users/kuldeep/Desktop/New folder/sgcsm-laravel-project/app/Policies/OurTeamPolicy.php:38)
[stacktrace]
#0 C:/Users/kuldeep/Desktop/New folder/sgcsm-laravel-project/vendor/laravel/framework/src/Illuminate/Auth/Access/Gate.php(816): App/Policies/OurTeamPolicy->update()
#1 C:/Users/kuldeep/Desktop/New folder/sgcsm-laravel-project/vendor/laravel/framework/src/Illuminate/Auth/Access/Gate.php(769): Illuminate/Auth/Access/Gate->callPolicyMethod()
#2 C:/Users/kuldeep/Desktop/New folder/sgcsm-laravel-project/vendor/laravel/framework/src/Illuminate/Auth/Access/Gate.php(553): Illuminate/Auth/Access/Gate->{closure:Illuminate/Auth/Access/Gate::resolvePolicyCallback():752}()
#3 C:/Users/kuldeep/Desktop/New folder/sgcsm-laravel-project/vendor/laravel/framework/src/Illuminate/Auth/Access/Gate.php(448): Illuminate/Auth/Access/Gate->callAuthCallback()
#4 C:/Users/kuldeep/Desktop/New folder/sgcsm-laravel-project/vendor/laravel/framework/src/Illuminate/Auth/Access/Gate.php(411): Illuminate/Auth/Access/Gate->raw()
#5 C:/Users/kuldeep/Desktop/New folder/sgcsm-laravel-project/vendor/laravel/framework/src/Illuminate/Auth/Access/Gate.php(398): Illuminate/Auth/Access/Gate->inspect()
#6 C:/Users/kuldeep/Desktop/New folder/sgcsm-laravel-project/vendor/laravel/framework/src/Illuminate/Support/Facades/Facade.php(361): Illuminate/Auth/Access/Gate->authorize()
#7 C:/Users/kuldeep/Desktop/New folder/sgcsm-laravel-project/app/Http/Controllers/Admin/OurTeamController.php(69): Illuminate/Support/Facades/Facade::__callStatic()
#8 C:/Users/kuldeep/Desktop/New folder/sgcsm-laravel-project/vendor/laravel/framework/src/Illuminate/Routing/ControllerDispatcher.php(47): App/Http/Controllers/Admin/OurTeamController->edit()
#9 C:/Users/kuldeep/Desktop/New folder/sgcsm-laravel-project/vendor/laravel/framework/src/Illuminate/Routing/Route.php(266): Illuminate/Routing/ControllerDispatcher->dispatch()
#10 C:/Users/kuldeep/Desktop/New folder/sgcsm-laravel-project/vendor/laravel/framework/src/Illuminate/Routing/Route.php(212): Illuminate/Routing/Route->runController()
#11 C:/Users/kuldeep/Desktop/New folder/sgcsm-laravel-project/vendor/laravel/framework/src/Illuminate/Routing/Router.php(808): Illuminate/Routing/Route->run()
#12 C:/Users/kuldeep/Desktop/New folder/sgcsm-laravel-project/vendor/laravel/framework/src/Illuminate/Pipeline/Pipeline.php(170): Illuminate/Routing/Router->{closure:Illuminate/Routing/Router::runRouteWithinStack():807}()
#13 C:/Users/kuldeep/Desktop/New folder/sgcsm-laravel-project/app/Http/Middleware/RoleMiddleware.php(26): Illuminate/Pipeline/Pipeline->{closure:Illuminate/Pipeline/Pipeline::prepareDestination():168}()
#14 C:/Users/kuldeep/Desktop/New folder/sgcsm-laravel-project/vendor/laravel/framework/src/Illuminate/Pipeline/Pipeline.php(209): App/Http/Middleware/RoleMiddleware->handle()
#15 C:/Users/kuldeep/Desktop/New folder/sgcsm-laravel-project/vendor/laravel/framework/src/Illuminate/Auth/Middleware/EnsureEmailIsVerified.php(41): Illuminate/Pipeline/Pipeline->{closure:{closure:Illuminate/Pipeline/Pipeline::carry():184}:185}()
#16 C:/Users/kuldeep/Desktop/New folder/sgcsm-laravel-project/vendor/laravel/framework/src/Illuminate/Pipeline/Pipeline.php(209): Illuminate/Auth/Middleware/EnsureEmailIsVerified->handle()
#17 C:/Users/kuldeep/Desktop/New folder/sgcsm-laravel-project/vendor/laravel/framework/src/Illuminate/Http/Middleware/AddLinkHeadersForPreloadedAssets.php(20): Illuminate/Pipeline/Pipeline->{closure:{closure:Illuminate/Pipeline/Pipeline::carry():184}:185}()
#18 C:/Users/kuldeep/Desktop/New folder/sgcsm-laravel-project/vendor/laravel/framework/src/Illuminate/Pipeline/Pipeline.php(209): Illuminate/Http/Middleware/AddLinkHeadersForPreloadedAssets->handle()
#19 C:/Users/kuldeep/Desktop/New folder/sgcsm-laravel-project/vendor/inertiajs/inertia-laravel/src/Middleware.php(122): Illuminate/Pipeline/Pipeline->{closure:{closure:Illuminate/Pipeline/Pipeline::carry():184}:185}()
#20 C:/Users/kuldeep/Desktop/New folder/sgcsm-laravel-project/vendor/laravel/framework/src/Illuminate/Pipeline/Pipeline.php(209): Inertia/Middleware->handle()
#21 C:/Users/kuldeep/Desktop/New folder/sgcsm-laravel-project/vendor/laravel/framework/src/Illuminate/Routing/Middleware/SubstituteBindings.php(51): Illuminate/Pipeline/Pipeline->{closure:{closure:Illuminate/Pipeline/Pipeline::carry():184}:185}()
#22 C:/Users/kuldeep/Desktop/New folder/sgcsm-laravel-project/vendor/laravel/framework/src/Illuminate/Pipeline/Pipeline.php(209): Illuminate/Routing/Middleware/SubstituteBindings->handle()
#23 C:/Users/kuldeep/Desktop/New folder/sgcsm-laravel-project/vendor/laravel/framework/src/Illuminate/Auth/Middleware/Authenticate.php(64): Illuminate/Pipeline/Pipeline->{closure:{closure:Illuminate/Pipeline/Pipeline::carry():184}:185}()
#24 C:/Users/kuldeep/Desktop/New folder/sgcsm-laravel-project/vendor/laravel/framework/src/Illuminate/Pipeline/Pipeline.php(209): Illuminate/Auth/Middleware/Authenticate->handle()
#25 C:/Users/kuldeep/Desktop/New folder/sgcsm-laravel-project/vendor/laravel/framework/src/Illuminate/Foundation/Http/Middleware/VerifyCsrfToken.php(88): Illuminate/Pipeline/Pipeline->{closure:{closure:Illuminate/Pipeline/Pipeline::carry():184}:185}()
#26 C:/Users/kuldeep/Desktop/New folder/sgcsm-laravel-project/vendor/laravel/framework/src/Illuminate/Pipeline/Pipeline.php(209): Illuminate/Foundation/Http/Middleware/VerifyCsrfToken->handle()
#27 C:/Users/kuldeep/Desktop/New folder/sgcsm-laravel-project/vendor/laravel/framework/src/Illuminate/View/Middleware/ShareErrorsFromSession.php(49): Illuminate/Pipeline/Pipeline->{closure:{closure:Illuminate/Pipeline/Pipeline::carry():184}:185}()
#28 C:/Users/kuldeep/Desktop/New folder/sgcsm-laravel-project/vendor/laravel/framework/src/Illuminate/Pipeline/Pipeline.php(209): Illuminate/View/Middleware/ShareErrorsFromSession->handle()
#29 C:/Users/kuldeep/Desktop/New folder/sgcsm-laravel-project/vendor/laravel/framework/src/Illuminate/Session/Middleware/StartSession.php(121): Illuminate/Pipeline/Pipeline->{closure:{closure:Illuminate/Pipeline/Pipeline::carry():184}:185}()
#30 C:/Users/kuldeep/Desktop/New folder/sgcsm-laravel-project/vendor/laravel/framework/src/Illuminate/Session/Middleware/StartSession.php(64): Illuminate/Session/Middleware/StartSession->handleStatefulRequest()
#31 C:/Users/kuldeep/Desktop/New folder/sgcsm-laravel-project/vendor/laravel/framework/src/Illuminate/Pipeline/Pipeline.php(209): Illuminate/Session/Middleware/StartSession->handle()
#32 C:/Users/kuldeep/Desktop/New folder/sgcsm-laravel-project/vendor/laravel/framework/src/Illuminate/Cookie/Middleware/AddQueuedCookiesToResponse.php(37): Illuminate/Pipeline/Pipeline->{closure:{closure:Illuminate/Pipeline/Pipeline::carry():184}:185}()
#33 C:/Users/kuldeep/Desktop/New folder/sgcsm-laravel-project/vendor/laravel/framework/src/Illuminate/Pipeline/Pipeline.php(209): Illuminate/Cookie/Middleware/AddQueuedCookiesToResponse->handle()
#34 C:/Users/kuldeep/Desktop/New folder/sgcsm-laravel-project/vendor/laravel/framework/src/Illuminate/Cookie/Middleware/EncryptCookies.php(75): Illuminate/Pipeline/Pipeline->{closure:{closure:Illuminate/Pipeline/Pipeline::carry():184}:185}()
#35 C:/Users/kuldeep/Desktop/New folder/sgcsm-laravel-project/vendor/laravel/framework/src/Illuminate/Pipeline/Pipeline.php(209): Illuminate/Cookie/Middleware/EncryptCookies->handle()
#36 C:/Users/kuldeep/Desktop/New folder/sgcsm-laravel-project/vendor/laravel/framework/src/Illuminate/Pipeline/Pipeline.php(127): Illuminate/Pipeline/Pipeline->{closure:{closure:Illuminate/Pipeline/Pipeline::carry():184}:185}()
#37 C:/Users/kuldeep/Desktop/New folder/sgcsm-laravel-project/vendor/laravel/framework/src/Illuminate/Routing/Router.php(807): Illuminate/Pipeline/Pipeline->then()
#38 C:/Users/kuldeep/Desktop/New folder/sgcsm-laravel-project/vendor/laravel/framework/src/Illuminate/Routing/Router.php(786): Illuminate/Routing/Router->runRouteWithinStack()
#39 C:/Users/kuldeep/Desktop/New folder/sgcsm-laravel-project/vendor/laravel/framework/src/Illuminate/Routing/Router.php(750): Illuminate/Routing/Router->runRoute()
#40 C:/Users/kuldeep/Desktop/New folder/sgcsm-laravel-project/vendor/laravel/framework/src/Illuminate/Routing/Router.php(739): Illuminate/Routing/Router->dispatchToRoute()
#41 C:/Users/kuldeep/Desktop/New folder/sgcsm-laravel-project/vendor/laravel/framework/src/Illuminate/Foundation/Http/Kernel.php(201): Illuminate/Routing/Router->dispatch()
#42 C:/Users/kuldeep/Desktop/New folder/sgcsm-laravel-project/vendor/laravel/framework/src/Illuminate/Pipeline/Pipeline.php(170): Illuminate/Foundation/Http/Kernel->{closure:Illuminate/Foundation/Http/Kernel::dispatchToRouter():198}()
#43 C:/Users/kuldeep/Desktop/New folder/sgcsm-laravel-project/vendor/laravel/framework/src/Illuminate/Foundation/Http/Middleware/TransformsRequest.php(21): Illuminate/Pipeline/Pipeline->{closure:Illuminate/Pipeline/Pipeline::prepareDestination():168}()
#44 C:/Users/kuldeep/Desktop/New folder/sgcsm-laravel-project/vendor/laravel/framework/src/Illuminate/Foundation/Http/Middleware/ConvertEmptyStringsToNull.php(31): Illuminate/Foundation/Http/Middleware/TransformsRequest->handle()
#45 C:/Users/kuldeep/Desktop/New folder/sgcsm-laravel-project/vendor/laravel/framework/src/Illuminate/Pipeline/Pipeline.php(209): Illuminate/Foundation/Http/Middleware/ConvertEmptyStringsToNull->handle()
#46 C:/Users/kuldeep/Desktop/New folder/sgcsm-laravel-project/vendor/laravel/framework/src/Illuminate/Foundation/Http/Middleware/TransformsRequest.php(21): Illuminate/Pipeline/Pipeline->{closure:{closure:Illuminate/Pipeline/Pipeline::carry():184}:185}()
#47 C:/Users/kuldeep/Desktop/New folder/sgcsm-laravel-project/vendor/laravel/framework/src/Illuminate/Foundation/Http/Middleware/TrimStrings.php(51): Illuminate/Foundation/Http/Middleware/TransformsRequest->handle()
#48 C:/Users/kuldeep/Desktop/New folder/sgcsm-laravel-project/vendor/laravel/framework/src/Illuminate/Pipeline/Pipeline.php(209): Illuminate/Foundation/Http/Middleware/TrimStrings->handle()
#49 C:/Users/kuldeep/Desktop/New folder/sgcsm-laravel-project/vendor/laravel/framework/src/Illuminate/Http/Middleware/ValidatePostSize.php(27): Illuminate/Pipeline/Pipeline->{closure:{closure:Illuminate/Pipeline/Pipeline::carry():184}:185}()
#50 C:/Users/kuldeep/Desktop/New folder/sgcsm-laravel-project/vendor/laravel/framework/src/Illuminate/Pipeline/Pipeline.php(209): Illuminate/Http/Middleware/ValidatePostSize->handle()
#51 C:/Users/kuldeep/Desktop/New folder/sgcsm-laravel-project/vendor/laravel/framework/src/Illuminate/Foundation/Http/Middleware/PreventRequestsDuringMaintenance.php(110): Illuminate/Pipeline/Pipeline->{closure:{closure:Illuminate/Pipeline/Pipeline::carry():184}:185}()
#52 C:/Users/kuldeep/Desktop/New folder/sgcsm-laravel-project/vendor/laravel/framework/src/Illuminate/Pipeline/Pipeline.php(209): Illuminate/Foundation/Http/Middleware/PreventRequestsDuringMaintenance->handle()
#53 C:/Users/kuldeep/Desktop/New folder/sgcsm-laravel-project/vendor/laravel/framework/src/Illuminate/Http/Middleware/HandleCors.php(49): Illuminate/Pipeline/Pipeline->{closure:{closure:Illuminate/Pipeline/Pipeline::carry():184}:185}()
#54 C:/Users/kuldeep/Desktop/New folder/sgcsm-laravel-project/vendor/laravel/framework/src/Illuminate/Pipeline/Pipeline.php(209): Illuminate/Http/Middleware/HandleCors->handle()
#55 C:/Users/kuldeep/Desktop/New folder/sgcsm-laravel-project/vendor/laravel/framework/src/Illuminate/Http/Middleware/TrustProxies.php(58): Illuminate/Pipeline/Pipeline->{closure:{closure:Illuminate/Pipeline/Pipeline::carry():184}:185}()
#56 C:/Users/kuldeep/Desktop/New folder/sgcsm-laravel-project/vendor/laravel/framework/src/Illuminate/Pipeline/Pipeline.php(209): Illuminate/Http/Middleware/TrustProxies->handle()
#57 C:/Users/kuldeep/Desktop/New folder/sgcsm-laravel-project/vendor/laravel/framework/src/Illuminate/Foundation/Http/Middleware/InvokeDeferredCallbacks.php(22): Illuminate/Pipeline/Pipeline->{closure:{closure:Illuminate/Pipeline/Pipeline::carry():184}:185}()
#58 C:/Users/kuldeep/Desktop/New folder/sgcsm-laravel-project/vendor/laravel/framework/src/Illuminate/Pipeline/Pipeline.php(209): Illuminate/Foundation/Http/Middleware/InvokeDeferredCallbacks->handle()
#59 C:/Users/kuldeep/Desktop/New folder/sgcsm-laravel-project/vendor/laravel/framework/src/Illuminate/Pipeline/Pipeline.php(127): Illuminate/Pipeline/Pipeline->{closure:{closure:Illuminate/Pipeline/Pipeline::carry():184}:185}()
#60 C:/Users/kuldeep/Desktop/New folder/sgcsm-laravel-project/vendor/laravel/framework/src/Illuminate/Foundation/Http/Kernel.php(176): Illuminate/Pipeline/Pipeline->then()
#61 C:/Users/kuldeep/Desktop/New folder/sgcsm-laravel-project/vendor/laravel/framework/src/Illuminate/Foundation/Http/Kernel.php(145): Illuminate/Foundation/Http/Kernel->sendRequestThroughRouter()
#62 C:/Users/kuldeep/Desktop/New folder/sgcsm-laravel-project/vendor/laravel/framework/src/Illuminate/Foundation/Application.php(1220): Illuminate/Foundation/Http/Kernel->handle()
#63 C:/Users/kuldeep/Desktop/New folder/sgcsm-laravel-project/public/index.php(17): Illuminate/Foundation/Application->handleRequest()
#64 C:/Users/kuldeep/Desktop/New folder/sgcsm-laravel-project/vendor/laravel/framework/src/Illuminate/Foundation/resources/server.php(23): require_once('...')
#65 {main}
"} 
[2026-04-28 07:36:50] local.ERROR: Too few arguments to function App\Policies\OurTeamPolicy::delete(), 1 passed in C:\Users\kuldeep\Desktop\New folder\sgcsm-laravel-project\vendor\laravel\framework\src\Illuminate\Auth\Access\Gate.php on line 816 and exactly 2 expected {"userId":1,"exception":"[object] (ArgumentCountError(code: 0): Too few arguments to function App\\Policies\\OurTeamPolicy::delete(), 1 passed in C:\\Users\\kuldeep\\Desktop\\New folder\\sgcsm-laravel-project\\vendor\\laravel\\framework\\src\\Illuminate\\Auth\\Access\\Gate.php on line 816 and exactly 2 expected at C:/Users/kuldeep/Desktop/New folder/sgcsm-laravel-project/app/Policies/OurTeamPolicy.php:46)
[stacktrace]
#0 C:/Users/kuldeep/Desktop/New folder/sgcsm-laravel-project/vendor/laravel/framework/src/Illuminate/Auth/Access/Gate.php(816): App/Policies/OurTeamPolicy->delete()
#1 C:/Users/kuldeep/Desktop/New folder/sgcsm-laravel-project/vendor/laravel/framework/src/Illuminate/Auth/Access/Gate.php(769): Illuminate/Auth/Access/Gate->callPolicyMethod()
#2 C:/Users/kuldeep/Desktop/New folder/sgcsm-laravel-project/vendor/laravel/framework/src/Illuminate/Auth/Access/Gate.php(553): Illuminate/Auth/Access/Gate->{closure:Illuminate/Auth/Access/Gate::resolvePolicyCallback():752}()
#3 C:/Users/kuldeep/Desktop/New folder/sgcsm-laravel-project/vendor/laravel/framework/src/Illuminate/Auth/Access/Gate.php(448): Illuminate/Auth/Access/Gate->callAuthCallback()
#4 C:/Users/kuldeep/Desktop/New folder/sgcsm-laravel-project/vendor/laravel/framework/src/Illuminate/Auth/Access/Gate.php(411): Illuminate/Auth/Access/Gate->raw()
#5 C:/Users/kuldeep/Desktop/New folder/sgcsm-laravel-project/vendor/laravel/framework/src/Illuminate/Auth/Access/Gate.php(398): Illuminate/Auth/Access/Gate->inspect()
#6 C:/Users/kuldeep/Desktop/New folder/sgcsm-laravel-project/vendor/laravel/framework/src/Illuminate/Support/Facades/Facade.php(361): Illuminate/Auth/Access/Gate->authorize()
#7 C:/Users/kuldeep/Desktop/New folder/sgcsm-laravel-project/app/Http/Controllers/Admin/OurTeamController.php(100): Illuminate/Support/Facades/Facade::__callStatic()
#8 C:/Users/kuldeep/Desktop/New folder/sgcsm-laravel-project/vendor/laravel/framework/src/Illuminate/Routing/ControllerDispatcher.php(47): App/Http/Controllers/Admin/OurTeamController->destroy()
#9 C:/Users/kuldeep/Desktop/New folder/sgcsm-laravel-project/vendor/laravel/framework/src/Illuminate/Routing/Route.php(266): Illuminate/Routing/ControllerDispatcher->dispatch()
#10 C:/Users/kuldeep/Desktop/New folder/sgcsm-laravel-project/vendor/laravel/framework/src/Illuminate/Routing/Route.php(212): Illuminate/Routing/Route->runController()
#11 C:/Users/kuldeep/Desktop/New folder/sgcsm-laravel-project/vendor/laravel/framework/src/Illuminate/Routing/Router.php(808): Illuminate/Routing/Route->run()
#12 C:/Users/kuldeep/Desktop/New folder/sgcsm-laravel-project/vendor/laravel/framework/src/Illuminate/Pipeline/Pipeline.php(170): Illuminate/Routing/Router->{closure:Illuminate/Routing/Router::runRouteWithinStack():807}()
#13 C:/Users/kuldeep/Desktop/New folder/sgcsm-laravel-project/app/Http/Middleware/RoleMiddleware.php(26): Illuminate/Pipeline/Pipeline->{closure:Illuminate/Pipeline/Pipeline::prepareDestination():168}()
#14 C:/Users/kuldeep/Desktop/New folder/sgcsm-laravel-project/vendor/laravel/framework/src/Illuminate/Pipeline/Pipeline.php(209): App/Http/Middleware/RoleMiddleware->handle()
#15 C:/Users/kuldeep/Desktop/New folder/sgcsm-laravel-project/vendor/laravel/framework/src/Illuminate/Auth/Middleware/EnsureEmailIsVerified.php(41): Illuminate/Pipeline/Pipeline->{closure:{closure:Illuminate/Pipeline/Pipeline::carry():184}:185}()
#16 C:/Users/kuldeep/Desktop/New folder/sgcsm-laravel-project/vendor/laravel/framework/src/Illuminate/Pipeline/Pipeline.php(209): Illuminate/Auth/Middleware/EnsureEmailIsVerified->handle()
#17 C:/Users/kuldeep/Desktop/New folder/sgcsm-laravel-project/vendor/laravel/framework/src/Illuminate/Http/Middleware/AddLinkHeadersForPreloadedAssets.php(20): Illuminate/Pipeline/Pipeline->{closure:{closure:Illuminate/Pipeline/Pipeline::carry():184}:185}()
#18 C:/Users/kuldeep/Desktop/New folder/sgcsm-laravel-project/vendor/laravel/framework/src/Illuminate/Pipeline/Pipeline.php(209): Illuminate/Http/Middleware/AddLinkHeadersForPreloadedAssets->handle()
#19 C:/Users/kuldeep/Desktop/New folder/sgcsm-laravel-project/vendor/inertiajs/inertia-laravel/src/Middleware.php(122): Illuminate/Pipeline/Pipeline->{closure:{closure:Illuminate/Pipeline/Pipeline::carry():184}:185}()
#20 C:/Users/kuldeep/Desktop/New folder/sgcsm-laravel-project/vendor/laravel/framework/src/Illuminate/Pipeline/Pipeline.php(209): Inertia/Middleware->handle()
#21 C:/Users/kuldeep/Desktop/New folder/sgcsm-laravel-project/vendor/laravel/framework/src/Illuminate/Routing/Middleware/SubstituteBindings.php(51): Illuminate/Pipeline/Pipeline->{closure:{closure:Illuminate/Pipeline/Pipeline::carry():184}:185}()
#22 C:/Users/kuldeep/Desktop/New folder/sgcsm-laravel-project/vendor/laravel/framework/src/Illuminate/Pipeline/Pipeline.php(209): Illuminate/Routing/Middleware/SubstituteBindings->handle()
#23 C:/Users/kuldeep/Desktop/New folder/sgcsm-laravel-project/vendor/laravel/framework/src/Illuminate/Auth/Middleware/Authenticate.php(64): Illuminate/Pipeline/Pipeline->{closure:{closure:Illuminate/Pipeline/Pipeline::carry():184}:185}()
#24 C:/Users/kuldeep/Desktop/New folder/sgcsm-laravel-project/vendor/laravel/framework/src/Illuminate/Pipeline/Pipeline.php(209): Illuminate/Auth/Middleware/Authenticate->handle()
#25 C:/Users/kuldeep/Desktop/New folder/sgcsm-laravel-project/vendor/laravel/framework/src/Illuminate/Foundation/Http/Middleware/VerifyCsrfToken.php(88): Illuminate/Pipeline/Pipeline->{closure:{closure:Illuminate/Pipeline/Pipeline::carry():184}:185}()
#26 C:/Users/kuldeep/Desktop/New folder/sgcsm-laravel-project/vendor/laravel/framework/src/Illuminate/Pipeline/Pipeline.php(209): Illuminate/Foundation/Http/Middleware/VerifyCsrfToken->handle()
#27 C:/Users/kuldeep/Desktop/New folder/sgcsm-laravel-project/vendor/laravel/framework/src/Illuminate/View/Middleware/ShareErrorsFromSession.php(49): Illuminate/Pipeline/Pipeline->{closure:{closure:Illuminate/Pipeline/Pipeline::carry():184}:185}()
#28 C:/Users/kuldeep/Desktop/New folder/sgcsm-laravel-project/vendor/laravel/framework/src/Illuminate/Pipeline/Pipeline.php(209): Illuminate/View/Middleware/ShareErrorsFromSession->handle()
#29 C:/Users/kuldeep/Desktop/New folder/sgcsm-laravel-project/vendor/laravel/framework/src/Illuminate/Session/Middleware/StartSession.php(121): Illuminate/Pipeline/Pipeline->{closure:{closure:Illuminate/Pipeline/Pipeline::carry():184}:185}()
#30 C:/Users/kuldeep/Desktop/New folder/sgcsm-laravel-project/vendor/laravel/framework/src/Illuminate/Session/Middleware/StartSession.php(64): Illuminate/Session/Middleware/StartSession->handleStatefulRequest()
#31 C:/Users/kuldeep/Desktop/New folder/sgcsm-laravel-project/vendor/laravel/framework/src/Illuminate/Pipeline/Pipeline.php(209): Illuminate/Session/Middleware/StartSession->handle()
#32 C:/Users/kuldeep/Desktop/New folder/sgcsm-laravel-project/vendor/laravel/framework/src/Illuminate/Cookie/Middleware/AddQueuedCookiesToResponse.php(37): Illuminate/Pipeline/Pipeline->{closure:{closure:Illuminate/Pipeline/Pipeline::carry():184}:185}()
#33 C:/Users/kuldeep/Desktop/New folder/sgcsm-laravel-project/vendor/laravel/framework/src/Illuminate/Pipeline/Pipeline.php(209): Illuminate/Cookie/Middleware/AddQueuedCookiesToResponse->handle()
#34 C:/Users/kuldeep/Desktop/New folder/sgcsm-laravel-project/vendor/laravel/framework/src/Illuminate/Cookie/Middleware/EncryptCookies.php(75): Illuminate/Pipeline/Pipeline->{closure:{closure:Illuminate/Pipeline/Pipeline::carry():184}:185}()
#35 C:/Users/kuldeep/Desktop/New folder/sgcsm-laravel-project/vendor/laravel/framework/src/Illuminate/Pipeline/Pipeline.php(209): Illuminate/Cookie/Middleware/EncryptCookies->handle()
#36 C:/Users/kuldeep/Desktop/New folder/sgcsm-laravel-project/vendor/laravel/framework/src/Illuminate/Pipeline/Pipeline.php(127): Illuminate/Pipeline/Pipeline->{closure:{closure:Illuminate/Pipeline/Pipeline::carry():184}:185}()
#37 C:/Users/kuldeep/Desktop/New folder/sgcsm-laravel-project/vendor/laravel/framework/src/Illuminate/Routing/Router.php(807): Illuminate/Pipeline/Pipeline->then()
#38 C:/Users/kuldeep/Desktop/New folder/sgcsm-laravel-project/vendor/laravel/framework/src/Illuminate/Routing/Router.php(786): Illuminate/Routing/Router->runRouteWithinStack()
#39 C:/Users/kuldeep/Desktop/New folder/sgcsm-laravel-project/vendor/laravel/framework/src/Illuminate/Routing/Router.php(750): Illuminate/Routing/Router->runRoute()
#40 C:/Users/kuldeep/Desktop/New folder/sgcsm-laravel-project/vendor/laravel/framework/src/Illuminate/Routing/Router.php(739): Illuminate/Routing/Router->dispatchToRoute()
#41 C:/Users/kuldeep/Desktop/New folder/sgcsm-laravel-project/vendor/laravel/framework/src/Illuminate/Foundation/Http/Kernel.php(201): Illuminate/Routing/Router->dispatch()
#42 C:/Users/kuldeep/Desktop/New folder/sgcsm-laravel-project/vendor/laravel/framework/src/Illuminate/Pipeline/Pipeline.php(170): Illuminate/Foundation/Http/Kernel->{closure:Illuminate/Foundation/Http/Kernel::dispatchToRouter():198}()
#43 C:/Users/kuldeep/Desktop/New folder/sgcsm-laravel-project/vendor/laravel/framework/src/Illuminate/Foundation/Http/Middleware/TransformsRequest.php(21): Illuminate/Pipeline/Pipeline->{closure:Illuminate/Pipeline/Pipeline::prepareDestination():168}()
#44 C:/Users/kuldeep/Desktop/New folder/sgcsm-laravel-project/vendor/laravel/framework/src/Illuminate/Foundation/Http/Middleware/ConvertEmptyStringsToNull.php(31): Illuminate/Foundation/Http/Middleware/TransformsRequest->handle()
#45 C:/Users/kuldeep/Desktop/New folder/sgcsm-laravel-project/vendor/laravel/framework/src/Illuminate/Pipeline/Pipeline.php(209): Illuminate/Foundation/Http/Middleware/ConvertEmptyStringsToNull->handle()
#46 C:/Users/kuldeep/Desktop/New folder/sgcsm-laravel-project/vendor/laravel/framework/src/Illuminate/Foundation/Http/Middleware/TransformsRequest.php(21): Illuminate/Pipeline/Pipeline->{closure:{closure:Illuminate/Pipeline/Pipeline::carry():184}:185}()
#47 C:/Users/kuldeep/Desktop/New folder/sgcsm-laravel-project/vendor/laravel/framework/src/Illuminate/Foundation/Http/Middleware/TrimStrings.php(51): Illuminate/Foundation/Http/Middleware/TransformsRequest->handle()
#48 C:/Users/kuldeep/Desktop/New folder/sgcsm-laravel-project/vendor/laravel/framework/src/Illuminate/Pipeline/Pipeline.php(209): Illuminate/Foundation/Http/Middleware/TrimStrings->handle()
#49 C:/Users/kuldeep/Desktop/New folder/sgcsm-laravel-project/vendor/laravel/framework/src/Illuminate/Http/Middleware/ValidatePostSize.php(27): Illuminate/Pipeline/Pipeline->{closure:{closure:Illuminate/Pipeline/Pipeline::carry():184}:185}()
#50 C:/Users/kuldeep/Desktop/New folder/sgcsm-laravel-project/vendor/laravel/framework/src/Illuminate/Pipeline/Pipeline.php(209): Illuminate/Http/Middleware/ValidatePostSize->handle()
#51 C:/Users/kuldeep/Desktop/New folder/sgcsm-laravel-project/vendor/laravel/framework/src/Illuminate/Foundation/Http/Middleware/PreventRequestsDuringMaintenance.php(110): Illuminate/Pipeline/Pipeline->{closure:{closure:Illuminate/Pipeline/Pipeline::carry():184}:185}()
#52 C:/Users/kuldeep/Desktop/New folder/sgcsm-laravel-project/vendor/laravel/framework/src/Illuminate/Pipeline/Pipeline.php(209): Illuminate/Foundation/Http/Middleware/PreventRequestsDuringMaintenance->handle()
#53 C:/Users/kuldeep/Desktop/New folder/sgcsm-laravel-project/vendor/laravel/framework/src/Illuminate/Http/Middleware/HandleCors.php(49): Illuminate/Pipeline/Pipeline->{closure:{closure:Illuminate/Pipeline/Pipeline::carry():184}:185}()
#54 C:/Users/kuldeep/Desktop/New folder/sgcsm-laravel-project/vendor/laravel/framework/src/Illuminate/Pipeline/Pipeline.php(209): Illuminate/Http/Middleware/HandleCors->handle()
#55 C:/Users/kuldeep/Desktop/New folder/sgcsm-laravel-project/vendor/laravel/framework/src/Illuminate/Http/Middleware/TrustProxies.php(58): Illuminate/Pipeline/Pipeline->{closure:{closure:Illuminate/Pipeline/Pipeline::carry():184}:185}()
#56 C:/Users/kuldeep/Desktop/New folder/sgcsm-laravel-project/vendor/laravel/framework/src/Illuminate/Pipeline/Pipeline.php(209): Illuminate/Http/Middleware/TrustProxies->handle()
#57 C:/Users/kuldeep/Desktop/New folder/sgcsm-laravel-project/vendor/laravel/framework/src/Illuminate/Foundation/Http/Middleware/InvokeDeferredCallbacks.php(22): Illuminate/Pipeline/Pipeline->{closure:{closure:Illuminate/Pipeline/Pipeline::carry():184}:185}()
#58 C:/Users/kuldeep/Desktop/New folder/sgcsm-laravel-project/vendor/laravel/framework/src/Illuminate/Pipeline/Pipeline.php(209): Illuminate/Foundation/Http/Middleware/InvokeDeferredCallbacks->handle()
#59 C:/Users/kuldeep/Desktop/New folder/sgcsm-laravel-project/vendor/laravel/framework/src/Illuminate/Pipeline/Pipeline.php(127): Illuminate/Pipeline/Pipeline->{closure:{closure:Illuminate/Pipeline/Pipeline::carry():184}:185}()
#60 C:/Users/kuldeep/Desktop/New folder/sgcsm-laravel-project/vendor/laravel/framework/src/Illuminate/Foundation/Http/Kernel.php(176): Illuminate/Pipeline/Pipeline->then()
#61 C:/Users/kuldeep/Desktop/New folder/sgcsm-laravel-project/vendor/laravel/framework/src/Illuminate/Foundation/Http/Kernel.php(145): Illuminate/Foundation/Http/Kernel->sendRequestThroughRouter()
#62 C:/Users/kuldeep/Desktop/New folder/sgcsm-laravel-project/vendor/laravel/framework/src/Illuminate/Foundation/Application.php(1220): Illuminate/Foundation/Http/Kernel->handle()
#63 C:/Users/kuldeep/Desktop/New folder/sgcsm-laravel-project/public/index.php(17): Illuminate/Foundation/Application->handleRequest()
#64 C:/Users/kuldeep/Desktop/New folder/sgcsm-laravel-project/vendor/laravel/framework/src/Illuminate/Foundation/resources/server.php(23): require_once('...')
#65 {main}
"} 
[2026-05-04 04:18:25] production.ERROR: No application encryption key has been specified. {"exception":"[object] (Illuminate\\Encryption\\MissingAppKeyException(code: 0): No application encryption key has been specified. at C:/Users/kuldeep/Desktop/Project/sgcsm/vendor/laravel/framework/src/Illuminate/Encryption/EncryptionServiceProvider.php:83)
[stacktrace]
#0 C:/Users/kuldeep/Desktop/Project/sgcsm/vendor/laravel/framework/src/Illuminate/Support/helpers.php(399): Illuminate/Encryption/EncryptionServiceProvider->{closure:Illuminate/Encryption/EncryptionServiceProvider::key():81}()
#1 C:/Users/kuldeep/Desktop/Project/sgcsm/vendor/laravel/framework/src/Illuminate/Encryption/EncryptionServiceProvider.php(81): tap()
#2 C:/Users/kuldeep/Desktop/Project/sgcsm/vendor/laravel/framework/src/Illuminate/Encryption/EncryptionServiceProvider.php(64): Illuminate/Encryption/EncryptionServiceProvider->key()
#3 C:/Users/kuldeep/Desktop/Project/sgcsm/vendor/laravel/framework/src/Illuminate/Encryption/EncryptionServiceProvider.php(32): Illuminate/Encryption/EncryptionServiceProvider->parseKey()
#4 C:/Users/kuldeep/Desktop/Project/sgcsm/vendor/laravel/framework/src/Illuminate/Container/Container.php(952): Illuminate/Encryption/EncryptionServiceProvider->{closure:Illuminate/Encryption/EncryptionServiceProvider::registerEncrypter():29}()
#5 C:/Users/kuldeep/Desktop/Project/sgcsm/vendor/laravel/framework/src/Illuminate/Container/Container.php(832): Illuminate/Container/Container->build()
#6 C:/Users/kuldeep/Desktop/Project/sgcsm/vendor/laravel/framework/src/Illuminate/Foundation/Application.php(1078): Illuminate/Container/Container->resolve()
#7 C:/Users/kuldeep/Desktop/Project/sgcsm/vendor/laravel/framework/src/Illuminate/Container/Container.php(763): Illuminate/Foundation/Application->resolve()
#8 C:/Users/kuldeep/Desktop/Project/sgcsm/vendor/laravel/framework/src/Illuminate/Foundation/Application.php(1058): Illuminate/Container/Container->make()
#9 C:/Users/kuldeep/Desktop/Project/sgcsm/vendor/laravel/framework/src/Illuminate/Container/Container.php(1133): Illuminate/Foundation/Application->make()
#10 C:/Users/kuldeep/Desktop/Project/sgcsm/vendor/laravel/framework/src/Illuminate/Container/Container.php(1043): Illuminate/Container/Container->resolveClass()
#11 C:/Users/kuldeep/Desktop/Project/sgcsm/vendor/laravel/framework/src/Illuminate/Container/Container.php(994): Illuminate/Container/Container->resolveDependencies()
#12 C:/Users/kuldeep/Desktop/Project/sgcsm/vendor/laravel/framework/src/Illuminate/Container/Container.php(832): Illuminate/Container/Container->build()
#13 C:/Users/kuldeep/Desktop/Project/sgcsm/vendor/laravel/framework/src/Illuminate/Foundation/Application.php(1078): Illuminate/Container/Container->resolve()
#14 C:/Users/kuldeep/Desktop/Project/sgcsm/vendor/laravel/framework/src/Illuminate/Container/Container.php(763): Illuminate/Foundation/Application->resolve()
#15 C:/Users/kuldeep/Desktop/Project/sgcsm/vendor/laravel/framework/src/Illuminate/Foundation/Application.php(1058): Illuminate/Container/Container->make()
#16 C:/Users/kuldeep/Desktop/Project/sgcsm/vendor/laravel/framework/src/Illuminate/Pipeline/Pipeline.php(198): Illuminate/Foundation/Application->make()
#17 C:/Users/kuldeep/Desktop/Project/sgcsm/vendor/laravel/framework/src/Illuminate/Pipeline/Pipeline.php(127): Illuminate/Pipeline/Pipeline->{closure:{closure:Illuminate/Pipeline/Pipeline::carry():184}:185}()
#18 C:/Users/kuldeep/Desktop/Project/sgcsm/vendor/laravel/framework/src/Illuminate/Routing/Router.php(807): Illuminate/Pipeline/Pipeline->then()
#19 C:/Users/kuldeep/Desktop/Project/sgcsm/vendor/laravel/framework/src/Illuminate/Routing/Router.php(786): Illuminate/Routing/Router->runRouteWithinStack()
#20 C:/Users/kuldeep/Desktop/Project/sgcsm/vendor/laravel/framework/src/Illuminate/Routing/Router.php(750): Illuminate/Routing/Router->runRoute()
#21 C:/Users/kuldeep/Desktop/Project/sgcsm/vendor/laravel/framework/src/Illuminate/Routing/Router.php(739): Illuminate/Routing/Router->dispatchToRoute()
#22 C:/Users/kuldeep/Desktop/Project/sgcsm/vendor/laravel/framework/src/Illuminate/Foundation/Http/Kernel.php(201): Illuminate/Routing/Router->dispatch()
#23 C:/Users/kuldeep/Desktop/Project/sgcsm/vendor/laravel/framework/src/Illuminate/Pipeline/Pipeline.php(170): Illuminate/Foundation/Http/Kernel->{closure:Illuminate/Foundation/Http/Kernel::dispatchToRouter():198}()
#24 C:/Users/kuldeep/Desktop/Project/sgcsm/vendor/laravel/framework/src/Illuminate/Foundation/Http/Middleware/TransformsRequest.php(21): Illuminate/Pipeline/Pipeline->{closure:Illuminate/Pipeline/Pipeline::prepareDestination():168}()
#25 C:/Users/kuldeep/Desktop/Project/sgcsm/vendor/laravel/framework/src/Illuminate/Foundation/Http/Middleware/ConvertEmptyStringsToNull.php(31): Illuminate/Foundation/Http/Middleware/TransformsRequest->handle()
#26 C:/Users/kuldeep/Desktop/Project/sgcsm/vendor/laravel/framework/src/Illuminate/Pipeline/Pipeline.php(209): Illuminate/Foundation/Http/Middleware/ConvertEmptyStringsToNull->handle()
#27 C:/Users/kuldeep/Desktop/Project/sgcsm/vendor/laravel/framework/src/Illuminate/Foundation/Http/Middleware/TransformsRequest.php(21): Illuminate/Pipeline/Pipeline->{closure:{closure:Illuminate/Pipeline/Pipeline::carry():184}:185}()
#28 C:/Users/kuldeep/Desktop/Project/sgcsm/vendor/laravel/framework/src/Illuminate/Foundation/Http/Middleware/TrimStrings.php(51): Illuminate/Foundation/Http/Middleware/TransformsRequest->handle()
#29 C:/Users/kuldeep/Desktop/Project/sgcsm/vendor/laravel/framework/src/Illuminate/Pipeline/Pipeline.php(209): Illuminate/Foundation/Http/Middleware/TrimStrings->handle()
#30 C:/Users/kuldeep/Desktop/Project/sgcsm/vendor/laravel/framework/src/Illuminate/Http/Middleware/ValidatePostSize.php(27): Illuminate/Pipeline/Pipeline->{closure:{closure:Illuminate/Pipeline/Pipeline::carry():184}:185}()
#31 C:/Users/kuldeep/Desktop/Project/sgcsm/vendor/laravel/framework/src/Illuminate/Pipeline/Pipeline.php(209): Illuminate/Http/Middleware/ValidatePostSize->handle()
#32 C:/Users/kuldeep/Desktop/Project/sgcsm/vendor/laravel/framework/src/Illuminate/Foundation/Http/Middleware/PreventRequestsDuringMaintenance.php(110): Illuminate/Pipeline/Pipeline->{closure:{closure:Illuminate/Pipeline/Pipeline::carry():184}:185}()
#33 C:/Users/kuldeep/Desktop/Project/sgcsm/vendor/laravel/framework/src/Illuminate/Pipeline/Pipeline.php(209): Illuminate/Foundation/Http/Middleware/PreventRequestsDuringMaintenance->handle()
#34 C:/Users/kuldeep/Desktop/Project/sgcsm/vendor/laravel/framework/src/Illuminate/Http/Middleware/HandleCors.php(49): Illuminate/Pipeline/Pipeline->{closure:{closure:Illuminate/Pipeline/Pipeline::carry():184}:185}()
#35 C:/Users/kuldeep/Desktop/Project/sgcsm/vendor/laravel/framework/src/Illuminate/Pipeline/Pipeline.php(209): Illuminate/Http/Middleware/HandleCors->handle()
#36 C:/Users/kuldeep/Desktop/Project/sgcsm/vendor/laravel/framework/src/Illuminate/Http/Middleware/TrustProxies.php(58): Illuminate/Pipeline/Pipeline->{closure:{closure:Illuminate/Pipeline/Pipeline::carry():184}:185}()
#37 C:/Users/kuldeep/Desktop/Project/sgcsm/vendor/laravel/framework/src/Illuminate/Pipeline/Pipeline.php(209): Illuminate/Http/Middleware/TrustProxies->handle()
#38 C:/Users/kuldeep/Desktop/Project/sgcsm/vendor/laravel/framework/src/Illuminate/Foundation/Http/Middleware/InvokeDeferredCallbacks.php(22): Illuminate/Pipeline/Pipeline->{closure:{closure:Illuminate/Pipeline/Pipeline::carry():184}:185}()
#39 C:/Users/kuldeep/Desktop/Project/sgcsm/vendor/laravel/framework/src/Illuminate/Pipeline/Pipeline.php(209): Illuminate/Foundation/Http/Middleware/InvokeDeferredCallbacks->handle()
#40 C:/Users/kuldeep/Desktop/Project/sgcsm/vendor/laravel/framework/src/Illuminate/Pipeline/Pipeline.php(127): Illuminate/Pipeline/Pipeline->{closure:{closure:Illuminate/Pipeline/Pipeline::carry():184}:185}()
#41 C:/Users/kuldeep/Desktop/Project/sgcsm/vendor/laravel/framework/src/Illuminate/Foundation/Http/Kernel.php(176): Illuminate/Pipeline/Pipeline->then()
#42 C:/Users/kuldeep/Desktop/Project/sgcsm/vendor/laravel/framework/src/Illuminate/Foundation/Http/Kernel.php(145): Illuminate/Foundation/Http/Kernel->sendRequestThroughRouter()
#43 C:/Users/kuldeep/Desktop/Project/sgcsm/vendor/laravel/framework/src/Illuminate/Foundation/Application.php(1220): Illuminate/Foundation/Http/Kernel->handle()
#44 C:/Users/kuldeep/Desktop/Project/sgcsm/public/index.php(17): Illuminate/Foundation/Application->handleRequest()
#45 C:/Users/kuldeep/Desktop/Project/sgcsm/vendor/laravel/framework/src/Illuminate/Foundation/resources/server.php(23): require_once('...')
#46 {main}
"} 
[2026-05-04 04:18:25] production.ERROR: No application encryption key has been specified. {"exception":"[object] (Illuminate\\Encryption\\MissingAppKeyException(code: 0): No application encryption key has been specified. at C:/Users/kuldeep/Desktop/Project/sgcsm/vendor/laravel/framework/src/Illuminate/Encryption/EncryptionServiceProvider.php:83)
[stacktrace]
#0 C:/Users/kuldeep/Desktop/Project/sgcsm/vendor/laravel/framework/src/Illuminate/Support/helpers.php(399): Illuminate/Encryption/EncryptionServiceProvider->{closure:Illuminate/Encryption/EncryptionServiceProvider::key():81}()
#1 C:/Users/kuldeep/Desktop/Project/sgcsm/vendor/laravel/framework/src/Illuminate/Encryption/EncryptionServiceProvider.php(81): tap()
#2 C:/Users/kuldeep/Desktop/Project/sgcsm/vendor/laravel/framework/src/Illuminate/Encryption/EncryptionServiceProvider.php(64): Illuminate/Encryption/EncryptionServiceProvider->key()
#3 C:/Users/kuldeep/Desktop/Project/sgcsm/vendor/laravel/framework/src/Illuminate/Encryption/EncryptionServiceProvider.php(32): Illuminate/Encryption/EncryptionServiceProvider->parseKey()
#4 C:/Users/kuldeep/Desktop/Project/sgcsm/vendor/laravel/framework/src/Illuminate/Container/Container.php(952): Illuminate/Encryption/EncryptionServiceProvider->{closure:Illuminate/Encryption/EncryptionServiceProvider::registerEncrypter():29}()
#5 C:/Users/kuldeep/Desktop/Project/sgcsm/vendor/laravel/framework/src/Illuminate/Container/Container.php(832): Illuminate/Container/Container->build()
#6 C:/Users/kuldeep/Desktop/Project/sgcsm/vendor/laravel/framework/src/Illuminate/Foundation/Application.php(1078): Illuminate/Container/Container->resolve()
#7 C:/Users/kuldeep/Desktop/Project/sgcsm/vendor/laravel/framework/src/Illuminate/Container/Container.php(763): Illuminate/Foundation/Application->resolve()
#8 C:/Users/kuldeep/Desktop/Project/sgcsm/vendor/laravel/framework/src/Illuminate/Foundation/Application.php(1058): Illuminate/Container/Container->make()
#9 C:/Users/kuldeep/Desktop/Project/sgcsm/vendor/laravel/framework/src/Illuminate/Container/Container.php(1133): Illuminate/Foundation/Application->make()
#10 C:/Users/kuldeep/Desktop/Project/sgcsm/vendor/laravel/framework/src/Illuminate/Container/Container.php(1043): Illuminate/Container/Container->resolveClass()
#11 C:/Users/kuldeep/Desktop/Project/sgcsm/vendor/laravel/framework/src/Illuminate/Container/Container.php(994): Illuminate/Container/Container->resolveDependencies()
#12 C:/Users/kuldeep/Desktop/Project/sgcsm/vendor/laravel/framework/src/Illuminate/Container/Container.php(832): Illuminate/Container/Container->build()
#13 C:/Users/kuldeep/Desktop/Project/sgcsm/vendor/laravel/framework/src/Illuminate/Foundation/Application.php(1078): Illuminate/Container/Container->resolve()
#14 C:/Users/kuldeep/Desktop/Project/sgcsm/vendor/laravel/framework/src/Illuminate/Container/Container.php(763): Illuminate/Foundation/Application->resolve()
#15 C:/Users/kuldeep/Desktop/Project/sgcsm/vendor/laravel/framework/src/Illuminate/Foundation/Application.php(1058): Illuminate/Container/Container->make()
#16 C:/Users/kuldeep/Desktop/Project/sgcsm/vendor/laravel/framework/src/Illuminate/Foundation/Http/Kernel.php(258): Illuminate/Foundation/Application->make()
#17 C:/Users/kuldeep/Desktop/Project/sgcsm/vendor/laravel/framework/src/Illuminate/Foundation/Http/Kernel.php(216): Illuminate/Foundation/Http/Kernel->terminateMiddleware()
#18 C:/Users/kuldeep/Desktop/Project/sgcsm/vendor/laravel/framework/src/Illuminate/Foundation/Application.php(1222): Illuminate/Foundation/Http/Kernel->terminate()
#19 C:/Users/kuldeep/Desktop/Project/sgcsm/public/index.php(17): Illuminate/Foundation/Application->handleRequest()
#20 C:/Users/kuldeep/Desktop/Project/sgcsm/vendor/laravel/framework/src/Illuminate/Foundation/resources/server.php(23): require_once('...')
#21 {main}
"} 
[2026-05-04 04:18:30] production.ERROR: No application encryption key has been specified. {"exception":"[object] (Illuminate\\Encryption\\MissingAppKeyException(code: 0): No application encryption key has been specified. at C:/Users/kuldeep/Desktop/Project/sgcsm/vendor/laravel/framework/src/Illuminate/Encryption/EncryptionServiceProvider.php:83)
[stacktrace]
#0 C:/Users/kuldeep/Desktop/Project/sgcsm/vendor/laravel/framework/src/Illuminate/Support/helpers.php(399): Illuminate/Encryption/EncryptionServiceProvider->{closure:Illuminate/Encryption/EncryptionServiceProvider::key():81}()
#1 C:/Users/kuldeep/Desktop/Project/sgcsm/vendor/laravel/framework/src/Illuminate/Encryption/EncryptionServiceProvider.php(81): tap()
#2 C:/Users/kuldeep/Desktop/Project/sgcsm/vendor/laravel/framework/src/Illuminate/Encryption/EncryptionServiceProvider.php(64): Illuminate/Encryption/EncryptionServiceProvider->key()
#3 C:/Users/kuldeep/Desktop/Project/sgcsm/vendor/laravel/framework/src/Illuminate/Encryption/EncryptionServiceProvider.php(32): Illuminate/Encryption/EncryptionServiceProvider->parseKey()
#4 C:/Users/kuldeep/Desktop/Project/sgcsm/vendor/laravel/framework/src/Illuminate/Container/Container.php(952): Illuminate/Encryption/EncryptionServiceProvider->{closure:Illuminate/Encryption/EncryptionServiceProvider::registerEncrypter():29}()
#5 C:/Users/kuldeep/Desktop/Project/sgcsm/vendor/laravel/framework/src/Illuminate/Container/Container.php(832): Illuminate/Container/Container->build()
#6 C:/Users/kuldeep/Desktop/Project/sgcsm/vendor/laravel/framework/src/Illuminate/Foundation/Application.php(1078): Illuminate/Container/Container->resolve()
#7 C:/Users/kuldeep/Desktop/Project/sgcsm/vendor/laravel/framework/src/Illuminate/Container/Container.php(763): Illuminate/Foundation/Application->resolve()
#8 C:/Users/kuldeep/Desktop/Project/sgcsm/vendor/laravel/framework/src/Illuminate/Foundation/Application.php(1058): Illuminate/Container/Container->make()
#9 C:/Users/kuldeep/Desktop/Project/sgcsm/vendor/laravel/framework/src/Illuminate/Container/Container.php(1133): Illuminate/Foundation/Application->make()
#10 C:/Users/kuldeep/Desktop/Project/sgcsm/vendor/laravel/framework/src/Illuminate/Container/Container.php(1043): Illuminate/Container/Container->resolveClass()
#11 C:/Users/kuldeep/Desktop/Project/sgcsm/vendor/laravel/framework/src/Illuminate/Container/Container.php(994): Illuminate/Container/Container->resolveDependencies()
#12 C:/Users/kuldeep/Desktop/Project/sgcsm/vendor/laravel/framework/src/Illuminate/Container/Container.php(832): Illuminate/Container/Container->build()
#13 C:/Users/kuldeep/Desktop/Project/sgcsm/vendor/laravel/framework/src/Illuminate/Foundation/Application.php(1078): Illuminate/Container/Container->resolve()
#14 C:/Users/kuldeep/Desktop/Project/sgcsm/vendor/laravel/framework/src/Illuminate/Container/Container.php(763): Illuminate/Foundation/Application->resolve()
#15 C:/Users/kuldeep/Desktop/Project/sgcsm/vendor/laravel/framework/src/Illuminate/Foundation/Application.php(1058): Illuminate/Container/Container->make()
#16 C:/Users/kuldeep/Desktop/Project/sgcsm/vendor/laravel/framework/src/Illuminate/Pipeline/Pipeline.php(198): Illuminate/Foundation/Application->make()
#17 C:/Users/kuldeep/Desktop/Project/sgcsm/vendor/laravel/framework/src/Illuminate/Pipeline/Pipeline.php(127): Illuminate/Pipeline/Pipeline->{closure:{closure:Illuminate/Pipeline/Pipeline::carry():184}:185}()
#18 C:/Users/kuldeep/Desktop/Project/sgcsm/vendor/laravel/framework/src/Illuminate/Routing/Router.php(807): Illuminate/Pipeline/Pipeline->then()
#19 C:/Users/kuldeep/Desktop/Project/sgcsm/vendor/laravel/framework/src/Illuminate/Routing/Router.php(786): Illuminate/Routing/Router->runRouteWithinStack()
#20 C:/Users/kuldeep/Desktop/Project/sgcsm/vendor/laravel/framework/src/Illuminate/Routing/Router.php(750): Illuminate/Routing/Router->runRoute()
#21 C:/Users/kuldeep/Desktop/Project/sgcsm/vendor/laravel/framework/src/Illuminate/Routing/Router.php(739): Illuminate/Routing/Router->dispatchToRoute()
#22 C:/Users/kuldeep/Desktop/Project/sgcsm/vendor/laravel/framework/src/Illuminate/Foundation/Http/Kernel.php(201): Illuminate/Routing/Router->dispatch()
#23 C:/Users/kuldeep/Desktop/Project/sgcsm/vendor/laravel/framework/src/Illuminate/Pipeline/Pipeline.php(170): Illuminate/Foundation/Http/Kernel->{closure:Illuminate/Foundation/Http/Kernel::dispatchToRouter():198}()
#24 C:/Users/kuldeep/Desktop/Project/sgcsm/vendor/laravel/framework/src/Illuminate/Foundation/Http/Middleware/TransformsRequest.php(21): Illuminate/Pipeline/Pipeline->{closure:Illuminate/Pipeline/Pipeline::prepareDestination():168}()
#25 C:/Users/kuldeep/Desktop/Project/sgcsm/vendor/laravel/framework/src/Illuminate/Foundation/Http/Middleware/ConvertEmptyStringsToNull.php(31): Illuminate/Foundation/Http/Middleware/TransformsRequest->handle()
#26 C:/Users/kuldeep/Desktop/Project/sgcsm/vendor/laravel/framework/src/Illuminate/Pipeline/Pipeline.php(209): Illuminate/Foundation/Http/Middleware/ConvertEmptyStringsToNull->handle()
#27 C:/Users/kuldeep/Desktop/Project/sgcsm/vendor/laravel/framework/src/Illuminate/Foundation/Http/Middleware/TransformsRequest.php(21): Illuminate/Pipeline/Pipeline->{closure:{closure:Illuminate/Pipeline/Pipeline::carry():184}:185}()
#28 C:/Users/kuldeep/Desktop/Project/sgcsm/vendor/laravel/framework/src/Illuminate/Foundation/Http/Middleware/TrimStrings.php(51): Illuminate/Foundation/Http/Middleware/TransformsRequest->handle()
#29 C:/Users/kuldeep/Desktop/Project/sgcsm/vendor/laravel/framework/src/Illuminate/Pipeline/Pipeline.php(209): Illuminate/Foundation/Http/Middleware/TrimStrings->handle()
#30 C:/Users/kuldeep/Desktop/Project/sgcsm/vendor/laravel/framework/src/Illuminate/Http/Middleware/ValidatePostSize.php(27): Illuminate/Pipeline/Pipeline->{closure:{closure:Illuminate/Pipeline/Pipeline::carry():184}:185}()
#31 C:/Users/kuldeep/Desktop/Project/sgcsm/vendor/laravel/framework/src/Illuminate/Pipeline/Pipeline.php(209): Illuminate/Http/Middleware/ValidatePostSize->handle()
#32 C:/Users/kuldeep/Desktop/Project/sgcsm/vendor/laravel/framework/src/Illuminate/Foundation/Http/Middleware/PreventRequestsDuringMaintenance.php(110): Illuminate/Pipeline/Pipeline->{closure:{closure:Illuminate/Pipeline/Pipeline::carry():184}:185}()
#33 C:/Users/kuldeep/Desktop/Project/sgcsm/vendor/laravel/framework/src/Illuminate/Pipeline/Pipeline.php(209): Illuminate/Foundation/Http/Middleware/PreventRequestsDuringMaintenance->handle()
#34 C:/Users/kuldeep/Desktop/Project/sgcsm/vendor/laravel/framework/src/Illuminate/Http/Middleware/HandleCors.php(49): Illuminate/Pipeline/Pipeline->{closure:{closure:Illuminate/Pipeline/Pipeline::carry():184}:185}()
#35 C:/Users/kuldeep/Desktop/Project/sgcsm/vendor/laravel/framework/src/Illuminate/Pipeline/Pipeline.php(209): Illuminate/Http/Middleware/HandleCors->handle()
#36 C:/Users/kuldeep/Desktop/Project/sgcsm/vendor/laravel/framework/src/Illuminate/Http/Middleware/TrustProxies.php(58): Illuminate/Pipeline/Pipeline->{closure:{closure:Illuminate/Pipeline/Pipeline::carry():184}:185}()
#37 C:/Users/kuldeep/Desktop/Project/sgcsm/vendor/laravel/framework/src/Illuminate/Pipeline/Pipeline.php(209): Illuminate/Http/Middleware/TrustProxies->handle()
#38 C:/Users/kuldeep/Desktop/Project/sgcsm/vendor/laravel/framework/src/Illuminate/Foundation/Http/Middleware/InvokeDeferredCallbacks.php(22): Illuminate/Pipeline/Pipeline->{closure:{closure:Illuminate/Pipeline/Pipeline::carry():184}:185}()
#39 C:/Users/kuldeep/Desktop/Project/sgcsm/vendor/laravel/framework/src/Illuminate/Pipeline/Pipeline.php(209): Illuminate/Foundation/Http/Middleware/InvokeDeferredCallbacks->handle()
#40 C:/Users/kuldeep/Desktop/Project/sgcsm/vendor/laravel/framework/src/Illuminate/Pipeline/Pipeline.php(127): Illuminate/Pipeline/Pipeline->{closure:{closure:Illuminate/Pipeline/Pipeline::carry():184}:185}()
#41 C:/Users/kuldeep/Desktop/Project/sgcsm/vendor/laravel/framework/src/Illuminate/Foundation/Http/Kernel.php(176): Illuminate/Pipeline/Pipeline->then()
#42 C:/Users/kuldeep/Desktop/Project/sgcsm/vendor/laravel/framework/src/Illuminate/Foundation/Http/Kernel.php(145): Illuminate/Foundation/Http/Kernel->sendRequestThroughRouter()
#43 C:/Users/kuldeep/Desktop/Project/sgcsm/vendor/laravel/framework/src/Illuminate/Foundation/Application.php(1220): Illuminate/Foundation/Http/Kernel->handle()
#44 C:/Users/kuldeep/Desktop/Project/sgcsm/public/index.php(17): Illuminate/Foundation/Application->handleRequest()
#45 C:/Users/kuldeep/Desktop/Project/sgcsm/vendor/laravel/framework/src/Illuminate/Foundation/resources/server.php(23): require_once('...')
#46 {main}
"} 
[2026-05-04 04:18:31] production.ERROR: No application encryption key has been specified. {"exception":"[object] (Illuminate\\Encryption\\MissingAppKeyException(code: 0): No application encryption key has been specified. at C:/Users/kuldeep/Desktop/Project/sgcsm/vendor/laravel/framework/src/Illuminate/Encryption/EncryptionServiceProvider.php:83)
[stacktrace]
#0 C:/Users/kuldeep/Desktop/Project/sgcsm/vendor/laravel/framework/src/Illuminate/Support/helpers.php(399): Illuminate/Encryption/EncryptionServiceProvider->{closure:Illuminate/Encryption/EncryptionServiceProvider::key():81}()
#1 C:/Users/kuldeep/Desktop/Project/sgcsm/vendor/laravel/framework/src/Illuminate/Encryption/EncryptionServiceProvider.php(81): tap()
#2 C:/Users/kuldeep/Desktop/Project/sgcsm/vendor/laravel/framework/src/Illuminate/Encryption/EncryptionServiceProvider.php(64): Illuminate/Encryption/EncryptionServiceProvider->key()
#3 C:/Users/kuldeep/Desktop/Project/sgcsm/vendor/laravel/framework/src/Illuminate/Encryption/EncryptionServiceProvider.php(32): Illuminate/Encryption/EncryptionServiceProvider->parseKey()
#4 C:/Users/kuldeep/Desktop/Project/sgcsm/vendor/laravel/framework/src/Illuminate/Container/Container.php(952): Illuminate/Encryption/EncryptionServiceProvider->{closure:Illuminate/Encryption/EncryptionServiceProvider::registerEncrypter():29}()
#5 C:/Users/kuldeep/Desktop/Project/sgcsm/vendor/laravel/framework/src/Illuminate/Container/Container.php(832): Illuminate/Container/Container->build()
#6 C:/Users/kuldeep/Desktop/Project/sgcsm/vendor/laravel/framework/src/Illuminate/Foundation/Application.php(1078): Illuminate/Container/Container->resolve()
#7 C:/Users/kuldeep/Desktop/Project/sgcsm/vendor/laravel/framework/src/Illuminate/Container/Container.php(763): Illuminate/Foundation/Application->resolve()
#8 C:/Users/kuldeep/Desktop/Project/sgcsm/vendor/laravel/framework/src/Illuminate/Foundation/Application.php(1058): Illuminate/Container/Container->make()
#9 C:/Users/kuldeep/Desktop/Project/sgcsm/vendor/laravel/framework/src/Illuminate/Container/Container.php(1133): Illuminate/Foundation/Application->make()
#10 C:/Users/kuldeep/Desktop/Project/sgcsm/vendor/laravel/framework/src/Illuminate/Container/Container.php(1043): Illuminate/Container/Container->resolveClass()
#11 C:/Users/kuldeep/Desktop/Project/sgcsm/vendor/laravel/framework/src/Illuminate/Container/Container.php(994): Illuminate/Container/Container->resolveDependencies()
#12 C:/Users/kuldeep/Desktop/Project/sgcsm/vendor/laravel/framework/src/Illuminate/Container/Container.php(832): Illuminate/Container/Container->build()
#13 C:/Users/kuldeep/Desktop/Project/sgcsm/vendor/laravel/framework/src/Illuminate/Foundation/Application.php(1078): Illuminate/Container/Container->resolve()
#14 C:/Users/kuldeep/Desktop/Project/sgcsm/vendor/laravel/framework/src/Illuminate/Container/Container.php(763): Illuminate/Foundation/Application->resolve()
#15 C:/Users/kuldeep/Desktop/Project/sgcsm/vendor/laravel/framework/src/Illuminate/Foundation/Application.php(1058): Illuminate/Container/Container->make()
#16 C:/Users/kuldeep/Desktop/Project/sgcsm/vendor/laravel/framework/src/Illuminate/Foundation/Http/Kernel.php(258): Illuminate/Foundation/Application->make()
#17 C:/Users/kuldeep/Desktop/Project/sgcsm/vendor/laravel/framework/src/Illuminate/Foundation/Http/Kernel.php(216): Illuminate/Foundation/Http/Kernel->terminateMiddleware()
#18 C:/Users/kuldeep/Desktop/Project/sgcsm/vendor/laravel/framework/src/Illuminate/Foundation/Application.php(1222): Illuminate/Foundation/Http/Kernel->terminate()
#19 C:/Users/kuldeep/Desktop/Project/sgcsm/public/index.php(17): Illuminate/Foundation/Application->handleRequest()
#20 C:/Users/kuldeep/Desktop/Project/sgcsm/vendor/laravel/framework/src/Illuminate/Foundation/resources/server.php(23): require_once('...')
#21 {main}
"} 
[2026-05-04 04:19:04] local.ERROR: No application encryption key has been specified. {"exception":"[object] (Illuminate\\Encryption\\MissingAppKeyException(code: 0): No application encryption key has been specified. at C:/Users/kuldeep/Desktop/Project/sgcsm/vendor/laravel/framework/src/Illuminate/Encryption/EncryptionServiceProvider.php:83)
[stacktrace]
#0 C:/Users/kuldeep/Desktop/Project/sgcsm/vendor/laravel/framework/src/Illuminate/Support/helpers.php(399): Illuminate/Encryption/EncryptionServiceProvider->{closure:Illuminate/Encryption/EncryptionServiceProvider::key():81}()
#1 C:/Users/kuldeep/Desktop/Project/sgcsm/vendor/laravel/framework/src/Illuminate/Encryption/EncryptionServiceProvider.php(81): tap()
#2 C:/Users/kuldeep/Desktop/Project/sgcsm/vendor/laravel/framework/src/Illuminate/Encryption/EncryptionServiceProvider.php(64): Illuminate/Encryption/EncryptionServiceProvider->key()
#3 C:/Users/kuldeep/Desktop/Project/sgcsm/vendor/laravel/framework/src/Illuminate/Encryption/EncryptionServiceProvider.php(32): Illuminate/Encryption/EncryptionServiceProvider->parseKey()
#4 C:/Users/kuldeep/Desktop/Project/sgcsm/vendor/laravel/framework/src/Illuminate/Container/Container.php(952): Illuminate/Encryption/EncryptionServiceProvider->{closure:Illuminate/Encryption/EncryptionServiceProvider::registerEncrypter():29}()
#5 C:/Users/kuldeep/Desktop/Project/sgcsm/vendor/laravel/framework/src/Illuminate/Container/Container.php(832): Illuminate/Container/Container->build()
#6 C:/Users/kuldeep/Desktop/Project/sgcsm/vendor/laravel/framework/src/Illuminate/Foundation/Application.php(1078): Illuminate/Container/Container->resolve()
#7 C:/Users/kuldeep/Desktop/Project/sgcsm/vendor/laravel/framework/src/Illuminate/Container/Container.php(763): Illuminate/Foundation/Application->resolve()
#8 C:/Users/kuldeep/Desktop/Project/sgcsm/vendor/laravel/framework/src/Illuminate/Foundation/Application.php(1058): Illuminate/Container/Container->make()
#9 C:/Users/kuldeep/Desktop/Project/sgcsm/vendor/laravel/framework/src/Illuminate/Container/Container.php(1133): Illuminate/Foundation/Application->make()
#10 C:/Users/kuldeep/Desktop/Project/sgcsm/vendor/laravel/framework/src/Illuminate/Container/Container.php(1043): Illuminate/Container/Container->resolveClass()
#11 C:/Users/kuldeep/Desktop/Project/sgcsm/vendor/laravel/framework/src/Illuminate/Container/Container.php(994): Illuminate/Container/Container->resolveDependencies()
#12 C:/Users/kuldeep/Desktop/Project/sgcsm/vendor/laravel/framework/src/Illuminate/Container/Container.php(832): Illuminate/Container/Container->build()
#13 C:/Users/kuldeep/Desktop/Project/sgcsm/vendor/laravel/framework/src/Illuminate/Foundation/Application.php(1078): Illuminate/Container/Container->resolve()
#14 C:/Users/kuldeep/Desktop/Project/sgcsm/vendor/laravel/framework/src/Illuminate/Container/Container.php(763): Illuminate/Foundation/Application->resolve()
#15 C:/Users/kuldeep/Desktop/Project/sgcsm/vendor/laravel/framework/src/Illuminate/Foundation/Application.php(1058): Illuminate/Container/Container->make()
#16 C:/Users/kuldeep/Desktop/Project/sgcsm/vendor/laravel/framework/src/Illuminate/Pipeline/Pipeline.php(198): Illuminate/Foundation/Application->make()
#17 C:/Users/kuldeep/Desktop/Project/sgcsm/vendor/laravel/framework/src/Illuminate/Pipeline/Pipeline.php(127): Illuminate/Pipeline/Pipeline->{closure:{closure:Illuminate/Pipeline/Pipeline::carry():184}:185}()
#18 C:/Users/kuldeep/Desktop/Project/sgcsm/vendor/laravel/framework/src/Illuminate/Routing/Router.php(807): Illuminate/Pipeline/Pipeline->then()
#19 C:/Users/kuldeep/Desktop/Project/sgcsm/vendor/laravel/framework/src/Illuminate/Routing/Router.php(786): Illuminate/Routing/Router->runRouteWithinStack()
#20 C:/Users/kuldeep/Desktop/Project/sgcsm/vendor/laravel/framework/src/Illuminate/Routing/Router.php(750): Illuminate/Routing/Router->runRoute()
#21 C:/Users/kuldeep/Desktop/Project/sgcsm/vendor/laravel/framework/src/Illuminate/Routing/Router.php(739): Illuminate/Routing/Router->dispatchToRoute()
#22 C:/Users/kuldeep/Desktop/Project/sgcsm/vendor/laravel/framework/src/Illuminate/Foundation/Http/Kernel.php(201): Illuminate/Routing/Router->dispatch()
#23 C:/Users/kuldeep/Desktop/Project/sgcsm/vendor/laravel/framework/src/Illuminate/Pipeline/Pipeline.php(170): Illuminate/Foundation/Http/Kernel->{closure:Illuminate/Foundation/Http/Kernel::dispatchToRouter():198}()
#24 C:/Users/kuldeep/Desktop/Project/sgcsm/vendor/laravel/framework/src/Illuminate/Foundation/Http/Middleware/TransformsRequest.php(21): Illuminate/Pipeline/Pipeline->{closure:Illuminate/Pipeline/Pipeline::prepareDestination():168}()
#25 C:/Users/kuldeep/Desktop/Project/sgcsm/vendor/laravel/framework/src/Illuminate/Foundation/Http/Middleware/ConvertEmptyStringsToNull.php(31): Illuminate/Foundation/Http/Middleware/TransformsRequest->handle()
#26 C:/Users/kuldeep/Desktop/Project/sgcsm/vendor/laravel/framework/src/Illuminate/Pipeline/Pipeline.php(209): Illuminate/Foundation/Http/Middleware/ConvertEmptyStringsToNull->handle()
#27 C:/Users/kuldeep/Desktop/Project/sgcsm/vendor/laravel/framework/src/Illuminate/Foundation/Http/Middleware/TransformsRequest.php(21): Illuminate/Pipeline/Pipeline->{closure:{closure:Illuminate/Pipeline/Pipeline::carry():184}:185}()
#28 C:/Users/kuldeep/Desktop/Project/sgcsm/vendor/laravel/framework/src/Illuminate/Foundation/Http/Middleware/TrimStrings.php(51): Illuminate/Foundation/Http/Middleware/TransformsRequest->handle()
#29 C:/Users/kuldeep/Desktop/Project/sgcsm/vendor/laravel/framework/src/Illuminate/Pipeline/Pipeline.php(209): Illuminate/Foundation/Http/Middleware/TrimStrings->handle()
#30 C:/Users/kuldeep/Desktop/Project/sgcsm/vendor/laravel/framework/src/Illuminate/Http/Middleware/ValidatePostSize.php(27): Illuminate/Pipeline/Pipeline->{closure:{closure:Illuminate/Pipeline/Pipeline::carry():184}:185}()
#31 C:/Users/kuldeep/Desktop/Project/sgcsm/vendor/laravel/framework/src/Illuminate/Pipeline/Pipeline.php(209): Illuminate/Http/Middleware/ValidatePostSize->handle()
#32 C:/Users/kuldeep/Desktop/Project/sgcsm/vendor/laravel/framework/src/Illuminate/Foundation/Http/Middleware/PreventRequestsDuringMaintenance.php(110): Illuminate/Pipeline/Pipeline->{closure:{closure:Illuminate/Pipeline/Pipeline::carry():184}:185}()
#33 C:/Users/kuldeep/Desktop/Project/sgcsm/vendor/laravel/framework/src/Illuminate/Pipeline/Pipeline.php(209): Illuminate/Foundation/Http/Middleware/PreventRequestsDuringMaintenance->handle()
#34 C:/Users/kuldeep/Desktop/Project/sgcsm/vendor/laravel/framework/src/Illuminate/Http/Middleware/HandleCors.php(49): Illuminate/Pipeline/Pipeline->{closure:{closure:Illuminate/Pipeline/Pipeline::carry():184}:185}()
#35 C:/Users/kuldeep/Desktop/Project/sgcsm/vendor/laravel/framework/src/Illuminate/Pipeline/Pipeline.php(209): Illuminate/Http/Middleware/HandleCors->handle()
#36 C:/Users/kuldeep/Desktop/Project/sgcsm/vendor/laravel/framework/src/Illuminate/Http/Middleware/TrustProxies.php(58): Illuminate/Pipeline/Pipeline->{closure:{closure:Illuminate/Pipeline/Pipeline::carry():184}:185}()
#37 C:/Users/kuldeep/Desktop/Project/sgcsm/vendor/laravel/framework/src/Illuminate/Pipeline/Pipeline.php(209): Illuminate/Http/Middleware/TrustProxies->handle()
#38 C:/Users/kuldeep/Desktop/Project/sgcsm/vendor/laravel/framework/src/Illuminate/Foundation/Http/Middleware/InvokeDeferredCallbacks.php(22): Illuminate/Pipeline/Pipeline->{closure:{closure:Illuminate/Pipeline/Pipeline::carry():184}:185}()
#39 C:/Users/kuldeep/Desktop/Project/sgcsm/vendor/laravel/framework/src/Illuminate/Pipeline/Pipeline.php(209): Illuminate/Foundation/Http/Middleware/InvokeDeferredCallbacks->handle()
#40 C:/Users/kuldeep/Desktop/Project/sgcsm/vendor/laravel/framework/src/Illuminate/Pipeline/Pipeline.php(127): Illuminate/Pipeline/Pipeline->{closure:{closure:Illuminate/Pipeline/Pipeline::carry():184}:185}()
#41 C:/Users/kuldeep/Desktop/Project/sgcsm/vendor/laravel/framework/src/Illuminate/Foundation/Http/Kernel.php(176): Illuminate/Pipeline/Pipeline->then()
#42 C:/Users/kuldeep/Desktop/Project/sgcsm/vendor/laravel/framework/src/Illuminate/Foundation/Http/Kernel.php(145): Illuminate/Foundation/Http/Kernel->sendRequestThroughRouter()
#43 C:/Users/kuldeep/Desktop/Project/sgcsm/vendor/laravel/framework/src/Illuminate/Foundation/Application.php(1220): Illuminate/Foundation/Http/Kernel->handle()
#44 C:/Users/kuldeep/Desktop/Project/sgcsm/public/index.php(17): Illuminate/Foundation/Application->handleRequest()
#45 C:/Users/kuldeep/Desktop/Project/sgcsm/vendor/laravel/framework/src/Illuminate/Foundation/resources/server.php(23): require_once('...')
#46 {main}
"} 
[2026-05-04 04:19:04] local.ERROR: No application encryption key has been specified. {"exception":"[object] (Illuminate\\Encryption\\MissingAppKeyException(code: 0): No application encryption key has been specified. at C:/Users/kuldeep/Desktop/Project/sgcsm/vendor/laravel/framework/src/Illuminate/Encryption/EncryptionServiceProvider.php:83)
[stacktrace]
#0 C:/Users/kuldeep/Desktop/Project/sgcsm/vendor/laravel/framework/src/Illuminate/Support/helpers.php(399): Illuminate/Encryption/EncryptionServiceProvider->{closure:Illuminate/Encryption/EncryptionServiceProvider::key():81}()
#1 C:/Users/kuldeep/Desktop/Project/sgcsm/vendor/laravel/framework/src/Illuminate/Encryption/EncryptionServiceProvider.php(81): tap()
#2 C:/Users/kuldeep/Desktop/Project/sgcsm/vendor/laravel/framework/src/Illuminate/Encryption/EncryptionServiceProvider.php(64): Illuminate/Encryption/EncryptionServiceProvider->key()
#3 C:/Users/kuldeep/Desktop/Project/sgcsm/vendor/laravel/framework/src/Illuminate/Encryption/EncryptionServiceProvider.php(32): Illuminate/Encryption/EncryptionServiceProvider->parseKey()
#4 C:/Users/kuldeep/Desktop/Project/sgcsm/vendor/laravel/framework/src/Illuminate/Container/Container.php(952): Illuminate/Encryption/EncryptionServiceProvider->{closure:Illuminate/Encryption/EncryptionServiceProvider::registerEncrypter():29}()
#5 C:/Users/kuldeep/Desktop/Project/sgcsm/vendor/laravel/framework/src/Illuminate/Container/Container.php(832): Illuminate/Container/Container->build()
#6 C:/Users/kuldeep/Desktop/Project/sgcsm/vendor/laravel/framework/src/Illuminate/Foundation/Application.php(1078): Illuminate/Container/Container->resolve()
#7 C:/Users/kuldeep/Desktop/Project/sgcsm/vendor/laravel/framework/src/Illuminate/Container/Container.php(763): Illuminate/Foundation/Application->resolve()
#8 C:/Users/kuldeep/Desktop/Project/sgcsm/vendor/laravel/framework/src/Illuminate/Foundation/Application.php(1058): Illuminate/Container/Container->make()
#9 C:/Users/kuldeep/Desktop/Project/sgcsm/vendor/laravel/framework/src/Illuminate/Container/Container.php(1133): Illuminate/Foundation/Application->make()
#10 C:/Users/kuldeep/Desktop/Project/sgcsm/vendor/laravel/framework/src/Illuminate/Container/Container.php(1043): Illuminate/Container/Container->resolveClass()
#11 C:/Users/kuldeep/Desktop/Project/sgcsm/vendor/laravel/framework/src/Illuminate/Container/Container.php(994): Illuminate/Container/Container->resolveDependencies()
#12 C:/Users/kuldeep/Desktop/Project/sgcsm/vendor/laravel/framework/src/Illuminate/Container/Container.php(832): Illuminate/Container/Container->build()
#13 C:/Users/kuldeep/Desktop/Project/sgcsm/vendor/laravel/framework/src/Illuminate/Foundation/Application.php(1078): Illuminate/Container/Container->resolve()
#14 C:/Users/kuldeep/Desktop/Project/sgcsm/vendor/laravel/framework/src/Illuminate/Container/Container.php(763): Illuminate/Foundation/Application->resolve()
#15 C:/Users/kuldeep/Desktop/Project/sgcsm/vendor/laravel/framework/src/Illuminate/Foundation/Application.php(1058): Illuminate/Container/Container->make()
#16 C:/Users/kuldeep/Desktop/Project/sgcsm/vendor/laravel/framework/src/Illuminate/Foundation/Http/Kernel.php(258): Illuminate/Foundation/Application->make()
#17 C:/Users/kuldeep/Desktop/Project/sgcsm/vendor/laravel/framework/src/Illuminate/Foundation/Http/Kernel.php(216): Illuminate/Foundation/Http/Kernel->terminateMiddleware()
#18 C:/Users/kuldeep/Desktop/Project/sgcsm/vendor/laravel/framework/src/Illuminate/Foundation/Application.php(1222): Illuminate/Foundation/Http/Kernel->terminate()
#19 C:/Users/kuldeep/Desktop/Project/sgcsm/public/index.php(17): Illuminate/Foundation/Application->handleRequest()
#20 C:/Users/kuldeep/Desktop/Project/sgcsm/vendor/laravel/framework/src/Illuminate/Foundation/resources/server.php(23): require_once('...')
#21 {main}
"} 
[2026-05-04 04:19:21] local.ERROR: Database file at path [C:\Users\kuldeep\Desktop\Project\sgcsm\database\database.sqlite] does not exist. Ensure this is an absolute path to the database. (Connection: sqlite, SQL: select * from "sessions" where "id" = mKicFxT6STdzt8EVTSkbWJa6iRw3Y7Hw4jSTSqSh limit 1) {"exception":"[object] (Illuminate\\Database\\QueryException(code: 0): Database file at path [C:\\Users\\kuldeep\\Desktop\\Project\\sgcsm\\database\\database.sqlite] does not exist. Ensure this is an absolute path to the database. (Connection: sqlite, SQL: select * from \"sessions\" where \"id\" = mKicFxT6STdzt8EVTSkbWJa6iRw3Y7Hw4jSTSqSh limit 1) at C:/Users/kuldeep/Desktop/Project/sgcsm/vendor/laravel/framework/src/Illuminate/Database/Connection.php:825)
[stacktrace]
#0 C:/Users/kuldeep/Desktop/Project/sgcsm/vendor/laravel/framework/src/Illuminate/Database/Connection.php(779): Illuminate/Database/Connection->runQueryCallback()
#1 C:/Users/kuldeep/Desktop/Project/sgcsm/vendor/laravel/framework/src/Illuminate/Database/Connection.php(398): Illuminate/Database/Connection->run()
#2 C:/Users/kuldeep/Desktop/Project/sgcsm/vendor/laravel/framework/src/Illuminate/Database/Query/Builder.php(3106): Illuminate/Database/Connection->select()
#3 C:/Users/kuldeep/Desktop/Project/sgcsm/vendor/laravel/framework/src/Illuminate/Database/Query/Builder.php(3091): Illuminate/Database/Query/Builder->runSelect()
#4 C:/Users/kuldeep/Desktop/Project/sgcsm/vendor/laravel/framework/src/Illuminate/Database/Query/Builder.php(3676): Illuminate/Database/Query/Builder->{closure:Illuminate/Database/Query/Builder::get():3090}()
#5 C:/Users/kuldeep/Desktop/Project/sgcsm/vendor/laravel/framework/src/Illuminate/Database/Query/Builder.php(3090): Illuminate/Database/Query/Builder->onceWithColumns()
#6 C:/Users/kuldeep/Desktop/Project/sgcsm/vendor/laravel/framework/src/Illuminate/Database/Concerns/BuildsQueries.php(343): Illuminate/Database/Query/Builder->get()
#7 C:/Users/kuldeep/Desktop/Project/sgcsm/vendor/laravel/framework/src/Illuminate/Database/Query/Builder.php(3013): Illuminate/Database/Query/Builder->first()
#8 C:/Users/kuldeep/Desktop/Project/sgcsm/vendor/laravel/framework/src/Illuminate/Session/DatabaseSessionHandler.php(97): Illuminate/Database/Query/Builder->find()
#9 C:/Users/kuldeep/Desktop/Project/sgcsm/vendor/laravel/framework/src/Illuminate/Session/Store.php(117): Illuminate/Session/DatabaseSessionHandler->read()
#10 C:/Users/kuldeep/Desktop/Project/sgcsm/vendor/laravel/framework/src/Illuminate/Session/Store.php(105): Illuminate/Session/Store->readFromHandler()
#11 C:/Users/kuldeep/Desktop/Project/sgcsm/vendor/laravel/framework/src/Illuminate/Session/Store.php(89): Illuminate/Session/Store->loadSession()
#12 C:/Users/kuldeep/Desktop/Project/sgcsm/vendor/laravel/framework/src/Illuminate/Session/Middleware/StartSession.php(147): Illuminate/Session/Store->start()
#13 C:/Users/kuldeep/Desktop/Project/sgcsm/vendor/laravel/framework/src/Illuminate/Support/helpers.php(399): Illuminate/Session/Middleware/StartSession->{closure:Illuminate/Session/Middleware/StartSession::startSession():144}()
#14 C:/Users/kuldeep/Desktop/Project/sgcsm/vendor/laravel/framework/src/Illuminate/Session/Middleware/StartSession.php(144): tap()
#15 C:/Users/kuldeep/Desktop/Project/sgcsm/vendor/laravel/framework/src/Illuminate/Session/Middleware/StartSession.php(116): Illuminate/Session/Middleware/StartSession->startSession()
#16 C:/Users/kuldeep/Desktop/Project/sgcsm/vendor/laravel/framework/src/Illuminate/Session/Middleware/StartSession.php(64): Illuminate/Session/Middleware/StartSession->handleStatefulRequest()
#17 C:/Users/kuldeep/Desktop/Project/sgcsm/vendor/laravel/framework/src/Illuminate/Pipeline/Pipeline.php(209): Illuminate/Session/Middleware/StartSession->handle()
#18 C:/Users/kuldeep/Desktop/Project/sgcsm/vendor/laravel/framework/src/Illuminate/Cookie/Middleware/AddQueuedCookiesToResponse.php(37): Illuminate/Pipeline/Pipeline->{closure:{closure:Illuminate/Pipeline/Pipeline::carry():184}:185}()
#19 C:/Users/kuldeep/Desktop/Project/sgcsm/vendor/laravel/framework/src/Illuminate/Pipeline/Pipeline.php(209): Illuminate/Cookie/Middleware/AddQueuedCookiesToResponse->handle()
#20 C:/Users/kuldeep/Desktop/Project/sgcsm/vendor/laravel/framework/src/Illuminate/Cookie/Middleware/EncryptCookies.php(75): Illuminate/Pipeline/Pipeline->{closure:{closure:Illuminate/Pipeline/Pipeline::carry():184}:185}()
#21 C:/Users/kuldeep/Desktop/Project/sgcsm/vendor/laravel/framework/src/Illuminate/Pipeline/Pipeline.php(209): Illuminate/Cookie/Middleware/EncryptCookies->handle()
#22 C:/Users/kuldeep/Desktop/Project/sgcsm/vendor/laravel/framework/src/Illuminate/Pipeline/Pipeline.php(127): Illuminate/Pipeline/Pipeline->{closure:{closure:Illuminate/Pipeline/Pipeline::carry():184}:185}()
#23 C:/Users/kuldeep/Desktop/Project/sgcsm/vendor/laravel/framework/src/Illuminate/Routing/Router.php(807): Illuminate/Pipeline/Pipeline->then()
#24 C:/Users/kuldeep/Desktop/Project/sgcsm/vendor/laravel/framework/src/Illuminate/Routing/Router.php(786): Illuminate/Routing/Router->runRouteWithinStack()
#25 C:/Users/kuldeep/Desktop/Project/sgcsm/vendor/laravel/framework/src/Illuminate/Routing/Router.php(750): Illuminate/Routing/Router->runRoute()
#26 C:/Users/kuldeep/Desktop/Project/sgcsm/vendor/laravel/framework/src/Illuminate/Routing/Router.php(739): Illuminate/Routing/Router->dispatchToRoute()
#27 C:/Users/kuldeep/Desktop/Project/sgcsm/vendor/laravel/framework/src/Illuminate/Foundation/Http/Kernel.php(201): Illuminate/Routing/Router->dispatch()
#28 C:/Users/kuldeep/Desktop/Project/sgcsm/vendor/laravel/framework/src/Illuminate/Pipeline/Pipeline.php(170): Illuminate/Foundation/Http/Kernel->{closure:Illuminate/Foundation/Http/Kernel::dispatchToRouter():198}()
#29 C:/Users/kuldeep/Desktop/Project/sgcsm/vendor/laravel/framework/src/Illuminate/Foundation/Http/Middleware/TransformsRequest.php(21): Illuminate/Pipeline/Pipeline->{closure:Illuminate/Pipeline/Pipeline::prepareDestination():168}()
#30 C:/Users/kuldeep/Desktop/Project/sgcsm/vendor/laravel/framework/src/Illuminate/Foundation/Http/Middleware/ConvertEmptyStringsToNull.php(31): Illuminate/Foundation/Http/Middleware/TransformsRequest->handle()
#31 C:/Users/kuldeep/Desktop/Project/sgcsm/vendor/laravel/framework/src/Illuminate/Pipeline/Pipeline.php(209): Illuminate/Foundation/Http/Middleware/ConvertEmptyStringsToNull->handle()
#32 C:/Users/kuldeep/Desktop/Project/sgcsm/vendor/laravel/framework/src/Illuminate/Foundation/Http/Middleware/TransformsRequest.php(21): Illuminate/Pipeline/Pipeline->{closure:{closure:Illuminate/Pipeline/Pipeline::carry():184}:185}()
#33 C:/Users/kuldeep/Desktop/Project/sgcsm/vendor/laravel/framework/src/Illuminate/Foundation/Http/Middleware/TrimStrings.php(51): Illuminate/Foundation/Http/Middleware/TransformsRequest->handle()
#34 C:/Users/kuldeep/Desktop/Project/sgcsm/vendor/laravel/framework/src/Illuminate/Pipeline/Pipeline.php(209): Illuminate/Foundation/Http/Middleware/TrimStrings->handle()
#35 C:/Users/kuldeep/Desktop/Project/sgcsm/vendor/laravel/framework/src/Illuminate/Http/Middleware/ValidatePostSize.php(27): Illuminate/Pipeline/Pipeline->{closure:{closure:Illuminate/Pipeline/Pipeline::carry():184}:185}()
#36 C:/Users/kuldeep/Desktop/Project/sgcsm/vendor/laravel/framework/src/Illuminate/Pipeline/Pipeline.php(209): Illuminate/Http/Middleware/ValidatePostSize->handle()
#37 C:/Users/kuldeep/Desktop/Project/sgcsm/vendor/laravel/framework/src/Illuminate/Foundation/Http/Middleware/PreventRequestsDuringMaintenance.php(110): Illuminate/Pipeline/Pipeline->{closure:{closure:Illuminate/Pipeline/Pipeline::carry():184}:185}()
#38 C:/Users/kuldeep/Desktop/Project/sgcsm/vendor/laravel/framework/src/Illuminate/Pipeline/Pipeline.php(209): Illuminate/Foundation/Http/Middleware/PreventRequestsDuringMaintenance->handle()
#39 C:/Users/kuldeep/Desktop/Project/sgcsm/vendor/laravel/framework/src/Illuminate/Http/Middleware/HandleCors.php(49): Illuminate/Pipeline/Pipeline->{closure:{closure:Illuminate/Pipeline/Pipeline::carry():184}:185}()
#40 C:/Users/kuldeep/Desktop/Project/sgcsm/vendor/laravel/framework/src/Illuminate/Pipeline/Pipeline.php(209): Illuminate/Http/Middleware/HandleCors->handle()
#41 C:/Users/kuldeep/Desktop/Project/sgcsm/vendor/laravel/framework/src/Illuminate/Http/Middleware/TrustProxies.php(58): Illuminate/Pipeline/Pipeline->{closure:{closure:Illuminate/Pipeline/Pipeline::carry():184}:185}()
#42 C:/Users/kuldeep/Desktop/Project/sgcsm/vendor/laravel/framework/src/Illuminate/Pipeline/Pipeline.php(209): Illuminate/Http/Middleware/TrustProxies->handle()
#43 C:/Users/kuldeep/Desktop/Project/sgcsm/vendor/laravel/framework/src/Illuminate/Foundation/Http/Middleware/InvokeDeferredCallbacks.php(22): Illuminate/Pipeline/Pipeline->{closure:{closure:Illuminate/Pipeline/Pipeline::carry():184}:185}()
#44 C:/Users/kuldeep/Desktop/Project/sgcsm/vendor/laravel/framework/src/Illuminate/Pipeline/Pipeline.php(209): Illuminate/Foundation/Http/Middleware/InvokeDeferredCallbacks->handle()
#45 C:/Users/kuldeep/Desktop/Project/sgcsm/vendor/laravel/framework/src/Illuminate/Pipeline/Pipeline.php(127): Illuminate/Pipeline/Pipeline->{closure:{closure:Illuminate/Pipeline/Pipeline::carry():184}:185}()
#46 C:/Users/kuldeep/Desktop/Project/sgcsm/vendor/laravel/framework/src/Illuminate/Foundation/Http/Kernel.php(176): Illuminate/Pipeline/Pipeline->then()
#47 C:/Users/kuldeep/Desktop/Project/sgcsm/vendor/laravel/framework/src/Illuminate/Foundation/Http/Kernel.php(145): Illuminate/Foundation/Http/Kernel->sendRequestThroughRouter()
#48 C:/Users/kuldeep/Desktop/Project/sgcsm/vendor/laravel/framework/src/Illuminate/Foundation/Application.php(1220): Illuminate/Foundation/Http/Kernel->handle()
#49 C:/Users/kuldeep/Desktop/Project/sgcsm/public/index.php(17): Illuminate/Foundation/Application->handleRequest()
#50 C:/Users/kuldeep/Desktop/Project/sgcsm/vendor/laravel/framework/src/Illuminate/Foundation/resources/server.php(23): require_once('...')
#51 {main}

[previous exception] [object] (Illuminate\\Database\\SQLiteDatabaseDoesNotExistException(code: 0): Database file at path [C:\\Users\\kuldeep\\Desktop\\Project\\sgcsm\\database\\database.sqlite] does not exist. Ensure this is an absolute path to the database. at C:/Users/kuldeep/Desktop/Project/sgcsm/vendor/laravel/framework/src/Illuminate/Database/Connectors/SQLiteConnector.php:37)
[stacktrace]
#0 C:/Users/kuldeep/Desktop/Project/sgcsm/vendor/laravel/framework/src/Illuminate/Database/Connectors/ConnectionFactory.php(224): Illuminate/Database/Connectors/SQLiteConnector->connect()
#1 [internal function]: Illuminate/Database/Connectors/ConnectionFactory->{closure:Illuminate/Database/Connectors/ConnectionFactory::createPdoResolverWithoutHosts():224}()
#2 C:/Users/kuldeep/Desktop/Project/sgcsm/vendor/laravel/framework/src/Illuminate/Database/Connection.php(1231): call_user_func()
#3 C:/Users/kuldeep/Desktop/Project/sgcsm/vendor/laravel/framework/src/Illuminate/Database/Connection.php(512): Illuminate/Database/Connection->getPdo()
#4 C:/Users/kuldeep/Desktop/Project/sgcsm/vendor/laravel/framework/src/Illuminate/Database/Connection.php(407): Illuminate/Database/Connection->getPdoForSelect()
#5 C:/Users/kuldeep/Desktop/Project/sgcsm/vendor/laravel/framework/src/Illuminate/Database/Connection.php(812): Illuminate/Database/Connection->{closure:Illuminate/Database/Connection::select():398}()
#6 C:/Users/kuldeep/Desktop/Project/sgcsm/vendor/laravel/framework/src/Illuminate/Database/Connection.php(779): Illuminate/Database/Connection->runQueryCallback()
#7 C:/Users/kuldeep/Desktop/Project/sgcsm/vendor/laravel/framework/src/Illuminate/Database/Connection.php(398): Illuminate/Database/Connection->run()
#8 C:/Users/kuldeep/Desktop/Project/sgcsm/vendor/laravel/framework/src/Illuminate/Database/Query/Builder.php(3106): Illuminate/Database/Connection->select()
#9 C:/Users/kuldeep/Desktop/Project/sgcsm/vendor/laravel/framework/src/Illuminate/Database/Query/Builder.php(3091): Illuminate/Database/Query/Builder->runSelect()
#10 C:/Users/kuldeep/Desktop/Project/sgcsm/vendor/laravel/framework/src/Illuminate/Database/Query/Builder.php(3676): Illuminate/Database/Query/Builder->{closure:Illuminate/Database/Query/Builder::get():3090}()
#11 C:/Users/kuldeep/Desktop/Project/sgcsm/vendor/laravel/framework/src/Illuminate/Database/Query/Builder.php(3090): Illuminate/Database/Query/Builder->onceWithColumns()
#12 C:/Users/kuldeep/Desktop/Project/sgcsm/vendor/laravel/framework/src/Illuminate/Database/Concerns/BuildsQueries.php(343): Illuminate/Database/Query/Builder->get()
#13 C:/Users/kuldeep/Desktop/Project/sgcsm/vendor/laravel/framework/src/Illuminate/Database/Query/Builder.php(3013): Illuminate/Database/Query/Builder->first()
#14 C:/Users/kuldeep/Desktop/Project/sgcsm/vendor/laravel/framework/src/Illuminate/Session/DatabaseSessionHandler.php(97): Illuminate/Database/Query/Builder->find()
#15 C:/Users/kuldeep/Desktop/Project/sgcsm/vendor/laravel/framework/src/Illuminate/Session/Store.php(117): Illuminate/Session/DatabaseSessionHandler->read()
#16 C:/Users/kuldeep/Desktop/Project/sgcsm/vendor/laravel/framework/src/Illuminate/Session/Store.php(105): Illuminate/Session/Store->readFromHandler()
#17 C:/Users/kuldeep/Desktop/Project/sgcsm/vendor/laravel/framework/src/Illuminate/Session/Store.php(89): Illuminate/Session/Store->loadSession()
#18 C:/Users/kuldeep/Desktop/Project/sgcsm/vendor/laravel/framework/src/Illuminate/Session/Middleware/StartSession.php(147): Illuminate/Session/Store->start()
#19 C:/Users/kuldeep/Desktop/Project/sgcsm/vendor/laravel/framework/src/Illuminate/Support/helpers.php(399): Illuminate/Session/Middleware/StartSession->{closure:Illuminate/Session/Middleware/StartSession::startSession():144}()
#20 C:/Users/kuldeep/Desktop/Project/sgcsm/vendor/laravel/framework/src/Illuminate/Session/Middleware/StartSession.php(144): tap()
#21 C:/Users/kuldeep/Desktop/Project/sgcsm/vendor/laravel/framework/src/Illuminate/Session/Middleware/StartSession.php(116): Illuminate/Session/Middleware/StartSession->startSession()
#22 C:/Users/kuldeep/Desktop/Project/sgcsm/vendor/laravel/framework/src/Illuminate/Session/Middleware/StartSession.php(64): Illuminate/Session/Middleware/StartSession->handleStatefulRequest()
#23 C:/Users/kuldeep/Desktop/Project/sgcsm/vendor/laravel/framework/src/Illuminate/Pipeline/Pipeline.php(209): Illuminate/Session/Middleware/StartSession->handle()
#24 C:/Users/kuldeep/Desktop/Project/sgcsm/vendor/laravel/framework/src/Illuminate/Cookie/Middleware/AddQueuedCookiesToResponse.php(37): Illuminate/Pipeline/Pipeline->{closure:{closure:Illuminate/Pipeline/Pipeline::carry():184}:185}()
#25 C:/Users/kuldeep/Desktop/Project/sgcsm/vendor/laravel/framework/src/Illuminate/Pipeline/Pipeline.php(209): Illuminate/Cookie/Middleware/AddQueuedCookiesToResponse->handle()
#26 C:/Users/kuldeep/Desktop/Project/sgcsm/vendor/laravel/framework/src/Illuminate/Cookie/Middleware/EncryptCookies.php(75): Illuminate/Pipeline/Pipeline->{closure:{closure:Illuminate/Pipeline/Pipeline::carry():184}:185}()
#27 C:/Users/kuldeep/Desktop/Project/sgcsm/vendor/laravel/framework/src/Illuminate/Pipeline/Pipeline.php(209): Illuminate/Cookie/Middleware/EncryptCookies->handle()
#28 C:/Users/kuldeep/Desktop/Project/sgcsm/vendor/laravel/framework/src/Illuminate/Pipeline/Pipeline.php(127): Illuminate/Pipeline/Pipeline->{closure:{closure:Illuminate/Pipeline/Pipeline::carry():184}:185}()
#29 C:/Users/kuldeep/Desktop/Project/sgcsm/vendor/laravel/framework/src/Illuminate/Routing/Router.php(807): Illuminate/Pipeline/Pipeline->then()
#30 C:/Users/kuldeep/Desktop/Project/sgcsm/vendor/laravel/framework/src/Illuminate/Routing/Router.php(786): Illuminate/Routing/Router->runRouteWithinStack()
#31 C:/Users/kuldeep/Desktop/Project/sgcsm/vendor/laravel/framework/src/Illuminate/Routing/Router.php(750): Illuminate/Routing/Router->runRoute()
#32 C:/Users/kuldeep/Desktop/Project/sgcsm/vendor/laravel/framework/src/Illuminate/Routing/Router.php(739): Illuminate/Routing/Router->dispatchToRoute()
#33 C:/Users/kuldeep/Desktop/Project/sgcsm/vendor/laravel/framework/src/Illuminate/Foundation/Http/Kernel.php(201): Illuminate/Routing/Router->dispatch()
#34 C:/Users/kuldeep/Desktop/Project/sgcsm/vendor/laravel/framework/src/Illuminate/Pipeline/Pipeline.php(170): Illuminate/Foundation/Http/Kernel->{closure:Illuminate/Foundation/Http/Kernel::dispatchToRouter():198}()
#35 C:/Users/kuldeep/Desktop/Project/sgcsm/vendor/laravel/framework/src/Illuminate/Foundation/Http/Middleware/TransformsRequest.php(21): Illuminate/Pipeline/Pipeline->{closure:Illuminate/Pipeline/Pipeline::prepareDestination():168}()
#36 C:/Users/kuldeep/Desktop/Project/sgcsm/vendor/laravel/framework/src/Illuminate/Foundation/Http/Middleware/ConvertEmptyStringsToNull.php(31): Illuminate/Foundation/Http/Middleware/TransformsRequest->handle()
#37 C:/Users/kuldeep/Desktop/Project/sgcsm/vendor/laravel/framework/src/Illuminate/Pipeline/Pipeline.php(209): Illuminate/Foundation/Http/Middleware/ConvertEmptyStringsToNull->handle()
#38 C:/Users/kuldeep/Desktop/Project/sgcsm/vendor/laravel/framework/src/Illuminate/Foundation/Http/Middleware/TransformsRequest.php(21): Illuminate/Pipeline/Pipeline->{closure:{closure:Illuminate/Pipeline/Pipeline::carry():184}:185}()
#39 C:/Users/kuldeep/Desktop/Project/sgcsm/vendor/laravel/framework/src/Illuminate/Foundation/Http/Middleware/TrimStrings.php(51): Illuminate/Foundation/Http/Middleware/TransformsRequest->handle()
#40 C:/Users/kuldeep/Desktop/Project/sgcsm/vendor/laravel/framework/src/Illuminate/Pipeline/Pipeline.php(209): Illuminate/Foundation/Http/Middleware/TrimStrings->handle()
#41 C:/Users/kuldeep/Desktop/Project/sgcsm/vendor/laravel/framework/src/Illuminate/Http/Middleware/ValidatePostSize.php(27): Illuminate/Pipeline/Pipeline->{closure:{closure:Illuminate/Pipeline/Pipeline::carry():184}:185}()
#42 C:/Users/kuldeep/Desktop/Project/sgcsm/vendor/laravel/framework/src/Illuminate/Pipeline/Pipeline.php(209): Illuminate/Http/Middleware/ValidatePostSize->handle()
#43 C:/Users/kuldeep/Desktop/Project/sgcsm/vendor/laravel/framework/src/Illuminate/Foundation/Http/Middleware/PreventRequestsDuringMaintenance.php(110): Illuminate/Pipeline/Pipeline->{closure:{closure:Illuminate/Pipeline/Pipeline::carry():184}:185}()
#44 C:/Users/kuldeep/Desktop/Project/sgcsm/vendor/laravel/framework/src/Illuminate/Pipeline/Pipeline.php(209): Illuminate/Foundation/Http/Middleware/PreventRequestsDuringMaintenance->handle()
#45 C:/Users/kuldeep/Desktop/Project/sgcsm/vendor/laravel/framework/src/Illuminate/Http/Middleware/HandleCors.php(49): Illuminate/Pipeline/Pipeline->{closure:{closure:Illuminate/Pipeline/Pipeline::carry():184}:185}()
#46 C:/Users/kuldeep/Desktop/Project/sgcsm/vendor/laravel/framework/src/Illuminate/Pipeline/Pipeline.php(209): Illuminate/Http/Middleware/HandleCors->handle()
#47 C:/Users/kuldeep/Desktop/Project/sgcsm/vendor/laravel/framework/src/Illuminate/Http/Middleware/TrustProxies.php(58): Illuminate/Pipeline/Pipeline->{closure:{closure:Illuminate/Pipeline/Pipeline::carry():184}:185}()
#48 C:/Users/kuldeep/Desktop/Project/sgcsm/vendor/laravel/framework/src/Illuminate/Pipeline/Pipeline.php(209): Illuminate/Http/Middleware/TrustProxies->handle()
#49 C:/Users/kuldeep/Desktop/Project/sgcsm/vendor/laravel/framework/src/Illuminate/Foundation/Http/Middleware/InvokeDeferredCallbacks.php(22): Illuminate/Pipeline/Pipeline->{closure:{closure:Illuminate/Pipeline/Pipeline::carry():184}:185}()
#50 C:/Users/kuldeep/Desktop/Project/sgcsm/vendor/laravel/framework/src/Illuminate/Pipeline/Pipeline.php(209): Illuminate/Foundation/Http/Middleware/InvokeDeferredCallbacks->handle()
#51 C:/Users/kuldeep/Desktop/Project/sgcsm/vendor/laravel/framework/src/Illuminate/Pipeline/Pipeline.php(127): Illuminate/Pipeline/Pipeline->{closure:{closure:Illuminate/Pipeline/Pipeline::carry():184}:185}()
#52 C:/Users/kuldeep/Desktop/Project/sgcsm/vendor/laravel/framework/src/Illuminate/Foundation/Http/Kernel.php(176): Illuminate/Pipeline/Pipeline->then()
#53 C:/Users/kuldeep/Desktop/Project/sgcsm/vendor/laravel/framework/src/Illuminate/Foundation/Http/Kernel.php(145): Illuminate/Foundation/Http/Kernel->sendRequestThroughRouter()
#54 C:/Users/kuldeep/Desktop/Project/sgcsm/vendor/laravel/framework/src/Illuminate/Foundation/Application.php(1220): Illuminate/Foundation/Http/Kernel->handle()
#55 C:/Users/kuldeep/Desktop/Project/sgcsm/public/index.php(17): Illuminate/Foundation/Application->handleRequest()
#56 C:/Users/kuldeep/Desktop/Project/sgcsm/vendor/laravel/framework/src/Illuminate/Foundation/resources/server.php(23): require_once('...')
#57 {main}
"} 
[2026-05-04 04:19:22] local.ERROR: Database file at path [C:\Users\kuldeep\Desktop\Project\sgcsm\database\database.sqlite] does not exist. Ensure this is an absolute path to the database. (Connection: sqlite, SQL: select * from "sessions" where "id" = wbl1HZCVVvtm3lrzrS6yohU4FnqZ9lHjno4Dagms limit 1) {"exception":"[object] (Illuminate\\Database\\QueryException(code: 0): Database file at path [C:\\Users\\kuldeep\\Desktop\\Project\\sgcsm\\database\\database.sqlite] does not exist. Ensure this is an absolute path to the database. (Connection: sqlite, SQL: select * from \"sessions\" where \"id\" = wbl1HZCVVvtm3lrzrS6yohU4FnqZ9lHjno4Dagms limit 1) at C:/Users/kuldeep/Desktop/Project/sgcsm/vendor/laravel/framework/src/Illuminate/Database/Connection.php:825)
[stacktrace]
#0 C:/Users/kuldeep/Desktop/Project/sgcsm/vendor/laravel/framework/src/Illuminate/Database/Connection.php(779): Illuminate/Database/Connection->runQueryCallback()
#1 C:/Users/kuldeep/Desktop/Project/sgcsm/vendor/laravel/framework/src/Illuminate/Database/Connection.php(398): Illuminate/Database/Connection->run()
#2 C:/Users/kuldeep/Desktop/Project/sgcsm/vendor/laravel/framework/src/Illuminate/Database/Query/Builder.php(3106): Illuminate/Database/Connection->select()
#3 C:/Users/kuldeep/Desktop/Project/sgcsm/vendor/laravel/framework/src/Illuminate/Database/Query/Builder.php(3091): Illuminate/Database/Query/Builder->runSelect()
#4 C:/Users/kuldeep/Desktop/Project/sgcsm/vendor/laravel/framework/src/Illuminate/Database/Query/Builder.php(3676): Illuminate/Database/Query/Builder->{closure:Illuminate/Database/Query/Builder::get():3090}()
#5 C:/Users/kuldeep/Desktop/Project/sgcsm/vendor/laravel/framework/src/Illuminate/Database/Query/Builder.php(3090): Illuminate/Database/Query/Builder->onceWithColumns()
#6 C:/Users/kuldeep/Desktop/Project/sgcsm/vendor/laravel/framework/src/Illuminate/Database/Concerns/BuildsQueries.php(343): Illuminate/Database/Query/Builder->get()
#7 C:/Users/kuldeep/Desktop/Project/sgcsm/vendor/laravel/framework/src/Illuminate/Database/Query/Builder.php(3013): Illuminate/Database/Query/Builder->first()
#8 C:/Users/kuldeep/Desktop/Project/sgcsm/vendor/laravel/framework/src/Illuminate/Session/DatabaseSessionHandler.php(97): Illuminate/Database/Query/Builder->find()
#9 C:/Users/kuldeep/Desktop/Project/sgcsm/vendor/laravel/framework/src/Illuminate/Session/Store.php(117): Illuminate/Session/DatabaseSessionHandler->read()
#10 C:/Users/kuldeep/Desktop/Project/sgcsm/vendor/laravel/framework/src/Illuminate/Session/Store.php(105): Illuminate/Session/Store->readFromHandler()
#11 C:/Users/kuldeep/Desktop/Project/sgcsm/vendor/laravel/framework/src/Illuminate/Session/Store.php(89): Illuminate/Session/Store->loadSession()
#12 C:/Users/kuldeep/Desktop/Project/sgcsm/vendor/laravel/framework/src/Illuminate/Session/Middleware/StartSession.php(147): Illuminate/Session/Store->start()
#13 C:/Users/kuldeep/Desktop/Project/sgcsm/vendor/laravel/framework/src/Illuminate/Support/helpers.php(399): Illuminate/Session/Middleware/StartSession->{closure:Illuminate/Session/Middleware/StartSession::startSession():144}()
#14 C:/Users/kuldeep/Desktop/Project/sgcsm/vendor/laravel/framework/src/Illuminate/Session/Middleware/StartSession.php(144): tap()
#15 C:/Users/kuldeep/Desktop/Project/sgcsm/vendor/laravel/framework/src/Illuminate/Session/Middleware/StartSession.php(116): Illuminate/Session/Middleware/StartSession->startSession()
#16 C:/Users/kuldeep/Desktop/Project/sgcsm/vendor/laravel/framework/src/Illuminate/Session/Middleware/StartSession.php(64): Illuminate/Session/Middleware/StartSession->handleStatefulRequest()
#17 C:/Users/kuldeep/Desktop/Project/sgcsm/vendor/laravel/framework/src/Illuminate/Pipeline/Pipeline.php(209): Illuminate/Session/Middleware/StartSession->handle()
#18 C:/Users/kuldeep/Desktop/Project/sgcsm/vendor/laravel/framework/src/Illuminate/Cookie/Middleware/AddQueuedCookiesToResponse.php(37): Illuminate/Pipeline/Pipeline->{closure:{closure:Illuminate/Pipeline/Pipeline::carry():184}:185}()
#19 C:/Users/kuldeep/Desktop/Project/sgcsm/vendor/laravel/framework/src/Illuminate/Pipeline/Pipeline.php(209): Illuminate/Cookie/Middleware/AddQueuedCookiesToResponse->handle()
#20 C:/Users/kuldeep/Desktop/Project/sgcsm/vendor/laravel/framework/src/Illuminate/Cookie/Middleware/EncryptCookies.php(75): Illuminate/Pipeline/Pipeline->{closure:{closure:Illuminate/Pipeline/Pipeline::carry():184}:185}()
#21 C:/Users/kuldeep/Desktop/Project/sgcsm/vendor/laravel/framework/src/Illuminate/Pipeline/Pipeline.php(209): Illuminate/Cookie/Middleware/EncryptCookies->handle()
#22 C:/Users/kuldeep/Desktop/Project/sgcsm/vendor/laravel/framework/src/Illuminate/Pipeline/Pipeline.php(127): Illuminate/Pipeline/Pipeline->{closure:{closure:Illuminate/Pipeline/Pipeline::carry():184}:185}()
#23 C:/Users/kuldeep/Desktop/Project/sgcsm/vendor/laravel/framework/src/Illuminate/Routing/Router.php(807): Illuminate/Pipeline/Pipeline->then()
#24 C:/Users/kuldeep/Desktop/Project/sgcsm/vendor/laravel/framework/src/Illuminate/Routing/Router.php(786): Illuminate/Routing/Router->runRouteWithinStack()
#25 C:/Users/kuldeep/Desktop/Project/sgcsm/vendor/laravel/framework/src/Illuminate/Routing/Router.php(750): Illuminate/Routing/Router->runRoute()
#26 C:/Users/kuldeep/Desktop/Project/sgcsm/vendor/laravel/framework/src/Illuminate/Routing/Router.php(739): Illuminate/Routing/Router->dispatchToRoute()
#27 C:/Users/kuldeep/Desktop/Project/sgcsm/vendor/laravel/framework/src/Illuminate/Foundation/Http/Kernel.php(201): Illuminate/Routing/Router->dispatch()
#28 C:/Users/kuldeep/Desktop/Project/sgcsm/vendor/laravel/framework/src/Illuminate/Pipeline/Pipeline.php(170): Illuminate/Foundation/Http/Kernel->{closure:Illuminate/Foundation/Http/Kernel::dispatchToRouter():198}()
#29 C:/Users/kuldeep/Desktop/Project/sgcsm/vendor/laravel/framework/src/Illuminate/Foundation/Http/Middleware/TransformsRequest.php(21): Illuminate/Pipeline/Pipeline->{closure:Illuminate/Pipeline/Pipeline::prepareDestination():168}()
#30 C:/Users/kuldeep/Desktop/Project/sgcsm/vendor/laravel/framework/src/Illuminate/Foundation/Http/Middleware/ConvertEmptyStringsToNull.php(31): Illuminate/Foundation/Http/Middleware/TransformsRequest->handle()
#31 C:/Users/kuldeep/Desktop/Project/sgcsm/vendor/laravel/framework/src/Illuminate/Pipeline/Pipeline.php(209): Illuminate/Foundation/Http/Middleware/ConvertEmptyStringsToNull->handle()
#32 C:/Users/kuldeep/Desktop/Project/sgcsm/vendor/laravel/framework/src/Illuminate/Foundation/Http/Middleware/TransformsRequest.php(21): Illuminate/Pipeline/Pipeline->{closure:{closure:Illuminate/Pipeline/Pipeline::carry():184}:185}()
#33 C:/Users/kuldeep/Desktop/Project/sgcsm/vendor/laravel/framework/src/Illuminate/Foundation/Http/Middleware/TrimStrings.php(51): Illuminate/Foundation/Http/Middleware/TransformsRequest->handle()
#34 C:/Users/kuldeep/Desktop/Project/sgcsm/vendor/laravel/framework/src/Illuminate/Pipeline/Pipeline.php(209): Illuminate/Foundation/Http/Middleware/TrimStrings->handle()
#35 C:/Users/kuldeep/Desktop/Project/sgcsm/vendor/laravel/framework/src/Illuminate/Http/Middleware/ValidatePostSize.php(27): Illuminate/Pipeline/Pipeline->{closure:{closure:Illuminate/Pipeline/Pipeline::carry():184}:185}()
#36 C:/Users/kuldeep/Desktop/Project/sgcsm/vendor/laravel/framework/src/Illuminate/Pipeline/Pipeline.php(209): Illuminate/Http/Middleware/ValidatePostSize->handle()
#37 C:/Users/kuldeep/Desktop/Project/sgcsm/vendor/laravel/framework/src/Illuminate/Foundation/Http/Middleware/PreventRequestsDuringMaintenance.php(110): Illuminate/Pipeline/Pipeline->{closure:{closure:Illuminate/Pipeline/Pipeline::carry():184}:185}()
#38 C:/Users/kuldeep/Desktop/Project/sgcsm/vendor/laravel/framework/src/Illuminate/Pipeline/Pipeline.php(209): Illuminate/Foundation/Http/Middleware/PreventRequestsDuringMaintenance->handle()
#39 C:/Users/kuldeep/Desktop/Project/sgcsm/vendor/laravel/framework/src/Illuminate/Http/Middleware/HandleCors.php(49): Illuminate/Pipeline/Pipeline->{closure:{closure:Illuminate/Pipeline/Pipeline::carry():184}:185}()
#40 C:/Users/kuldeep/Desktop/Project/sgcsm/vendor/laravel/framework/src/Illuminate/Pipeline/Pipeline.php(209): Illuminate/Http/Middleware/HandleCors->handle()
#41 C:/Users/kuldeep/Desktop/Project/sgcsm/vendor/laravel/framework/src/Illuminate/Http/Middleware/TrustProxies.php(58): Illuminate/Pipeline/Pipeline->{closure:{closure:Illuminate/Pipeline/Pipeline::carry():184}:185}()
#42 C:/Users/kuldeep/Desktop/Project/sgcsm/vendor/laravel/framework/src/Illuminate/Pipeline/Pipeline.php(209): Illuminate/Http/Middleware/TrustProxies->handle()
#43 C:/Users/kuldeep/Desktop/Project/sgcsm/vendor/laravel/framework/src/Illuminate/Foundation/Http/Middleware/InvokeDeferredCallbacks.php(22): Illuminate/Pipeline/Pipeline->{closure:{closure:Illuminate/Pipeline/Pipeline::carry():184}:185}()
#44 C:/Users/kuldeep/Desktop/Project/sgcsm/vendor/laravel/framework/src/Illuminate/Pipeline/Pipeline.php(209): Illuminate/Foundation/Http/Middleware/InvokeDeferredCallbacks->handle()
#45 C:/Users/kuldeep/Desktop/Project/sgcsm/vendor/laravel/framework/src/Illuminate/Pipeline/Pipeline.php(127): Illuminate/Pipeline/Pipeline->{closure:{closure:Illuminate/Pipeline/Pipeline::carry():184}:185}()
#46 C:/Users/kuldeep/Desktop/Project/sgcsm/vendor/laravel/framework/src/Illuminate/Foundation/Http/Kernel.php(176): Illuminate/Pipeline/Pipeline->then()
#47 C:/Users/kuldeep/Desktop/Project/sgcsm/vendor/laravel/framework/src/Illuminate/Foundation/Http/Kernel.php(145): Illuminate/Foundation/Http/Kernel->sendRequestThroughRouter()
#48 C:/Users/kuldeep/Desktop/Project/sgcsm/vendor/laravel/framework/src/Illuminate/Foundation/Application.php(1220): Illuminate/Foundation/Http/Kernel->handle()
#49 C:/Users/kuldeep/Desktop/Project/sgcsm/public/index.php(17): Illuminate/Foundation/Application->handleRequest()
#50 C:/Users/kuldeep/Desktop/Project/sgcsm/vendor/laravel/framework/src/Illuminate/Foundation/resources/server.php(23): require_once('...')
#51 {main}

[previous exception] [object] (Illuminate\\Database\\SQLiteDatabaseDoesNotExistException(code: 0): Database file at path [C:\\Users\\kuldeep\\Desktop\\Project\\sgcsm\\database\\database.sqlite] does not exist. Ensure this is an absolute path to the database. at C:/Users/kuldeep/Desktop/Project/sgcsm/vendor/laravel/framework/src/Illuminate/Database/Connectors/SQLiteConnector.php:37)
[stacktrace]
#0 C:/Users/kuldeep/Desktop/Project/sgcsm/vendor/laravel/framework/src/Illuminate/Database/Connectors/ConnectionFactory.php(224): Illuminate/Database/Connectors/SQLiteConnector->connect()
#1 [internal function]: Illuminate/Database/Connectors/ConnectionFactory->{closure:Illuminate/Database/Connectors/ConnectionFactory::createPdoResolverWithoutHosts():224}()
#2 C:/Users/kuldeep/Desktop/Project/sgcsm/vendor/laravel/framework/src/Illuminate/Database/Connection.php(1231): call_user_func()
#3 C:/Users/kuldeep/Desktop/Project/sgcsm/vendor/laravel/framework/src/Illuminate/Database/Connection.php(512): Illuminate/Database/Connection->getPdo()
#4 C:/Users/kuldeep/Desktop/Project/sgcsm/vendor/laravel/framework/src/Illuminate/Database/Connection.php(407): Illuminate/Database/Connection->getPdoForSelect()
#5 C:/Users/kuldeep/Desktop/Project/sgcsm/vendor/laravel/framework/src/Illuminate/Database/Connection.php(812): Illuminate/Database/Connection->{closure:Illuminate/Database/Connection::select():398}()
#6 C:/Users/kuldeep/Desktop/Project/sgcsm/vendor/laravel/framework/src/Illuminate/Database/Connection.php(779): Illuminate/Database/Connection->runQueryCallback()
#7 C:/Users/kuldeep/Desktop/Project/sgcsm/vendor/laravel/framework/src/Illuminate/Database/Connection.php(398): Illuminate/Database/Connection->run()
#8 C:/Users/kuldeep/Desktop/Project/sgcsm/vendor/laravel/framework/src/Illuminate/Database/Query/Builder.php(3106): Illuminate/Database/Connection->select()
#9 C:/Users/kuldeep/Desktop/Project/sgcsm/vendor/laravel/framework/src/Illuminate/Database/Query/Builder.php(3091): Illuminate/Database/Query/Builder->runSelect()
#10 C:/Users/kuldeep/Desktop/Project/sgcsm/vendor/laravel/framework/src/Illuminate/Database/Query/Builder.php(3676): Illuminate/Database/Query/Builder->{closure:Illuminate/Database/Query/Builder::get():3090}()
#11 C:/Users/kuldeep/Desktop/Project/sgcsm/vendor/laravel/framework/src/Illuminate/Database/Query/Builder.php(3090): Illuminate/Database/Query/Builder->onceWithColumns()
#12 C:/Users/kuldeep/Desktop/Project/sgcsm/vendor/laravel/framework/src/Illuminate/Database/Concerns/BuildsQueries.php(343): Illuminate/Database/Query/Builder->get()
#13 C:/Users/kuldeep/Desktop/Project/sgcsm/vendor/laravel/framework/src/Illuminate/Database/Query/Builder.php(3013): Illuminate/Database/Query/Builder->first()
#14 C:/Users/kuldeep/Desktop/Project/sgcsm/vendor/laravel/framework/src/Illuminate/Session/DatabaseSessionHandler.php(97): Illuminate/Database/Query/Builder->find()
#15 C:/Users/kuldeep/Desktop/Project/sgcsm/vendor/laravel/framework/src/Illuminate/Session/Store.php(117): Illuminate/Session/DatabaseSessionHandler->read()
#16 C:/Users/kuldeep/Desktop/Project/sgcsm/vendor/laravel/framework/src/Illuminate/Session/Store.php(105): Illuminate/Session/Store->readFromHandler()
#17 C:/Users/kuldeep/Desktop/Project/sgcsm/vendor/laravel/framework/src/Illuminate/Session/Store.php(89): Illuminate/Session/Store->loadSession()
#18 C:/Users/kuldeep/Desktop/Project/sgcsm/vendor/laravel/framework/src/Illuminate/Session/Middleware/StartSession.php(147): Illuminate/Session/Store->start()
#19 C:/Users/kuldeep/Desktop/Project/sgcsm/vendor/laravel/framework/src/Illuminate/Support/helpers.php(399): Illuminate/Session/Middleware/StartSession->{closure:Illuminate/Session/Middleware/StartSession::startSession():144}()
#20 C:/Users/kuldeep/Desktop/Project/sgcsm/vendor/laravel/framework/src/Illuminate/Session/Middleware/StartSession.php(144): tap()
#21 C:/Users/kuldeep/Desktop/Project/sgcsm/vendor/laravel/framework/src/Illuminate/Session/Middleware/StartSession.php(116): Illuminate/Session/Middleware/StartSession->startSession()
#22 C:/Users/kuldeep/Desktop/Project/sgcsm/vendor/laravel/framework/src/Illuminate/Session/Middleware/StartSession.php(64): Illuminate/Session/Middleware/StartSession->handleStatefulRequest()
#23 C:/Users/kuldeep/Desktop/Project/sgcsm/vendor/laravel/framework/src/Illuminate/Pipeline/Pipeline.php(209): Illuminate/Session/Middleware/StartSession->handle()
#24 C:/Users/kuldeep/Desktop/Project/sgcsm/vendor/laravel/framework/src/Illuminate/Cookie/Middleware/AddQueuedCookiesToResponse.php(37): Illuminate/Pipeline/Pipeline->{closure:{closure:Illuminate/Pipeline/Pipeline::carry():184}:185}()
#25 C:/Users/kuldeep/Desktop/Project/sgcsm/vendor/laravel/framework/src/Illuminate/Pipeline/Pipeline.php(209): Illuminate/Cookie/Middleware/AddQueuedCookiesToResponse->handle()
#26 C:/Users/kuldeep/Desktop/Project/sgcsm/vendor/laravel/framework/src/Illuminate/Cookie/Middleware/EncryptCookies.php(75): Illuminate/Pipeline/Pipeline->{closure:{closure:Illuminate/Pipeline/Pipeline::carry():184}:185}()
#27 C:/Users/kuldeep/Desktop/Project/sgcsm/vendor/laravel/framework/src/Illuminate/Pipeline/Pipeline.php(209): Illuminate/Cookie/Middleware/EncryptCookies->handle()
#28 C:/Users/kuldeep/Desktop/Project/sgcsm/vendor/laravel/framework/src/Illuminate/Pipeline/Pipeline.php(127): Illuminate/Pipeline/Pipeline->{closure:{closure:Illuminate/Pipeline/Pipeline::carry():184}:185}()
#29 C:/Users/kuldeep/Desktop/Project/sgcsm/vendor/laravel/framework/src/Illuminate/Routing/Router.php(807): Illuminate/Pipeline/Pipeline->then()
#30 C:/Users/kuldeep/Desktop/Project/sgcsm/vendor/laravel/framework/src/Illuminate/Routing/Router.php(786): Illuminate/Routing/Router->runRouteWithinStack()
#31 C:/Users/kuldeep/Desktop/Project/sgcsm/vendor/laravel/framework/src/Illuminate/Routing/Router.php(750): Illuminate/Routing/Router->runRoute()
#32 C:/Users/kuldeep/Desktop/Project/sgcsm/vendor/laravel/framework/src/Illuminate/Routing/Router.php(739): Illuminate/Routing/Router->dispatchToRoute()
#33 C:/Users/kuldeep/Desktop/Project/sgcsm/vendor/laravel/framework/src/Illuminate/Foundation/Http/Kernel.php(201): Illuminate/Routing/Router->dispatch()
#34 C:/Users/kuldeep/Desktop/Project/sgcsm/vendor/laravel/framework/src/Illuminate/Pipeline/Pipeline.php(170): Illuminate/Foundation/Http/Kernel->{closure:Illuminate/Foundation/Http/Kernel::dispatchToRouter():198}()
#35 C:/Users/kuldeep/Desktop/Project/sgcsm/vendor/laravel/framework/src/Illuminate/Foundation/Http/Middleware/TransformsRequest.php(21): Illuminate/Pipeline/Pipeline->{closure:Illuminate/Pipeline/Pipeline::prepareDestination():168}()
#36 C:/Users/kuldeep/Desktop/Project/sgcsm/vendor/laravel/framework/src/Illuminate/Foundation/Http/Middleware/ConvertEmptyStringsToNull.php(31): Illuminate/Foundation/Http/Middleware/TransformsRequest->handle()
#37 C:/Users/kuldeep/Desktop/Project/sgcsm/vendor/laravel/framework/src/Illuminate/Pipeline/Pipeline.php(209): Illuminate/Foundation/Http/Middleware/ConvertEmptyStringsToNull->handle()
#38 C:/Users/kuldeep/Desktop/Project/sgcsm/vendor/laravel/framework/src/Illuminate/Foundation/Http/Middleware/TransformsRequest.php(21): Illuminate/Pipeline/Pipeline->{closure:{closure:Illuminate/Pipeline/Pipeline::carry():184}:185}()
#39 C:/Users/kuldeep/Desktop/Project/sgcsm/vendor/laravel/framework/src/Illuminate/Foundation/Http/Middleware/TrimStrings.php(51): Illuminate/Foundation/Http/Middleware/TransformsRequest->handle()
#40 C:/Users/kuldeep/Desktop/Project/sgcsm/vendor/laravel/framework/src/Illuminate/Pipeline/Pipeline.php(209): Illuminate/Foundation/Http/Middleware/TrimStrings->handle()
#41 C:/Users/kuldeep/Desktop/Project/sgcsm/vendor/laravel/framework/src/Illuminate/Http/Middleware/ValidatePostSize.php(27): Illuminate/Pipeline/Pipeline->{closure:{closure:Illuminate/Pipeline/Pipeline::carry():184}:185}()
#42 C:/Users/kuldeep/Desktop/Project/sgcsm/vendor/laravel/framework/src/Illuminate/Pipeline/Pipeline.php(209): Illuminate/Http/Middleware/ValidatePostSize->handle()
#43 C:/Users/kuldeep/Desktop/Project/sgcsm/vendor/laravel/framework/src/Illuminate/Foundation/Http/Middleware/PreventRequestsDuringMaintenance.php(110): Illuminate/Pipeline/Pipeline->{closure:{closure:Illuminate/Pipeline/Pipeline::carry():184}:185}()
#44 C:/Users/kuldeep/Desktop/Project/sgcsm/vendor/laravel/framework/src/Illuminate/Pipeline/Pipeline.php(209): Illuminate/Foundation/Http/Middleware/PreventRequestsDuringMaintenance->handle()
#45 C:/Users/kuldeep/Desktop/Project/sgcsm/vendor/laravel/framework/src/Illuminate/Http/Middleware/HandleCors.php(49): Illuminate/Pipeline/Pipeline->{closure:{closure:Illuminate/Pipeline/Pipeline::carry():184}:185}()
#46 C:/Users/kuldeep/Desktop/Project/sgcsm/vendor/laravel/framework/src/Illuminate/Pipeline/Pipeline.php(209): Illuminate/Http/Middleware/HandleCors->handle()
#47 C:/Users/kuldeep/Desktop/Project/sgcsm/vendor/laravel/framework/src/Illuminate/Http/Middleware/TrustProxies.php(58): Illuminate/Pipeline/Pipeline->{closure:{closure:Illuminate/Pipeline/Pipeline::carry():184}:185}()
#48 C:/Users/kuldeep/Desktop/Project/sgcsm/vendor/laravel/framework/src/Illuminate/Pipeline/Pipeline.php(209): Illuminate/Http/Middleware/TrustProxies->handle()
#49 C:/Users/kuldeep/Desktop/Project/sgcsm/vendor/laravel/framework/src/Illuminate/Foundation/Http/Middleware/InvokeDeferredCallbacks.php(22): Illuminate/Pipeline/Pipeline->{closure:{closure:Illuminate/Pipeline/Pipeline::carry():184}:185}()
#50 C:/Users/kuldeep/Desktop/Project/sgcsm/vendor/laravel/framework/src/Illuminate/Pipeline/Pipeline.php(209): Illuminate/Foundation/Http/Middleware/InvokeDeferredCallbacks->handle()
#51 C:/Users/kuldeep/Desktop/Project/sgcsm/vendor/laravel/framework/src/Illuminate/Pipeline/Pipeline.php(127): Illuminate/Pipeline/Pipeline->{closure:{closure:Illuminate/Pipeline/Pipeline::carry():184}:185}()
#52 C:/Users/kuldeep/Desktop/Project/sgcsm/vendor/laravel/framework/src/Illuminate/Foundation/Http/Kernel.php(176): Illuminate/Pipeline/Pipeline->then()
#53 C:/Users/kuldeep/Desktop/Project/sgcsm/vendor/laravel/framework/src/Illuminate/Foundation/Http/Kernel.php(145): Illuminate/Foundation/Http/Kernel->sendRequestThroughRouter()
#54 C:/Users/kuldeep/Desktop/Project/sgcsm/vendor/laravel/framework/src/Illuminate/Foundation/Application.php(1220): Illuminate/Foundation/Http/Kernel->handle()
#55 C:/Users/kuldeep/Desktop/Project/sgcsm/public/index.php(17): Illuminate/Foundation/Application->handleRequest()
#56 C:/Users/kuldeep/Desktop/Project/sgcsm/vendor/laravel/framework/src/Illuminate/Foundation/resources/server.php(23): require_once('...')
#57 {main}
"} 
[2026-05-05 04:22:24] local.ERROR: Class "App\Http\Controllers\Admin\Request" does not exist {"userId":1,"exception":"[object] (ReflectionException(code: -1): Class \"App\\Http\\Controllers\\Admin\\Request\" does not exist at C:/Users/kuldeep/Desktop/Project/sgcsm/vendor/laravel/framework/src/Illuminate/Routing/ResolvesRouteDependencies.php:88)
[stacktrace]
#0 C:/Users/kuldeep/Desktop/Project/sgcsm/vendor/laravel/framework/src/Illuminate/Routing/ResolvesRouteDependencies.php(88): ReflectionClass->__construct()
#1 C:/Users/kuldeep/Desktop/Project/sgcsm/vendor/laravel/framework/src/Illuminate/Routing/ResolvesRouteDependencies.php(51): Illuminate/Routing/ControllerDispatcher->transformDependency()
#2 C:/Users/kuldeep/Desktop/Project/sgcsm/vendor/laravel/framework/src/Illuminate/Routing/ResolvesRouteDependencies.php(30): Illuminate/Routing/ControllerDispatcher->resolveMethodDependencies()
#3 C:/Users/kuldeep/Desktop/Project/sgcsm/vendor/laravel/framework/src/Illuminate/Routing/ControllerDispatcher.php(60): Illuminate/Routing/ControllerDispatcher->resolveClassMethodDependencies()
#4 C:/Users/kuldeep/Desktop/Project/sgcsm/vendor/laravel/framework/src/Illuminate/Routing/ControllerDispatcher.php(41): Illuminate/Routing/ControllerDispatcher->resolveParameters()
#5 C:/Users/kuldeep/Desktop/Project/sgcsm/vendor/laravel/framework/src/Illuminate/Routing/Route.php(266): Illuminate/Routing/ControllerDispatcher->dispatch()
#6 C:/Users/kuldeep/Desktop/Project/sgcsm/vendor/laravel/framework/src/Illuminate/Routing/Route.php(212): Illuminate/Routing/Route->runController()
#7 C:/Users/kuldeep/Desktop/Project/sgcsm/vendor/laravel/framework/src/Illuminate/Routing/Router.php(808): Illuminate/Routing/Route->run()
#8 C:/Users/kuldeep/Desktop/Project/sgcsm/vendor/laravel/framework/src/Illuminate/Pipeline/Pipeline.php(170): Illuminate/Routing/Router->{closure:Illuminate/Routing/Router::runRouteWithinStack():807}()
#9 C:/Users/kuldeep/Desktop/Project/sgcsm/app/Http/Middleware/RoleMiddleware.php(26): Illuminate/Pipeline/Pipeline->{closure:Illuminate/Pipeline/Pipeline::prepareDestination():168}()
#10 C:/Users/kuldeep/Desktop/Project/sgcsm/vendor/laravel/framework/src/Illuminate/Pipeline/Pipeline.php(209): App/Http/Middleware/RoleMiddleware->handle()
#11 C:/Users/kuldeep/Desktop/Project/sgcsm/vendor/laravel/framework/src/Illuminate/Auth/Middleware/EnsureEmailIsVerified.php(41): Illuminate/Pipeline/Pipeline->{closure:{closure:Illuminate/Pipeline/Pipeline::carry():184}:185}()
#12 C:/Users/kuldeep/Desktop/Project/sgcsm/vendor/laravel/framework/src/Illuminate/Pipeline/Pipeline.php(209): Illuminate/Auth/Middleware/EnsureEmailIsVerified->handle()
#13 C:/Users/kuldeep/Desktop/Project/sgcsm/vendor/laravel/framework/src/Illuminate/Http/Middleware/AddLinkHeadersForPreloadedAssets.php(20): Illuminate/Pipeline/Pipeline->{closure:{closure:Illuminate/Pipeline/Pipeline::carry():184}:185}()
#14 C:/Users/kuldeep/Desktop/Project/sgcsm/vendor/laravel/framework/src/Illuminate/Pipeline/Pipeline.php(209): Illuminate/Http/Middleware/AddLinkHeadersForPreloadedAssets->handle()
#15 C:/Users/kuldeep/Desktop/Project/sgcsm/vendor/inertiajs/inertia-laravel/src/Middleware.php(122): Illuminate/Pipeline/Pipeline->{closure:{closure:Illuminate/Pipeline/Pipeline::carry():184}:185}()
#16 C:/Users/kuldeep/Desktop/Project/sgcsm/vendor/laravel/framework/src/Illuminate/Pipeline/Pipeline.php(209): Inertia/Middleware->handle()
#17 C:/Users/kuldeep/Desktop/Project/sgcsm/vendor/laravel/framework/src/Illuminate/Routing/Middleware/SubstituteBindings.php(51): Illuminate/Pipeline/Pipeline->{closure:{closure:Illuminate/Pipeline/Pipeline::carry():184}:185}()
#18 C:/Users/kuldeep/Desktop/Project/sgcsm/vendor/laravel/framework/src/Illuminate/Pipeline/Pipeline.php(209): Illuminate/Routing/Middleware/SubstituteBindings->handle()
#19 C:/Users/kuldeep/Desktop/Project/sgcsm/vendor/laravel/framework/src/Illuminate/Auth/Middleware/Authenticate.php(64): Illuminate/Pipeline/Pipeline->{closure:{closure:Illuminate/Pipeline/Pipeline::carry():184}:185}()
#20 C:/Users/kuldeep/Desktop/Project/sgcsm/vendor/laravel/framework/src/Illuminate/Pipeline/Pipeline.php(209): Illuminate/Auth/Middleware/Authenticate->handle()
#21 C:/Users/kuldeep/Desktop/Project/sgcsm/vendor/laravel/framework/src/Illuminate/Foundation/Http/Middleware/VerifyCsrfToken.php(88): Illuminate/Pipeline/Pipeline->{closure:{closure:Illuminate/Pipeline/Pipeline::carry():184}:185}()
#22 C:/Users/kuldeep/Desktop/Project/sgcsm/vendor/laravel/framework/src/Illuminate/Pipeline/Pipeline.php(209): Illuminate/Foundation/Http/Middleware/VerifyCsrfToken->handle()
#23 C:/Users/kuldeep/Desktop/Project/sgcsm/vendor/laravel/framework/src/Illuminate/View/Middleware/ShareErrorsFromSession.php(49): Illuminate/Pipeline/Pipeline->{closure:{closure:Illuminate/Pipeline/Pipeline::carry():184}:185}()
#24 C:/Users/kuldeep/Desktop/Project/sgcsm/vendor/laravel/framework/src/Illuminate/Pipeline/Pipeline.php(209): Illuminate/View/Middleware/ShareErrorsFromSession->handle()
#25 C:/Users/kuldeep/Desktop/Project/sgcsm/vendor/laravel/framework/src/Illuminate/Session/Middleware/StartSession.php(121): Illuminate/Pipeline/Pipeline->{closure:{closure:Illuminate/Pipeline/Pipeline::carry():184}:185}()
#26 C:/Users/kuldeep/Desktop/Project/sgcsm/vendor/laravel/framework/src/Illuminate/Session/Middleware/StartSession.php(64): Illuminate/Session/Middleware/StartSession->handleStatefulRequest()
#27 C:/Users/kuldeep/Desktop/Project/sgcsm/vendor/laravel/framework/src/Illuminate/Pipeline/Pipeline.php(209): Illuminate/Session/Middleware/StartSession->handle()
#28 C:/Users/kuldeep/Desktop/Project/sgcsm/vendor/laravel/framework/src/Illuminate/Cookie/Middleware/AddQueuedCookiesToResponse.php(37): Illuminate/Pipeline/Pipeline->{closure:{closure:Illuminate/Pipeline/Pipeline::carry():184}:185}()
#29 C:/Users/kuldeep/Desktop/Project/sgcsm/vendor/laravel/framework/src/Illuminate/Pipeline/Pipeline.php(209): Illuminate/Cookie/Middleware/AddQueuedCookiesToResponse->handle()
#30 C:/Users/kuldeep/Desktop/Project/sgcsm/vendor/laravel/framework/src/Illuminate/Cookie/Middleware/EncryptCookies.php(75): Illuminate/Pipeline/Pipeline->{closure:{closure:Illuminate/Pipeline/Pipeline::carry():184}:185}()
#31 C:/Users/kuldeep/Desktop/Project/sgcsm/vendor/laravel/framework/src/Illuminate/Pipeline/Pipeline.php(209): Illuminate/Cookie/Middleware/EncryptCookies->handle()
#32 C:/Users/kuldeep/Desktop/Project/sgcsm/vendor/laravel/framework/src/Illuminate/Pipeline/Pipeline.php(127): Illuminate/Pipeline/Pipeline->{closure:{closure:Illuminate/Pipeline/Pipeline::carry():184}:185}()
#33 C:/Users/kuldeep/Desktop/Project/sgcsm/vendor/laravel/framework/src/Illuminate/Routing/Router.php(807): Illuminate/Pipeline/Pipeline->then()
#34 C:/Users/kuldeep/Desktop/Project/sgcsm/vendor/laravel/framework/src/Illuminate/Routing/Router.php(786): Illuminate/Routing/Router->runRouteWithinStack()
#35 C:/Users/kuldeep/Desktop/Project/sgcsm/vendor/laravel/framework/src/Illuminate/Routing/Router.php(750): Illuminate/Routing/Router->runRoute()
#36 C:/Users/kuldeep/Desktop/Project/sgcsm/vendor/laravel/framework/src/Illuminate/Routing/Router.php(739): Illuminate/Routing/Router->dispatchToRoute()
#37 C:/Users/kuldeep/Desktop/Project/sgcsm/vendor/laravel/framework/src/Illuminate/Foundation/Http/Kernel.php(201): Illuminate/Routing/Router->dispatch()
#38 C:/Users/kuldeep/Desktop/Project/sgcsm/vendor/laravel/framework/src/Illuminate/Pipeline/Pipeline.php(170): Illuminate/Foundation/Http/Kernel->{closure:Illuminate/Foundation/Http/Kernel::dispatchToRouter():198}()
#39 C:/Users/kuldeep/Desktop/Project/sgcsm/vendor/laravel/framework/src/Illuminate/Foundation/Http/Middleware/TransformsRequest.php(21): Illuminate/Pipeline/Pipeline->{closure:Illuminate/Pipeline/Pipeline::prepareDestination():168}()
#40 C:/Users/kuldeep/Desktop/Project/sgcsm/vendor/laravel/framework/src/Illuminate/Foundation/Http/Middleware/ConvertEmptyStringsToNull.php(31): Illuminate/Foundation/Http/Middleware/TransformsRequest->handle()
#41 C:/Users/kuldeep/Desktop/Project/sgcsm/vendor/laravel/framework/src/Illuminate/Pipeline/Pipeline.php(209): Illuminate/Foundation/Http/Middleware/ConvertEmptyStringsToNull->handle()
#42 C:/Users/kuldeep/Desktop/Project/sgcsm/vendor/laravel/framework/src/Illuminate/Foundation/Http/Middleware/TransformsRequest.php(21): Illuminate/Pipeline/Pipeline->{closure:{closure:Illuminate/Pipeline/Pipeline::carry():184}:185}()
#43 C:/Users/kuldeep/Desktop/Project/sgcsm/vendor/laravel/framework/src/Illuminate/Foundation/Http/Middleware/TrimStrings.php(51): Illuminate/Foundation/Http/Middleware/TransformsRequest->handle()
#44 C:/Users/kuldeep/Desktop/Project/sgcsm/vendor/laravel/framework/src/Illuminate/Pipeline/Pipeline.php(209): Illuminate/Foundation/Http/Middleware/TrimStrings->handle()
#45 C:/Users/kuldeep/Desktop/Project/sgcsm/vendor/laravel/framework/src/Illuminate/Http/Middleware/ValidatePostSize.php(27): Illuminate/Pipeline/Pipeline->{closure:{closure:Illuminate/Pipeline/Pipeline::carry():184}:185}()
#46 C:/Users/kuldeep/Desktop/Project/sgcsm/vendor/laravel/framework/src/Illuminate/Pipeline/Pipeline.php(209): Illuminate/Http/Middleware/ValidatePostSize->handle()
#47 C:/Users/kuldeep/Desktop/Project/sgcsm/vendor/laravel/framework/src/Illuminate/Foundation/Http/Middleware/PreventRequestsDuringMaintenance.php(110): Illuminate/Pipeline/Pipeline->{closure:{closure:Illuminate/Pipeline/Pipeline::carry():184}:185}()
#48 C:/Users/kuldeep/Desktop/Project/sgcsm/vendor/laravel/framework/src/Illuminate/Pipeline/Pipeline.php(209): Illuminate/Foundation/Http/Middleware/PreventRequestsDuringMaintenance->handle()
#49 C:/Users/kuldeep/Desktop/Project/sgcsm/vendor/laravel/framework/src/Illuminate/Http/Middleware/HandleCors.php(49): Illuminate/Pipeline/Pipeline->{closure:{closure:Illuminate/Pipeline/Pipeline::carry():184}:185}()
#50 C:/Users/kuldeep/Desktop/Project/sgcsm/vendor/laravel/framework/src/Illuminate/Pipeline/Pipeline.php(209): Illuminate/Http/Middleware/HandleCors->handle()
#51 C:/Users/kuldeep/Desktop/Project/sgcsm/vendor/laravel/framework/src/Illuminate/Http/Middleware/TrustProxies.php(58): Illuminate/Pipeline/Pipeline->{closure:{closure:Illuminate/Pipeline/Pipeline::carry():184}:185}()
#52 C:/Users/kuldeep/Desktop/Project/sgcsm/vendor/laravel/framework/src/Illuminate/Pipeline/Pipeline.php(209): Illuminate/Http/Middleware/TrustProxies->handle()
#53 C:/Users/kuldeep/Desktop/Project/sgcsm/vendor/laravel/framework/src/Illuminate/Foundation/Http/Middleware/InvokeDeferredCallbacks.php(22): Illuminate/Pipeline/Pipeline->{closure:{closure:Illuminate/Pipeline/Pipeline::carry():184}:185}()
#54 C:/Users/kuldeep/Desktop/Project/sgcsm/vendor/laravel/framework/src/Illuminate/Pipeline/Pipeline.php(209): Illuminate/Foundation/Http/Middleware/InvokeDeferredCallbacks->handle()
#55 C:/Users/kuldeep/Desktop/Project/sgcsm/vendor/laravel/framework/src/Illuminate/Pipeline/Pipeline.php(127): Illuminate/Pipeline/Pipeline->{closure:{closure:Illuminate/Pipeline/Pipeline::carry():184}:185}()
#56 C:/Users/kuldeep/Desktop/Project/sgcsm/vendor/laravel/framework/src/Illuminate/Foundation/Http/Kernel.php(176): Illuminate/Pipeline/Pipeline->then()
#57 C:/Users/kuldeep/Desktop/Project/sgcsm/vendor/laravel/framework/src/Illuminate/Foundation/Http/Kernel.php(145): Illuminate/Foundation/Http/Kernel->sendRequestThroughRouter()
#58 C:/Users/kuldeep/Desktop/Project/sgcsm/vendor/laravel/framework/src/Illuminate/Foundation/Application.php(1220): Illuminate/Foundation/Http/Kernel->handle()
#59 C:/Users/kuldeep/Desktop/Project/sgcsm/public/index.php(17): Illuminate/Foundation/Application->handleRequest()
#60 C:/Users/kuldeep/Desktop/Project/sgcsm/vendor/laravel/framework/src/Illuminate/Foundation/resources/server.php(23): require_once('...')
#61 {main}
"} 
[2026-05-05 04:22:51] local.ERROR: Call to undefined method Illuminate\Support\Facades\Request::filled() {"userId":1,"exception":"[object] (Error(code: 0): Call to undefined method Illuminate\\Support\\Facades\\Request::filled() at C:/Users/kuldeep/Desktop/Project/sgcsm/app/Http/Controllers/Admin/CourseController.php:24)
[stacktrace]
#0 C:/Users/kuldeep/Desktop/Project/sgcsm/vendor/laravel/framework/src/Illuminate/Routing/ControllerDispatcher.php(47): App/Http/Controllers/Admin/CourseController->index()
#1 C:/Users/kuldeep/Desktop/Project/sgcsm/vendor/laravel/framework/src/Illuminate/Routing/Route.php(266): Illuminate/Routing/ControllerDispatcher->dispatch()
#2 C:/Users/kuldeep/Desktop/Project/sgcsm/vendor/laravel/framework/src/Illuminate/Routing/Route.php(212): Illuminate/Routing/Route->runController()
#3 C:/Users/kuldeep/Desktop/Project/sgcsm/vendor/laravel/framework/src/Illuminate/Routing/Router.php(808): Illuminate/Routing/Route->run()
#4 C:/Users/kuldeep/Desktop/Project/sgcsm/vendor/laravel/framework/src/Illuminate/Pipeline/Pipeline.php(170): Illuminate/Routing/Router->{closure:Illuminate/Routing/Router::runRouteWithinStack():807}()
#5 C:/Users/kuldeep/Desktop/Project/sgcsm/app/Http/Middleware/RoleMiddleware.php(26): Illuminate/Pipeline/Pipeline->{closure:Illuminate/Pipeline/Pipeline::prepareDestination():168}()
#6 C:/Users/kuldeep/Desktop/Project/sgcsm/vendor/laravel/framework/src/Illuminate/Pipeline/Pipeline.php(209): App/Http/Middleware/RoleMiddleware->handle()
#7 C:/Users/kuldeep/Desktop/Project/sgcsm/vendor/laravel/framework/src/Illuminate/Auth/Middleware/EnsureEmailIsVerified.php(41): Illuminate/Pipeline/Pipeline->{closure:{closure:Illuminate/Pipeline/Pipeline::carry():184}:185}()
#8 C:/Users/kuldeep/Desktop/Project/sgcsm/vendor/laravel/framework/src/Illuminate/Pipeline/Pipeline.php(209): Illuminate/Auth/Middleware/EnsureEmailIsVerified->handle()
#9 C:/Users/kuldeep/Desktop/Project/sgcsm/vendor/laravel/framework/src/Illuminate/Http/Middleware/AddLinkHeadersForPreloadedAssets.php(20): Illuminate/Pipeline/Pipeline->{closure:{closure:Illuminate/Pipeline/Pipeline::carry():184}:185}()
#10 C:/Users/kuldeep/Desktop/Project/sgcsm/vendor/laravel/framework/src/Illuminate/Pipeline/Pipeline.php(209): Illuminate/Http/Middleware/AddLinkHeadersForPreloadedAssets->handle()
#11 C:/Users/kuldeep/Desktop/Project/sgcsm/vendor/inertiajs/inertia-laravel/src/Middleware.php(122): Illuminate/Pipeline/Pipeline->{closure:{closure:Illuminate/Pipeline/Pipeline::carry():184}:185}()
#12 C:/Users/kuldeep/Desktop/Project/sgcsm/vendor/laravel/framework/src/Illuminate/Pipeline/Pipeline.php(209): Inertia/Middleware->handle()
#13 C:/Users/kuldeep/Desktop/Project/sgcsm/vendor/laravel/framework/src/Illuminate/Routing/Middleware/SubstituteBindings.php(51): Illuminate/Pipeline/Pipeline->{closure:{closure:Illuminate/Pipeline/Pipeline::carry():184}:185}()
#14 C:/Users/kuldeep/Desktop/Project/sgcsm/vendor/laravel/framework/src/Illuminate/Pipeline/Pipeline.php(209): Illuminate/Routing/Middleware/SubstituteBindings->handle()
#15 C:/Users/kuldeep/Desktop/Project/sgcsm/vendor/laravel/framework/src/Illuminate/Auth/Middleware/Authenticate.php(64): Illuminate/Pipeline/Pipeline->{closure:{closure:Illuminate/Pipeline/Pipeline::carry():184}:185}()
#16 C:/Users/kuldeep/Desktop/Project/sgcsm/vendor/laravel/framework/src/Illuminate/Pipeline/Pipeline.php(209): Illuminate/Auth/Middleware/Authenticate->handle()
#17 C:/Users/kuldeep/Desktop/Project/sgcsm/vendor/laravel/framework/src/Illuminate/Foundation/Http/Middleware/VerifyCsrfToken.php(88): Illuminate/Pipeline/Pipeline->{closure:{closure:Illuminate/Pipeline/Pipeline::carry():184}:185}()
#18 C:/Users/kuldeep/Desktop/Project/sgcsm/vendor/laravel/framework/src/Illuminate/Pipeline/Pipeline.php(209): Illuminate/Foundation/Http/Middleware/VerifyCsrfToken->handle()
#19 C:/Users/kuldeep/Desktop/Project/sgcsm/vendor/laravel/framework/src/Illuminate/View/Middleware/ShareErrorsFromSession.php(49): Illuminate/Pipeline/Pipeline->{closure:{closure:Illuminate/Pipeline/Pipeline::carry():184}:185}()
#20 C:/Users/kuldeep/Desktop/Project/sgcsm/vendor/laravel/framework/src/Illuminate/Pipeline/Pipeline.php(209): Illuminate/View/Middleware/ShareErrorsFromSession->handle()
#21 C:/Users/kuldeep/Desktop/Project/sgcsm/vendor/laravel/framework/src/Illuminate/Session/Middleware/StartSession.php(121): Illuminate/Pipeline/Pipeline->{closure:{closure:Illuminate/Pipeline/Pipeline::carry():184}:185}()
#22 C:/Users/kuldeep/Desktop/Project/sgcsm/vendor/laravel/framework/src/Illuminate/Session/Middleware/StartSession.php(64): Illuminate/Session/Middleware/StartSession->handleStatefulRequest()
#23 C:/Users/kuldeep/Desktop/Project/sgcsm/vendor/laravel/framework/src/Illuminate/Pipeline/Pipeline.php(209): Illuminate/Session/Middleware/StartSession->handle()
#24 C:/Users/kuldeep/Desktop/Project/sgcsm/vendor/laravel/framework/src/Illuminate/Cookie/Middleware/AddQueuedCookiesToResponse.php(37): Illuminate/Pipeline/Pipeline->{closure:{closure:Illuminate/Pipeline/Pipeline::carry():184}:185}()
#25 C:/Users/kuldeep/Desktop/Project/sgcsm/vendor/laravel/framework/src/Illuminate/Pipeline/Pipeline.php(209): Illuminate/Cookie/Middleware/AddQueuedCookiesToResponse->handle()
#26 C:/Users/kuldeep/Desktop/Project/sgcsm/vendor/laravel/framework/src/Illuminate/Cookie/Middleware/EncryptCookies.php(75): Illuminate/Pipeline/Pipeline->{closure:{closure:Illuminate/Pipeline/Pipeline::carry():184}:185}()
#27 C:/Users/kuldeep/Desktop/Project/sgcsm/vendor/laravel/framework/src/Illuminate/Pipeline/Pipeline.php(209): Illuminate/Cookie/Middleware/EncryptCookies->handle()
#28 C:/Users/kuldeep/Desktop/Project/sgcsm/vendor/laravel/framework/src/Illuminate/Pipeline/Pipeline.php(127): Illuminate/Pipeline/Pipeline->{closure:{closure:Illuminate/Pipeline/Pipeline::carry():184}:185}()
#29 C:/Users/kuldeep/Desktop/Project/sgcsm/vendor/laravel/framework/src/Illuminate/Routing/Router.php(807): Illuminate/Pipeline/Pipeline->then()
#30 C:/Users/kuldeep/Desktop/Project/sgcsm/vendor/laravel/framework/src/Illuminate/Routing/Router.php(786): Illuminate/Routing/Router->runRouteWithinStack()
#31 C:/Users/kuldeep/Desktop/Project/sgcsm/vendor/laravel/framework/src/Illuminate/Routing/Router.php(750): Illuminate/Routing/Router->runRoute()
#32 C:/Users/kuldeep/Desktop/Project/sgcsm/vendor/laravel/framework/src/Illuminate/Routing/Router.php(739): Illuminate/Routing/Router->dispatchToRoute()
#33 C:/Users/kuldeep/Desktop/Project/sgcsm/vendor/laravel/framework/src/Illuminate/Foundation/Http/Kernel.php(201): Illuminate/Routing/Router->dispatch()
#34 C:/Users/kuldeep/Desktop/Project/sgcsm/vendor/laravel/framework/src/Illuminate/Pipeline/Pipeline.php(170): Illuminate/Foundation/Http/Kernel->{closure:Illuminate/Foundation/Http/Kernel::dispatchToRouter():198}()
#35 C:/Users/kuldeep/Desktop/Project/sgcsm/vendor/laravel/framework/src/Illuminate/Foundation/Http/Middleware/TransformsRequest.php(21): Illuminate/Pipeline/Pipeline->{closure:Illuminate/Pipeline/Pipeline::prepareDestination():168}()
#36 C:/Users/kuldeep/Desktop/Project/sgcsm/vendor/laravel/framework/src/Illuminate/Foundation/Http/Middleware/ConvertEmptyStringsToNull.php(31): Illuminate/Foundation/Http/Middleware/TransformsRequest->handle()
#37 C:/Users/kuldeep/Desktop/Project/sgcsm/vendor/laravel/framework/src/Illuminate/Pipeline/Pipeline.php(209): Illuminate/Foundation/Http/Middleware/ConvertEmptyStringsToNull->handle()
#38 C:/Users/kuldeep/Desktop/Project/sgcsm/vendor/laravel/framework/src/Illuminate/Foundation/Http/Middleware/TransformsRequest.php(21): Illuminate/Pipeline/Pipeline->{closure:{closure:Illuminate/Pipeline/Pipeline::carry():184}:185}()
#39 C:/Users/kuldeep/Desktop/Project/sgcsm/vendor/laravel/framework/src/Illuminate/Foundation/Http/Middleware/TrimStrings.php(51): Illuminate/Foundation/Http/Middleware/TransformsRequest->handle()
#40 C:/Users/kuldeep/Desktop/Project/sgcsm/vendor/laravel/framework/src/Illuminate/Pipeline/Pipeline.php(209): Illuminate/Foundation/Http/Middleware/TrimStrings->handle()
#41 C:/Users/kuldeep/Desktop/Project/sgcsm/vendor/laravel/framework/src/Illuminate/Http/Middleware/ValidatePostSize.php(27): Illuminate/Pipeline/Pipeline->{closure:{closure:Illuminate/Pipeline/Pipeline::carry():184}:185}()
#42 C:/Users/kuldeep/Desktop/Project/sgcsm/vendor/laravel/framework/src/Illuminate/Pipeline/Pipeline.php(209): Illuminate/Http/Middleware/ValidatePostSize->handle()
#43 C:/Users/kuldeep/Desktop/Project/sgcsm/vendor/laravel/framework/src/Illuminate/Foundation/Http/Middleware/PreventRequestsDuringMaintenance.php(110): Illuminate/Pipeline/Pipeline->{closure:{closure:Illuminate/Pipeline/Pipeline::carry():184}:185}()
#44 C:/Users/kuldeep/Desktop/Project/sgcsm/vendor/laravel/framework/src/Illuminate/Pipeline/Pipeline.php(209): Illuminate/Foundation/Http/Middleware/PreventRequestsDuringMaintenance->handle()
#45 C:/Users/kuldeep/Desktop/Project/sgcsm/vendor/laravel/framework/src/Illuminate/Http/Middleware/HandleCors.php(49): Illuminate/Pipeline/Pipeline->{closure:{closure:Illuminate/Pipeline/Pipeline::carry():184}:185}()
#46 C:/Users/kuldeep/Desktop/Project/sgcsm/vendor/laravel/framework/src/Illuminate/Pipeline/Pipeline.php(209): Illuminate/Http/Middleware/HandleCors->handle()
#47 C:/Users/kuldeep/Desktop/Project/sgcsm/vendor/laravel/framework/src/Illuminate/Http/Middleware/TrustProxies.php(58): Illuminate/Pipeline/Pipeline->{closure:{closure:Illuminate/Pipeline/Pipeline::carry():184}:185}()
#48 C:/Users/kuldeep/Desktop/Project/sgcsm/vendor/laravel/framework/src/Illuminate/Pipeline/Pipeline.php(209): Illuminate/Http/Middleware/TrustProxies->handle()
#49 C:/Users/kuldeep/Desktop/Project/sgcsm/vendor/laravel/framework/src/Illuminate/Foundation/Http/Middleware/InvokeDeferredCallbacks.php(22): Illuminate/Pipeline/Pipeline->{closure:{closure:Illuminate/Pipeline/Pipeline::carry():184}:185}()
#50 C:/Users/kuldeep/Desktop/Project/sgcsm/vendor/laravel/framework/src/Illuminate/Pipeline/Pipeline.php(209): Illuminate/Foundation/Http/Middleware/InvokeDeferredCallbacks->handle()
#51 C:/Users/kuldeep/Desktop/Project/sgcsm/vendor/laravel/framework/src/Illuminate/Pipeline/Pipeline.php(127): Illuminate/Pipeline/Pipeline->{closure:{closure:Illuminate/Pipeline/Pipeline::carry():184}:185}()
#52 C:/Users/kuldeep/Desktop/Project/sgcsm/vendor/laravel/framework/src/Illuminate/Foundation/Http/Kernel.php(176): Illuminate/Pipeline/Pipeline->then()
#53 C:/Users/kuldeep/Desktop/Project/sgcsm/vendor/laravel/framework/src/Illuminate/Foundation/Http/Kernel.php(145): Illuminate/Foundation/Http/Kernel->sendRequestThroughRouter()
#54 C:/Users/kuldeep/Desktop/Project/sgcsm/vendor/laravel/framework/src/Illuminate/Foundation/Application.php(1220): Illuminate/Foundation/Http/Kernel->handle()
#55 C:/Users/kuldeep/Desktop/Project/sgcsm/public/index.php(17): Illuminate/Foundation/Application->handleRequest()
#56 C:/Users/kuldeep/Desktop/Project/sgcsm/vendor/laravel/framework/src/Illuminate/Foundation/resources/server.php(23): require_once('...')
#57 {main}
"} 
[2026-05-05 04:22:53] local.ERROR: Call to undefined method Illuminate\Support\Facades\Request::filled() {"userId":1,"exception":"[object] (Error(code: 0): Call to undefined method Illuminate\\Support\\Facades\\Request::filled() at C:/Users/kuldeep/Desktop/Project/sgcsm/app/Http/Controllers/Admin/CourseController.php:24)
[stacktrace]
#0 C:/Users/kuldeep/Desktop/Project/sgcsm/vendor/laravel/framework/src/Illuminate/Routing/ControllerDispatcher.php(47): App/Http/Controllers/Admin/CourseController->index()
#1 C:/Users/kuldeep/Desktop/Project/sgcsm/vendor/laravel/framework/src/Illuminate/Routing/Route.php(266): Illuminate/Routing/ControllerDispatcher->dispatch()
#2 C:/Users/kuldeep/Desktop/Project/sgcsm/vendor/laravel/framework/src/Illuminate/Routing/Route.php(212): Illuminate/Routing/Route->runController()
#3 C:/Users/kuldeep/Desktop/Project/sgcsm/vendor/laravel/framework/src/Illuminate/Routing/Router.php(808): Illuminate/Routing/Route->run()
#4 C:/Users/kuldeep/Desktop/Project/sgcsm/vendor/laravel/framework/src/Illuminate/Pipeline/Pipeline.php(170): Illuminate/Routing/Router->{closure:Illuminate/Routing/Router::runRouteWithinStack():807}()
#5 C:/Users/kuldeep/Desktop/Project/sgcsm/app/Http/Middleware/RoleMiddleware.php(26): Illuminate/Pipeline/Pipeline->{closure:Illuminate/Pipeline/Pipeline::prepareDestination():168}()
#6 C:/Users/kuldeep/Desktop/Project/sgcsm/vendor/laravel/framework/src/Illuminate/Pipeline/Pipeline.php(209): App/Http/Middleware/RoleMiddleware->handle()
#7 C:/Users/kuldeep/Desktop/Project/sgcsm/vendor/laravel/framework/src/Illuminate/Auth/Middleware/EnsureEmailIsVerified.php(41): Illuminate/Pipeline/Pipeline->{closure:{closure:Illuminate/Pipeline/Pipeline::carry():184}:185}()
#8 C:/Users/kuldeep/Desktop/Project/sgcsm/vendor/laravel/framework/src/Illuminate/Pipeline/Pipeline.php(209): Illuminate/Auth/Middleware/EnsureEmailIsVerified->handle()
#9 C:/Users/kuldeep/Desktop/Project/sgcsm/vendor/laravel/framework/src/Illuminate/Http/Middleware/AddLinkHeadersForPreloadedAssets.php(20): Illuminate/Pipeline/Pipeline->{closure:{closure:Illuminate/Pipeline/Pipeline::carry():184}:185}()
#10 C:/Users/kuldeep/Desktop/Project/sgcsm/vendor/laravel/framework/src/Illuminate/Pipeline/Pipeline.php(209): Illuminate/Http/Middleware/AddLinkHeadersForPreloadedAssets->handle()
#11 C:/Users/kuldeep/Desktop/Project/sgcsm/vendor/inertiajs/inertia-laravel/src/Middleware.php(122): Illuminate/Pipeline/Pipeline->{closure:{closure:Illuminate/Pipeline/Pipeline::carry():184}:185}()
#12 C:/Users/kuldeep/Desktop/Project/sgcsm/vendor/laravel/framework/src/Illuminate/Pipeline/Pipeline.php(209): Inertia/Middleware->handle()
#13 C:/Users/kuldeep/Desktop/Project/sgcsm/vendor/laravel/framework/src/Illuminate/Routing/Middleware/SubstituteBindings.php(51): Illuminate/Pipeline/Pipeline->{closure:{closure:Illuminate/Pipeline/Pipeline::carry():184}:185}()
#14 C:/Users/kuldeep/Desktop/Project/sgcsm/vendor/laravel/framework/src/Illuminate/Pipeline/Pipeline.php(209): Illuminate/Routing/Middleware/SubstituteBindings->handle()
#15 C:/Users/kuldeep/Desktop/Project/sgcsm/vendor/laravel/framework/src/Illuminate/Auth/Middleware/Authenticate.php(64): Illuminate/Pipeline/Pipeline->{closure:{closure:Illuminate/Pipeline/Pipeline::carry():184}:185}()
#16 C:/Users/kuldeep/Desktop/Project/sgcsm/vendor/laravel/framework/src/Illuminate/Pipeline/Pipeline.php(209): Illuminate/Auth/Middleware/Authenticate->handle()
#17 C:/Users/kuldeep/Desktop/Project/sgcsm/vendor/laravel/framework/src/Illuminate/Foundation/Http/Middleware/VerifyCsrfToken.php(88): Illuminate/Pipeline/Pipeline->{closure:{closure:Illuminate/Pipeline/Pipeline::carry():184}:185}()
#18 C:/Users/kuldeep/Desktop/Project/sgcsm/vendor/laravel/framework/src/Illuminate/Pipeline/Pipeline.php(209): Illuminate/Foundation/Http/Middleware/VerifyCsrfToken->handle()
#19 C:/Users/kuldeep/Desktop/Project/sgcsm/vendor/laravel/framework/src/Illuminate/View/Middleware/ShareErrorsFromSession.php(49): Illuminate/Pipeline/Pipeline->{closure:{closure:Illuminate/Pipeline/Pipeline::carry():184}:185}()
#20 C:/Users/kuldeep/Desktop/Project/sgcsm/vendor/laravel/framework/src/Illuminate/Pipeline/Pipeline.php(209): Illuminate/View/Middleware/ShareErrorsFromSession->handle()
#21 C:/Users/kuldeep/Desktop/Project/sgcsm/vendor/laravel/framework/src/Illuminate/Session/Middleware/StartSession.php(121): Illuminate/Pipeline/Pipeline->{closure:{closure:Illuminate/Pipeline/Pipeline::carry():184}:185}()
#22 C:/Users/kuldeep/Desktop/Project/sgcsm/vendor/laravel/framework/src/Illuminate/Session/Middleware/StartSession.php(64): Illuminate/Session/Middleware/StartSession->handleStatefulRequest()
#23 C:/Users/kuldeep/Desktop/Project/sgcsm/vendor/laravel/framework/src/Illuminate/Pipeline/Pipeline.php(209): Illuminate/Session/Middleware/StartSession->handle()
#24 C:/Users/kuldeep/Desktop/Project/sgcsm/vendor/laravel/framework/src/Illuminate/Cookie/Middleware/AddQueuedCookiesToResponse.php(37): Illuminate/Pipeline/Pipeline->{closure:{closure:Illuminate/Pipeline/Pipeline::carry():184}:185}()
#25 C:/Users/kuldeep/Desktop/Project/sgcsm/vendor/laravel/framework/src/Illuminate/Pipeline/Pipeline.php(209): Illuminate/Cookie/Middleware/AddQueuedCookiesToResponse->handle()
#26 C:/Users/kuldeep/Desktop/Project/sgcsm/vendor/laravel/framework/src/Illuminate/Cookie/Middleware/EncryptCookies.php(75): Illuminate/Pipeline/Pipeline->{closure:{closure:Illuminate/Pipeline/Pipeline::carry():184}:185}()
#27 C:/Users/kuldeep/Desktop/Project/sgcsm/vendor/laravel/framework/src/Illuminate/Pipeline/Pipeline.php(209): Illuminate/Cookie/Middleware/EncryptCookies->handle()
#28 C:/Users/kuldeep/Desktop/Project/sgcsm/vendor/laravel/framework/src/Illuminate/Pipeline/Pipeline.php(127): Illuminate/Pipeline/Pipeline->{closure:{closure:Illuminate/Pipeline/Pipeline::carry():184}:185}()
#29 C:/Users/kuldeep/Desktop/Project/sgcsm/vendor/laravel/framework/src/Illuminate/Routing/Router.php(807): Illuminate/Pipeline/Pipeline->then()
#30 C:/Users/kuldeep/Desktop/Project/sgcsm/vendor/laravel/framework/src/Illuminate/Routing/Router.php(786): Illuminate/Routing/Router->runRouteWithinStack()
#31 C:/Users/kuldeep/Desktop/Project/sgcsm/vendor/laravel/framework/src/Illuminate/Routing/Router.php(750): Illuminate/Routing/Router->runRoute()
#32 C:/Users/kuldeep/Desktop/Project/sgcsm/vendor/laravel/framework/src/Illuminate/Routing/Router.php(739): Illuminate/Routing/Router->dispatchToRoute()
#33 C:/Users/kuldeep/Desktop/Project/sgcsm/vendor/laravel/framework/src/Illuminate/Foundation/Http/Kernel.php(201): Illuminate/Routing/Router->dispatch()
#34 C:/Users/kuldeep/Desktop/Project/sgcsm/vendor/laravel/framework/src/Illuminate/Pipeline/Pipeline.php(170): Illuminate/Foundation/Http/Kernel->{closure:Illuminate/Foundation/Http/Kernel::dispatchToRouter():198}()
#35 C:/Users/kuldeep/Desktop/Project/sgcsm/vendor/laravel/framework/src/Illuminate/Foundation/Http/Middleware/TransformsRequest.php(21): Illuminate/Pipeline/Pipeline->{closure:Illuminate/Pipeline/Pipeline::prepareDestination():168}()
#36 C:/Users/kuldeep/Desktop/Project/sgcsm/vendor/laravel/framework/src/Illuminate/Foundation/Http/Middleware/ConvertEmptyStringsToNull.php(31): Illuminate/Foundation/Http/Middleware/TransformsRequest->handle()
#37 C:/Users/kuldeep/Desktop/Project/sgcsm/vendor/laravel/framework/src/Illuminate/Pipeline/Pipeline.php(209): Illuminate/Foundation/Http/Middleware/ConvertEmptyStringsToNull->handle()
#38 C:/Users/kuldeep/Desktop/Project/sgcsm/vendor/laravel/framework/src/Illuminate/Foundation/Http/Middleware/TransformsRequest.php(21): Illuminate/Pipeline/Pipeline->{closure:{closure:Illuminate/Pipeline/Pipeline::carry():184}:185}()
#39 C:/Users/kuldeep/Desktop/Project/sgcsm/vendor/laravel/framework/src/Illuminate/Foundation/Http/Middleware/TrimStrings.php(51): Illuminate/Foundation/Http/Middleware/TransformsRequest->handle()
#40 C:/Users/kuldeep/Desktop/Project/sgcsm/vendor/laravel/framework/src/Illuminate/Pipeline/Pipeline.php(209): Illuminate/Foundation/Http/Middleware/TrimStrings->handle()
#41 C:/Users/kuldeep/Desktop/Project/sgcsm/vendor/laravel/framework/src/Illuminate/Http/Middleware/ValidatePostSize.php(27): Illuminate/Pipeline/Pipeline->{closure:{closure:Illuminate/Pipeline/Pipeline::carry():184}:185}()
#42 C:/Users/kuldeep/Desktop/Project/sgcsm/vendor/laravel/framework/src/Illuminate/Pipeline/Pipeline.php(209): Illuminate/Http/Middleware/ValidatePostSize->handle()
#43 C:/Users/kuldeep/Desktop/Project/sgcsm/vendor/laravel/framework/src/Illuminate/Foundation/Http/Middleware/PreventRequestsDuringMaintenance.php(110): Illuminate/Pipeline/Pipeline->{closure:{closure:Illuminate/Pipeline/Pipeline::carry():184}:185}()
#44 C:/Users/kuldeep/Desktop/Project/sgcsm/vendor/laravel/framework/src/Illuminate/Pipeline/Pipeline.php(209): Illuminate/Foundation/Http/Middleware/PreventRequestsDuringMaintenance->handle()
#45 C:/Users/kuldeep/Desktop/Project/sgcsm/vendor/laravel/framework/src/Illuminate/Http/Middleware/HandleCors.php(49): Illuminate/Pipeline/Pipeline->{closure:{closure:Illuminate/Pipeline/Pipeline::carry():184}:185}()
#46 C:/Users/kuldeep/Desktop/Project/sgcsm/vendor/laravel/framework/src/Illuminate/Pipeline/Pipeline.php(209): Illuminate/Http/Middleware/HandleCors->handle()
#47 C:/Users/kuldeep/Desktop/Project/sgcsm/vendor/laravel/framework/src/Illuminate/Http/Middleware/TrustProxies.php(58): Illuminate/Pipeline/Pipeline->{closure:{closure:Illuminate/Pipeline/Pipeline::carry():184}:185}()
#48 C:/Users/kuldeep/Desktop/Project/sgcsm/vendor/laravel/framework/src/Illuminate/Pipeline/Pipeline.php(209): Illuminate/Http/Middleware/TrustProxies->handle()
#49 C:/Users/kuldeep/Desktop/Project/sgcsm/vendor/laravel/framework/src/Illuminate/Foundation/Http/Middleware/InvokeDeferredCallbacks.php(22): Illuminate/Pipeline/Pipeline->{closure:{closure:Illuminate/Pipeline/Pipeline::carry():184}:185}()
#50 C:/Users/kuldeep/Desktop/Project/sgcsm/vendor/laravel/framework/src/Illuminate/Pipeline/Pipeline.php(209): Illuminate/Foundation/Http/Middleware/InvokeDeferredCallbacks->handle()
#51 C:/Users/kuldeep/Desktop/Project/sgcsm/vendor/laravel/framework/src/Illuminate/Pipeline/Pipeline.php(127): Illuminate/Pipeline/Pipeline->{closure:{closure:Illuminate/Pipeline/Pipeline::carry():184}:185}()
#52 C:/Users/kuldeep/Desktop/Project/sgcsm/vendor/laravel/framework/src/Illuminate/Foundation/Http/Kernel.php(176): Illuminate/Pipeline/Pipeline->then()
#53 C:/Users/kuldeep/Desktop/Project/sgcsm/vendor/laravel/framework/src/Illuminate/Foundation/Http/Kernel.php(145): Illuminate/Foundation/Http/Kernel->sendRequestThroughRouter()
#54 C:/Users/kuldeep/Desktop/Project/sgcsm/vendor/laravel/framework/src/Illuminate/Foundation/Application.php(1220): Illuminate/Foundation/Http/Kernel->handle()
#55 C:/Users/kuldeep/Desktop/Project/sgcsm/public/index.php(17): Illuminate/Foundation/Application->handleRequest()
#56 C:/Users/kuldeep/Desktop/Project/sgcsm/vendor/laravel/framework/src/Illuminate/Foundation/resources/server.php(23): require_once('...')
#57 {main}
"} 
[2026-05-05 04:22:57] local.ERROR: Call to undefined method Illuminate\Support\Facades\Request::filled() {"userId":1,"exception":"[object] (Error(code: 0): Call to undefined method Illuminate\\Support\\Facades\\Request::filled() at C:/Users/kuldeep/Desktop/Project/sgcsm/app/Http/Controllers/Admin/CourseController.php:24)
[stacktrace]
#0 C:/Users/kuldeep/Desktop/Project/sgcsm/vendor/laravel/framework/src/Illuminate/Routing/ControllerDispatcher.php(47): App/Http/Controllers/Admin/CourseController->index()
#1 C:/Users/kuldeep/Desktop/Project/sgcsm/vendor/laravel/framework/src/Illuminate/Routing/Route.php(266): Illuminate/Routing/ControllerDispatcher->dispatch()
#2 C:/Users/kuldeep/Desktop/Project/sgcsm/vendor/laravel/framework/src/Illuminate/Routing/Route.php(212): Illuminate/Routing/Route->runController()
#3 C:/Users/kuldeep/Desktop/Project/sgcsm/vendor/laravel/framework/src/Illuminate/Routing/Router.php(808): Illuminate/Routing/Route->run()
#4 C:/Users/kuldeep/Desktop/Project/sgcsm/vendor/laravel/framework/src/Illuminate/Pipeline/Pipeline.php(170): Illuminate/Routing/Router->{closure:Illuminate/Routing/Router::runRouteWithinStack():807}()
#5 C:/Users/kuldeep/Desktop/Project/sgcsm/app/Http/Middleware/RoleMiddleware.php(26): Illuminate/Pipeline/Pipeline->{closure:Illuminate/Pipeline/Pipeline::prepareDestination():168}()
#6 C:/Users/kuldeep/Desktop/Project/sgcsm/vendor/laravel/framework/src/Illuminate/Pipeline/Pipeline.php(209): App/Http/Middleware/RoleMiddleware->handle()
#7 C:/Users/kuldeep/Desktop/Project/sgcsm/vendor/laravel/framework/src/Illuminate/Auth/Middleware/EnsureEmailIsVerified.php(41): Illuminate/Pipeline/Pipeline->{closure:{closure:Illuminate/Pipeline/Pipeline::carry():184}:185}()
#8 C:/Users/kuldeep/Desktop/Project/sgcsm/vendor/laravel/framework/src/Illuminate/Pipeline/Pipeline.php(209): Illuminate/Auth/Middleware/EnsureEmailIsVerified->handle()
#9 C:/Users/kuldeep/Desktop/Project/sgcsm/vendor/laravel/framework/src/Illuminate/Http/Middleware/AddLinkHeadersForPreloadedAssets.php(20): Illuminate/Pipeline/Pipeline->{closure:{closure:Illuminate/Pipeline/Pipeline::carry():184}:185}()
#10 C:/Users/kuldeep/Desktop/Project/sgcsm/vendor/laravel/framework/src/Illuminate/Pipeline/Pipeline.php(209): Illuminate/Http/Middleware/AddLinkHeadersForPreloadedAssets->handle()
#11 C:/Users/kuldeep/Desktop/Project/sgcsm/vendor/inertiajs/inertia-laravel/src/Middleware.php(122): Illuminate/Pipeline/Pipeline->{closure:{closure:Illuminate/Pipeline/Pipeline::carry():184}:185}()
#12 C:/Users/kuldeep/Desktop/Project/sgcsm/vendor/laravel/framework/src/Illuminate/Pipeline/Pipeline.php(209): Inertia/Middleware->handle()
#13 C:/Users/kuldeep/Desktop/Project/sgcsm/vendor/laravel/framework/src/Illuminate/Routing/Middleware/SubstituteBindings.php(51): Illuminate/Pipeline/Pipeline->{closure:{closure:Illuminate/Pipeline/Pipeline::carry():184}:185}()
#14 C:/Users/kuldeep/Desktop/Project/sgcsm/vendor/laravel/framework/src/Illuminate/Pipeline/Pipeline.php(209): Illuminate/Routing/Middleware/SubstituteBindings->handle()
#15 C:/Users/kuldeep/Desktop/Project/sgcsm/vendor/laravel/framework/src/Illuminate/Auth/Middleware/Authenticate.php(64): Illuminate/Pipeline/Pipeline->{closure:{closure:Illuminate/Pipeline/Pipeline::carry():184}:185}()
#16 C:/Users/kuldeep/Desktop/Project/sgcsm/vendor/laravel/framework/src/Illuminate/Pipeline/Pipeline.php(209): Illuminate/Auth/Middleware/Authenticate->handle()
#17 C:/Users/kuldeep/Desktop/Project/sgcsm/vendor/laravel/framework/src/Illuminate/Foundation/Http/Middleware/VerifyCsrfToken.php(88): Illuminate/Pipeline/Pipeline->{closure:{closure:Illuminate/Pipeline/Pipeline::carry():184}:185}()
#18 C:/Users/kuldeep/Desktop/Project/sgcsm/vendor/laravel/framework/src/Illuminate/Pipeline/Pipeline.php(209): Illuminate/Foundation/Http/Middleware/VerifyCsrfToken->handle()
#19 C:/Users/kuldeep/Desktop/Project/sgcsm/vendor/laravel/framework/src/Illuminate/View/Middleware/ShareErrorsFromSession.php(49): Illuminate/Pipeline/Pipeline->{closure:{closure:Illuminate/Pipeline/Pipeline::carry():184}:185}()
#20 C:/Users/kuldeep/Desktop/Project/sgcsm/vendor/laravel/framework/src/Illuminate/Pipeline/Pipeline.php(209): Illuminate/View/Middleware/ShareErrorsFromSession->handle()
#21 C:/Users/kuldeep/Desktop/Project/sgcsm/vendor/laravel/framework/src/Illuminate/Session/Middleware/StartSession.php(121): Illuminate/Pipeline/Pipeline->{closure:{closure:Illuminate/Pipeline/Pipeline::carry():184}:185}()
#22 C:/Users/kuldeep/Desktop/Project/sgcsm/vendor/laravel/framework/src/Illuminate/Session/Middleware/StartSession.php(64): Illuminate/Session/Middleware/StartSession->handleStatefulRequest()
#23 C:/Users/kuldeep/Desktop/Project/sgcsm/vendor/laravel/framework/src/Illuminate/Pipeline/Pipeline.php(209): Illuminate/Session/Middleware/StartSession->handle()
#24 C:/Users/kuldeep/Desktop/Project/sgcsm/vendor/laravel/framework/src/Illuminate/Cookie/Middleware/AddQueuedCookiesToResponse.php(37): Illuminate/Pipeline/Pipeline->{closure:{closure:Illuminate/Pipeline/Pipeline::carry():184}:185}()
#25 C:/Users/kuldeep/Desktop/Project/sgcsm/vendor/laravel/framework/src/Illuminate/Pipeline/Pipeline.php(209): Illuminate/Cookie/Middleware/AddQueuedCookiesToResponse->handle()
#26 C:/Users/kuldeep/Desktop/Project/sgcsm/vendor/laravel/framework/src/Illuminate/Cookie/Middleware/EncryptCookies.php(75): Illuminate/Pipeline/Pipeline->{closure:{closure:Illuminate/Pipeline/Pipeline::carry():184}:185}()
#27 C:/Users/kuldeep/Desktop/Project/sgcsm/vendor/laravel/framework/src/Illuminate/Pipeline/Pipeline.php(209): Illuminate/Cookie/Middleware/EncryptCookies->handle()
#28 C:/Users/kuldeep/Desktop/Project/sgcsm/vendor/laravel/framework/src/Illuminate/Pipeline/Pipeline.php(127): Illuminate/Pipeline/Pipeline->{closure:{closure:Illuminate/Pipeline/Pipeline::carry():184}:185}()
#29 C:/Users/kuldeep/Desktop/Project/sgcsm/vendor/laravel/framework/src/Illuminate/Routing/Router.php(807): Illuminate/Pipeline/Pipeline->then()
#30 C:/Users/kuldeep/Desktop/Project/sgcsm/vendor/laravel/framework/src/Illuminate/Routing/Router.php(786): Illuminate/Routing/Router->runRouteWithinStack()
#31 C:/Users/kuldeep/Desktop/Project/sgcsm/vendor/laravel/framework/src/Illuminate/Routing/Router.php(750): Illuminate/Routing/Router->runRoute()
#32 C:/Users/kuldeep/Desktop/Project/sgcsm/vendor/laravel/framework/src/Illuminate/Routing/Router.php(739): Illuminate/Routing/Router->dispatchToRoute()
#33 C:/Users/kuldeep/Desktop/Project/sgcsm/vendor/laravel/framework/src/Illuminate/Foundation/Http/Kernel.php(201): Illuminate/Routing/Router->dispatch()
#34 C:/Users/kuldeep/Desktop/Project/sgcsm/vendor/laravel/framework/src/Illuminate/Pipeline/Pipeline.php(170): Illuminate/Foundation/Http/Kernel->{closure:Illuminate/Foundation/Http/Kernel::dispatchToRouter():198}()
#35 C:/Users/kuldeep/Desktop/Project/sgcsm/vendor/laravel/framework/src/Illuminate/Foundation/Http/Middleware/TransformsRequest.php(21): Illuminate/Pipeline/Pipeline->{closure:Illuminate/Pipeline/Pipeline::prepareDestination():168}()
#36 C:/Users/kuldeep/Desktop/Project/sgcsm/vendor/laravel/framework/src/Illuminate/Foundation/Http/Middleware/ConvertEmptyStringsToNull.php(31): Illuminate/Foundation/Http/Middleware/TransformsRequest->handle()
#37 C:/Users/kuldeep/Desktop/Project/sgcsm/vendor/laravel/framework/src/Illuminate/Pipeline/Pipeline.php(209): Illuminate/Foundation/Http/Middleware/ConvertEmptyStringsToNull->handle()
#38 C:/Users/kuldeep/Desktop/Project/sgcsm/vendor/laravel/framework/src/Illuminate/Foundation/Http/Middleware/TransformsRequest.php(21): Illuminate/Pipeline/Pipeline->{closure:{closure:Illuminate/Pipeline/Pipeline::carry():184}:185}()
#39 C:/Users/kuldeep/Desktop/Project/sgcsm/vendor/laravel/framework/src/Illuminate/Foundation/Http/Middleware/TrimStrings.php(51): Illuminate/Foundation/Http/Middleware/TransformsRequest->handle()
#40 C:/Users/kuldeep/Desktop/Project/sgcsm/vendor/laravel/framework/src/Illuminate/Pipeline/Pipeline.php(209): Illuminate/Foundation/Http/Middleware/TrimStrings->handle()
#41 C:/Users/kuldeep/Desktop/Project/sgcsm/vendor/laravel/framework/src/Illuminate/Http/Middleware/ValidatePostSize.php(27): Illuminate/Pipeline/Pipeline->{closure:{closure:Illuminate/Pipeline/Pipeline::carry():184}:185}()
#42 C:/Users/kuldeep/Desktop/Project/sgcsm/vendor/laravel/framework/src/Illuminate/Pipeline/Pipeline.php(209): Illuminate/Http/Middleware/ValidatePostSize->handle()
#43 C:/Users/kuldeep/Desktop/Project/sgcsm/vendor/laravel/framework/src/Illuminate/Foundation/Http/Middleware/PreventRequestsDuringMaintenance.php(110): Illuminate/Pipeline/Pipeline->{closure:{closure:Illuminate/Pipeline/Pipeline::carry():184}:185}()
#44 C:/Users/kuldeep/Desktop/Project/sgcsm/vendor/laravel/framework/src/Illuminate/Pipeline/Pipeline.php(209): Illuminate/Foundation/Http/Middleware/PreventRequestsDuringMaintenance->handle()
#45 C:/Users/kuldeep/Desktop/Project/sgcsm/vendor/laravel/framework/src/Illuminate/Http/Middleware/HandleCors.php(49): Illuminate/Pipeline/Pipeline->{closure:{closure:Illuminate/Pipeline/Pipeline::carry():184}:185}()
#46 C:/Users/kuldeep/Desktop/Project/sgcsm/vendor/laravel/framework/src/Illuminate/Pipeline/Pipeline.php(209): Illuminate/Http/Middleware/HandleCors->handle()
#47 C:/Users/kuldeep/Desktop/Project/sgcsm/vendor/laravel/framework/src/Illuminate/Http/Middleware/TrustProxies.php(58): Illuminate/Pipeline/Pipeline->{closure:{closure:Illuminate/Pipeline/Pipeline::carry():184}:185}()
#48 C:/Users/kuldeep/Desktop/Project/sgcsm/vendor/laravel/framework/src/Illuminate/Pipeline/Pipeline.php(209): Illuminate/Http/Middleware/TrustProxies->handle()
#49 C:/Users/kuldeep/Desktop/Project/sgcsm/vendor/laravel/framework/src/Illuminate/Foundation/Http/Middleware/InvokeDeferredCallbacks.php(22): Illuminate/Pipeline/Pipeline->{closure:{closure:Illuminate/Pipeline/Pipeline::carry():184}:185}()
#50 C:/Users/kuldeep/Desktop/Project/sgcsm/vendor/laravel/framework/src/Illuminate/Pipeline/Pipeline.php(209): Illuminate/Foundation/Http/Middleware/InvokeDeferredCallbacks->handle()
#51 C:/Users/kuldeep/Desktop/Project/sgcsm/vendor/laravel/framework/src/Illuminate/Pipeline/Pipeline.php(127): Illuminate/Pipeline/Pipeline->{closure:{closure:Illuminate/Pipeline/Pipeline::carry():184}:185}()
#52 C:/Users/kuldeep/Desktop/Project/sgcsm/vendor/laravel/framework/src/Illuminate/Foundation/Http/Kernel.php(176): Illuminate/Pipeline/Pipeline->then()
#53 C:/Users/kuldeep/Desktop/Project/sgcsm/vendor/laravel/framework/src/Illuminate/Foundation/Http/Kernel.php(145): Illuminate/Foundation/Http/Kernel->sendRequestThroughRouter()
#54 C:/Users/kuldeep/Desktop/Project/sgcsm/vendor/laravel/framework/src/Illuminate/Foundation/Application.php(1220): Illuminate/Foundation/Http/Kernel->handle()
#55 C:/Users/kuldeep/Desktop/Project/sgcsm/public/index.php(17): Illuminate/Foundation/Application->handleRequest()
#56 C:/Users/kuldeep/Desktop/Project/sgcsm/vendor/laravel/framework/src/Illuminate/Foundation/resources/server.php(23): require_once('...')
#57 {main}
"} 
[2026-05-05 04:24:26] local.ERROR: Undefined property: Illuminate\Support\Facades\Request::$name {"userId":1,"exception":"[object] (ErrorException(code: 0): Undefined property: Illuminate\\Support\\Facades\\Request::$name at C:/Users/kuldeep/Desktop/Project/sgcsm/app/Http/Controllers/Admin/CourseController.php:20)
[stacktrace]
#0 C:/Users/kuldeep/Desktop/Project/sgcsm/vendor/laravel/framework/src/Illuminate/Foundation/Bootstrap/HandleExceptions.php(258): Illuminate/Foundation/Bootstrap/HandleExceptions->handleError()
#1 C:/Users/kuldeep/Desktop/Project/sgcsm/app/Http/Controllers/Admin/CourseController.php(20): Illuminate/Foundation/Bootstrap/HandleExceptions->{closure:Illuminate/Foundation/Bootstrap/HandleExceptions::forwardsTo():257}()
#2 C:/Users/kuldeep/Desktop/Project/sgcsm/vendor/laravel/framework/src/Illuminate/Routing/ControllerDispatcher.php(47): App/Http/Controllers/Admin/CourseController->index()
#3 C:/Users/kuldeep/Desktop/Project/sgcsm/vendor/laravel/framework/src/Illuminate/Routing/Route.php(266): Illuminate/Routing/ControllerDispatcher->dispatch()
#4 C:/Users/kuldeep/Desktop/Project/sgcsm/vendor/laravel/framework/src/Illuminate/Routing/Route.php(212): Illuminate/Routing/Route->runController()
#5 C:/Users/kuldeep/Desktop/Project/sgcsm/vendor/laravel/framework/src/Illuminate/Routing/Router.php(808): Illuminate/Routing/Route->run()
#6 C:/Users/kuldeep/Desktop/Project/sgcsm/vendor/laravel/framework/src/Illuminate/Pipeline/Pipeline.php(170): Illuminate/Routing/Router->{closure:Illuminate/Routing/Router::runRouteWithinStack():807}()
#7 C:/Users/kuldeep/Desktop/Project/sgcsm/app/Http/Middleware/RoleMiddleware.php(26): Illuminate/Pipeline/Pipeline->{closure:Illuminate/Pipeline/Pipeline::prepareDestination():168}()
#8 C:/Users/kuldeep/Desktop/Project/sgcsm/vendor/laravel/framework/src/Illuminate/Pipeline/Pipeline.php(209): App/Http/Middleware/RoleMiddleware->handle()
#9 C:/Users/kuldeep/Desktop/Project/sgcsm/vendor/laravel/framework/src/Illuminate/Auth/Middleware/EnsureEmailIsVerified.php(41): Illuminate/Pipeline/Pipeline->{closure:{closure:Illuminate/Pipeline/Pipeline::carry():184}:185}()
#10 C:/Users/kuldeep/Desktop/Project/sgcsm/vendor/laravel/framework/src/Illuminate/Pipeline/Pipeline.php(209): Illuminate/Auth/Middleware/EnsureEmailIsVerified->handle()
#11 C:/Users/kuldeep/Desktop/Project/sgcsm/vendor/laravel/framework/src/Illuminate/Http/Middleware/AddLinkHeadersForPreloadedAssets.php(20): Illuminate/Pipeline/Pipeline->{closure:{closure:Illuminate/Pipeline/Pipeline::carry():184}:185}()
#12 C:/Users/kuldeep/Desktop/Project/sgcsm/vendor/laravel/framework/src/Illuminate/Pipeline/Pipeline.php(209): Illuminate/Http/Middleware/AddLinkHeadersForPreloadedAssets->handle()
#13 C:/Users/kuldeep/Desktop/Project/sgcsm/vendor/inertiajs/inertia-laravel/src/Middleware.php(122): Illuminate/Pipeline/Pipeline->{closure:{closure:Illuminate/Pipeline/Pipeline::carry():184}:185}()
#14 C:/Users/kuldeep/Desktop/Project/sgcsm/vendor/laravel/framework/src/Illuminate/Pipeline/Pipeline.php(209): Inertia/Middleware->handle()
#15 C:/Users/kuldeep/Desktop/Project/sgcsm/vendor/laravel/framework/src/Illuminate/Routing/Middleware/SubstituteBindings.php(51): Illuminate/Pipeline/Pipeline->{closure:{closure:Illuminate/Pipeline/Pipeline::carry():184}:185}()
#16 C:/Users/kuldeep/Desktop/Project/sgcsm/vendor/laravel/framework/src/Illuminate/Pipeline/Pipeline.php(209): Illuminate/Routing/Middleware/SubstituteBindings->handle()
#17 C:/Users/kuldeep/Desktop/Project/sgcsm/vendor/laravel/framework/src/Illuminate/Auth/Middleware/Authenticate.php(64): Illuminate/Pipeline/Pipeline->{closure:{closure:Illuminate/Pipeline/Pipeline::carry():184}:185}()
#18 C:/Users/kuldeep/Desktop/Project/sgcsm/vendor/laravel/framework/src/Illuminate/Pipeline/Pipeline.php(209): Illuminate/Auth/Middleware/Authenticate->handle()
#19 C:/Users/kuldeep/Desktop/Project/sgcsm/vendor/laravel/framework/src/Illuminate/Foundation/Http/Middleware/VerifyCsrfToken.php(88): Illuminate/Pipeline/Pipeline->{closure:{closure:Illuminate/Pipeline/Pipeline::carry():184}:185}()
#20 C:/Users/kuldeep/Desktop/Project/sgcsm/vendor/laravel/framework/src/Illuminate/Pipeline/Pipeline.php(209): Illuminate/Foundation/Http/Middleware/VerifyCsrfToken->handle()
#21 C:/Users/kuldeep/Desktop/Project/sgcsm/vendor/laravel/framework/src/Illuminate/View/Middleware/ShareErrorsFromSession.php(49): Illuminate/Pipeline/Pipeline->{closure:{closure:Illuminate/Pipeline/Pipeline::carry():184}:185}()
#22 C:/Users/kuldeep/Desktop/Project/sgcsm/vendor/laravel/framework/src/Illuminate/Pipeline/Pipeline.php(209): Illuminate/View/Middleware/ShareErrorsFromSession->handle()
#23 C:/Users/kuldeep/Desktop/Project/sgcsm/vendor/laravel/framework/src/Illuminate/Session/Middleware/StartSession.php(121): Illuminate/Pipeline/Pipeline->{closure:{closure:Illuminate/Pipeline/Pipeline::carry():184}:185}()
#24 C:/Users/kuldeep/Desktop/Project/sgcsm/vendor/laravel/framework/src/Illuminate/Session/Middleware/StartSession.php(64): Illuminate/Session/Middleware/StartSession->handleStatefulRequest()
#25 C:/Users/kuldeep/Desktop/Project/sgcsm/vendor/laravel/framework/src/Illuminate/Pipeline/Pipeline.php(209): Illuminate/Session/Middleware/StartSession->handle()
#26 C:/Users/kuldeep/Desktop/Project/sgcsm/vendor/laravel/framework/src/Illuminate/Cookie/Middleware/AddQueuedCookiesToResponse.php(37): Illuminate/Pipeline/Pipeline->{closure:{closure:Illuminate/Pipeline/Pipeline::carry():184}:185}()
#27 C:/Users/kuldeep/Desktop/Project/sgcsm/vendor/laravel/framework/src/Illuminate/Pipeline/Pipeline.php(209): Illuminate/Cookie/Middleware/AddQueuedCookiesToResponse->handle()
#28 C:/Users/kuldeep/Desktop/Project/sgcsm/vendor/laravel/framework/src/Illuminate/Cookie/Middleware/EncryptCookies.php(75): Illuminate/Pipeline/Pipeline->{closure:{closure:Illuminate/Pipeline/Pipeline::carry():184}:185}()
#29 C:/Users/kuldeep/Desktop/Project/sgcsm/vendor/laravel/framework/src/Illuminate/Pipeline/Pipeline.php(209): Illuminate/Cookie/Middleware/EncryptCookies->handle()
#30 C:/Users/kuldeep/Desktop/Project/sgcsm/vendor/laravel/framework/src/Illuminate/Pipeline/Pipeline.php(127): Illuminate/Pipeline/Pipeline->{closure:{closure:Illuminate/Pipeline/Pipeline::carry():184}:185}()
#31 C:/Users/kuldeep/Desktop/Project/sgcsm/vendor/laravel/framework/src/Illuminate/Routing/Router.php(807): Illuminate/Pipeline/Pipeline->then()
#32 C:/Users/kuldeep/Desktop/Project/sgcsm/vendor/laravel/framework/src/Illuminate/Routing/Router.php(786): Illuminate/Routing/Router->runRouteWithinStack()
#33 C:/Users/kuldeep/Desktop/Project/sgcsm/vendor/laravel/framework/src/Illuminate/Routing/Router.php(750): Illuminate/Routing/Router->runRoute()
#34 C:/Users/kuldeep/Desktop/Project/sgcsm/vendor/laravel/framework/src/Illuminate/Routing/Router.php(739): Illuminate/Routing/Router->dispatchToRoute()
#35 C:/Users/kuldeep/Desktop/Project/sgcsm/vendor/laravel/framework/src/Illuminate/Foundation/Http/Kernel.php(201): Illuminate/Routing/Router->dispatch()
#36 C:/Users/kuldeep/Desktop/Project/sgcsm/vendor/laravel/framework/src/Illuminate/Pipeline/Pipeline.php(170): Illuminate/Foundation/Http/Kernel->{closure:Illuminate/Foundation/Http/Kernel::dispatchToRouter():198}()
#37 C:/Users/kuldeep/Desktop/Project/sgcsm/vendor/laravel/framework/src/Illuminate/Foundation/Http/Middleware/TransformsRequest.php(21): Illuminate/Pipeline/Pipeline->{closure:Illuminate/Pipeline/Pipeline::prepareDestination():168}()
#38 C:/Users/kuldeep/Desktop/Project/sgcsm/vendor/laravel/framework/src/Illuminate/Foundation/Http/Middleware/ConvertEmptyStringsToNull.php(31): Illuminate/Foundation/Http/Middleware/TransformsRequest->handle()
#39 C:/Users/kuldeep/Desktop/Project/sgcsm/vendor/laravel/framework/src/Illuminate/Pipeline/Pipeline.php(209): Illuminate/Foundation/Http/Middleware/ConvertEmptyStringsToNull->handle()
#40 C:/Users/kuldeep/Desktop/Project/sgcsm/vendor/laravel/framework/src/Illuminate/Foundation/Http/Middleware/TransformsRequest.php(21): Illuminate/Pipeline/Pipeline->{closure:{closure:Illuminate/Pipeline/Pipeline::carry():184}:185}()
#41 C:/Users/kuldeep/Desktop/Project/sgcsm/vendor/laravel/framework/src/Illuminate/Foundation/Http/Middleware/TrimStrings.php(51): Illuminate/Foundation/Http/Middleware/TransformsRequest->handle()
#42 C:/Users/kuldeep/Desktop/Project/sgcsm/vendor/laravel/framework/src/Illuminate/Pipeline/Pipeline.php(209): Illuminate/Foundation/Http/Middleware/TrimStrings->handle()
#43 C:/Users/kuldeep/Desktop/Project/sgcsm/vendor/laravel/framework/src/Illuminate/Http/Middleware/ValidatePostSize.php(27): Illuminate/Pipeline/Pipeline->{closure:{closure:Illuminate/Pipeline/Pipeline::carry():184}:185}()
#44 C:/Users/kuldeep/Desktop/Project/sgcsm/vendor/laravel/framework/src/Illuminate/Pipeline/Pipeline.php(209): Illuminate/Http/Middleware/ValidatePostSize->handle()
#45 C:/Users/kuldeep/Desktop/Project/sgcsm/vendor/laravel/framework/src/Illuminate/Foundation/Http/Middleware/PreventRequestsDuringMaintenance.php(110): Illuminate/Pipeline/Pipeline->{closure:{closure:Illuminate/Pipeline/Pipeline::carry():184}:185}()
#46 C:/Users/kuldeep/Desktop/Project/sgcsm/vendor/laravel/framework/src/Illuminate/Pipeline/Pipeline.php(209): Illuminate/Foundation/Http/Middleware/PreventRequestsDuringMaintenance->handle()
#47 C:/Users/kuldeep/Desktop/Project/sgcsm/vendor/laravel/framework/src/Illuminate/Http/Middleware/HandleCors.php(49): Illuminate/Pipeline/Pipeline->{closure:{closure:Illuminate/Pipeline/Pipeline::carry():184}:185}()
#48 C:/Users/kuldeep/Desktop/Project/sgcsm/vendor/laravel/framework/src/Illuminate/Pipeline/Pipeline.php(209): Illuminate/Http/Middleware/HandleCors->handle()
#49 C:/Users/kuldeep/Desktop/Project/sgcsm/vendor/laravel/framework/src/Illuminate/Http/Middleware/TrustProxies.php(58): Illuminate/Pipeline/Pipeline->{closure:{closure:Illuminate/Pipeline/Pipeline::carry():184}:185}()
#50 C:/Users/kuldeep/Desktop/Project/sgcsm/vendor/laravel/framework/src/Illuminate/Pipeline/Pipeline.php(209): Illuminate/Http/Middleware/TrustProxies->handle()
#51 C:/Users/kuldeep/Desktop/Project/sgcsm/vendor/laravel/framework/src/Illuminate/Foundation/Http/Middleware/InvokeDeferredCallbacks.php(22): Illuminate/Pipeline/Pipeline->{closure:{closure:Illuminate/Pipeline/Pipeline::carry():184}:185}()
#52 C:/Users/kuldeep/Desktop/Project/sgcsm/vendor/laravel/framework/src/Illuminate/Pipeline/Pipeline.php(209): Illuminate/Foundation/Http/Middleware/InvokeDeferredCallbacks->handle()
#53 C:/Users/kuldeep/Desktop/Project/sgcsm/vendor/laravel/framework/src/Illuminate/Pipeline/Pipeline.php(127): Illuminate/Pipeline/Pipeline->{closure:{closure:Illuminate/Pipeline/Pipeline::carry():184}:185}()
#54 C:/Users/kuldeep/Desktop/Project/sgcsm/vendor/laravel/framework/src/Illuminate/Foundation/Http/Kernel.php(176): Illuminate/Pipeline/Pipeline->then()
#55 C:/Users/kuldeep/Desktop/Project/sgcsm/vendor/laravel/framework/src/Illuminate/Foundation/Http/Kernel.php(145): Illuminate/Foundation/Http/Kernel->sendRequestThroughRouter()
#56 C:/Users/kuldeep/Desktop/Project/sgcsm/vendor/laravel/framework/src/Illuminate/Foundation/Application.php(1220): Illuminate/Foundation/Http/Kernel->handle()
#57 C:/Users/kuldeep/Desktop/Project/sgcsm/public/index.php(17): Illuminate/Foundation/Application->handleRequest()
#58 C:/Users/kuldeep/Desktop/Project/sgcsm/vendor/laravel/framework/src/Illuminate/Foundation/resources/server.php(23): require_once('...')
#59 {main}
"} 
[2026-05-05 04:26:53] local.ERROR: Call to undefined method Illuminate\Support\Facades\Request::filled() {"userId":1,"exception":"[object] (Error(code: 0): Call to undefined method Illuminate\\Support\\Facades\\Request::filled() at C:/Users/kuldeep/Desktop/Project/sgcsm/app/Http/Controllers/Admin/CourseController.php:24)
[stacktrace]
#0 C:/Users/kuldeep/Desktop/Project/sgcsm/vendor/laravel/framework/src/Illuminate/Routing/ControllerDispatcher.php(47): App/Http/Controllers/Admin/CourseController->index()
#1 C:/Users/kuldeep/Desktop/Project/sgcsm/vendor/laravel/framework/src/Illuminate/Routing/Route.php(266): Illuminate/Routing/ControllerDispatcher->dispatch()
#2 C:/Users/kuldeep/Desktop/Project/sgcsm/vendor/laravel/framework/src/Illuminate/Routing/Route.php(212): Illuminate/Routing/Route->runController()
#3 C:/Users/kuldeep/Desktop/Project/sgcsm/vendor/laravel/framework/src/Illuminate/Routing/Router.php(808): Illuminate/Routing/Route->run()
#4 C:/Users/kuldeep/Desktop/Project/sgcsm/vendor/laravel/framework/src/Illuminate/Pipeline/Pipeline.php(170): Illuminate/Routing/Router->{closure:Illuminate/Routing/Router::runRouteWithinStack():807}()
#5 C:/Users/kuldeep/Desktop/Project/sgcsm/app/Http/Middleware/RoleMiddleware.php(26): Illuminate/Pipeline/Pipeline->{closure:Illuminate/Pipeline/Pipeline::prepareDestination():168}()
#6 C:/Users/kuldeep/Desktop/Project/sgcsm/vendor/laravel/framework/src/Illuminate/Pipeline/Pipeline.php(209): App/Http/Middleware/RoleMiddleware->handle()
#7 C:/Users/kuldeep/Desktop/Project/sgcsm/vendor/laravel/framework/src/Illuminate/Auth/Middleware/EnsureEmailIsVerified.php(41): Illuminate/Pipeline/Pipeline->{closure:{closure:Illuminate/Pipeline/Pipeline::carry():184}:185}()
#8 C:/Users/kuldeep/Desktop/Project/sgcsm/vendor/laravel/framework/src/Illuminate/Pipeline/Pipeline.php(209): Illuminate/Auth/Middleware/EnsureEmailIsVerified->handle()
#9 C:/Users/kuldeep/Desktop/Project/sgcsm/vendor/laravel/framework/src/Illuminate/Http/Middleware/AddLinkHeadersForPreloadedAssets.php(20): Illuminate/Pipeline/Pipeline->{closure:{closure:Illuminate/Pipeline/Pipeline::carry():184}:185}()
#10 C:/Users/kuldeep/Desktop/Project/sgcsm/vendor/laravel/framework/src/Illuminate/Pipeline/Pipeline.php(209): Illuminate/Http/Middleware/AddLinkHeadersForPreloadedAssets->handle()
#11 C:/Users/kuldeep/Desktop/Project/sgcsm/vendor/inertiajs/inertia-laravel/src/Middleware.php(122): Illuminate/Pipeline/Pipeline->{closure:{closure:Illuminate/Pipeline/Pipeline::carry():184}:185}()
#12 C:/Users/kuldeep/Desktop/Project/sgcsm/vendor/laravel/framework/src/Illuminate/Pipeline/Pipeline.php(209): Inertia/Middleware->handle()
#13 C:/Users/kuldeep/Desktop/Project/sgcsm/vendor/laravel/framework/src/Illuminate/Routing/Middleware/SubstituteBindings.php(51): Illuminate/Pipeline/Pipeline->{closure:{closure:Illuminate/Pipeline/Pipeline::carry():184}:185}()
#14 C:/Users/kuldeep/Desktop/Project/sgcsm/vendor/laravel/framework/src/Illuminate/Pipeline/Pipeline.php(209): Illuminate/Routing/Middleware/SubstituteBindings->handle()
#15 C:/Users/kuldeep/Desktop/Project/sgcsm/vendor/laravel/framework/src/Illuminate/Auth/Middleware/Authenticate.php(64): Illuminate/Pipeline/Pipeline->{closure:{closure:Illuminate/Pipeline/Pipeline::carry():184}:185}()
#16 C:/Users/kuldeep/Desktop/Project/sgcsm/vendor/laravel/framework/src/Illuminate/Pipeline/Pipeline.php(209): Illuminate/Auth/Middleware/Authenticate->handle()
#17 C:/Users/kuldeep/Desktop/Project/sgcsm/vendor/laravel/framework/src/Illuminate/Foundation/Http/Middleware/VerifyCsrfToken.php(88): Illuminate/Pipeline/Pipeline->{closure:{closure:Illuminate/Pipeline/Pipeline::carry():184}:185}()
#18 C:/Users/kuldeep/Desktop/Project/sgcsm/vendor/laravel/framework/src/Illuminate/Pipeline/Pipeline.php(209): Illuminate/Foundation/Http/Middleware/VerifyCsrfToken->handle()
#19 C:/Users/kuldeep/Desktop/Project/sgcsm/vendor/laravel/framework/src/Illuminate/View/Middleware/ShareErrorsFromSession.php(49): Illuminate/Pipeline/Pipeline->{closure:{closure:Illuminate/Pipeline/Pipeline::carry():184}:185}()
#20 C:/Users/kuldeep/Desktop/Project/sgcsm/vendor/laravel/framework/src/Illuminate/Pipeline/Pipeline.php(209): Illuminate/View/Middleware/ShareErrorsFromSession->handle()
#21 C:/Users/kuldeep/Desktop/Project/sgcsm/vendor/laravel/framework/src/Illuminate/Session/Middleware/StartSession.php(121): Illuminate/Pipeline/Pipeline->{closure:{closure:Illuminate/Pipeline/Pipeline::carry():184}:185}()
#22 C:/Users/kuldeep/Desktop/Project/sgcsm/vendor/laravel/framework/src/Illuminate/Session/Middleware/StartSession.php(64): Illuminate/Session/Middleware/StartSession->handleStatefulRequest()
#23 C:/Users/kuldeep/Desktop/Project/sgcsm/vendor/laravel/framework/src/Illuminate/Pipeline/Pipeline.php(209): Illuminate/Session/Middleware/StartSession->handle()
#24 C:/Users/kuldeep/Desktop/Project/sgcsm/vendor/laravel/framework/src/Illuminate/Cookie/Middleware/AddQueuedCookiesToResponse.php(37): Illuminate/Pipeline/Pipeline->{closure:{closure:Illuminate/Pipeline/Pipeline::carry():184}:185}()
#25 C:/Users/kuldeep/Desktop/Project/sgcsm/vendor/laravel/framework/src/Illuminate/Pipeline/Pipeline.php(209): Illuminate/Cookie/Middleware/AddQueuedCookiesToResponse->handle()
#26 C:/Users/kuldeep/Desktop/Project/sgcsm/vendor/laravel/framework/src/Illuminate/Cookie/Middleware/EncryptCookies.php(75): Illuminate/Pipeline/Pipeline->{closure:{closure:Illuminate/Pipeline/Pipeline::carry():184}:185}()
#27 C:/Users/kuldeep/Desktop/Project/sgcsm/vendor/laravel/framework/src/Illuminate/Pipeline/Pipeline.php(209): Illuminate/Cookie/Middleware/EncryptCookies->handle()
#28 C:/Users/kuldeep/Desktop/Project/sgcsm/vendor/laravel/framework/src/Illuminate/Pipeline/Pipeline.php(127): Illuminate/Pipeline/Pipeline->{closure:{closure:Illuminate/Pipeline/Pipeline::carry():184}:185}()
#29 C:/Users/kuldeep/Desktop/Project/sgcsm/vendor/laravel/framework/src/Illuminate/Routing/Router.php(807): Illuminate/Pipeline/Pipeline->then()
#30 C:/Users/kuldeep/Desktop/Project/sgcsm/vendor/laravel/framework/src/Illuminate/Routing/Router.php(786): Illuminate/Routing/Router->runRouteWithinStack()
#31 C:/Users/kuldeep/Desktop/Project/sgcsm/vendor/laravel/framework/src/Illuminate/Routing/Router.php(750): Illuminate/Routing/Router->runRoute()
#32 C:/Users/kuldeep/Desktop/Project/sgcsm/vendor/laravel/framework/src/Illuminate/Routing/Router.php(739): Illuminate/Routing/Router->dispatchToRoute()
#33 C:/Users/kuldeep/Desktop/Project/sgcsm/vendor/laravel/framework/src/Illuminate/Foundation/Http/Kernel.php(201): Illuminate/Routing/Router->dispatch()
#34 C:/Users/kuldeep/Desktop/Project/sgcsm/vendor/laravel/framework/src/Illuminate/Pipeline/Pipeline.php(170): Illuminate/Foundation/Http/Kernel->{closure:Illuminate/Foundation/Http/Kernel::dispatchToRouter():198}()
#35 C:/Users/kuldeep/Desktop/Project/sgcsm/vendor/laravel/framework/src/Illuminate/Foundation/Http/Middleware/TransformsRequest.php(21): Illuminate/Pipeline/Pipeline->{closure:Illuminate/Pipeline/Pipeline::prepareDestination():168}()
#36 C:/Users/kuldeep/Desktop/Project/sgcsm/vendor/laravel/framework/src/Illuminate/Foundation/Http/Middleware/ConvertEmptyStringsToNull.php(31): Illuminate/Foundation/Http/Middleware/TransformsRequest->handle()
#37 C:/Users/kuldeep/Desktop/Project/sgcsm/vendor/laravel/framework/src/Illuminate/Pipeline/Pipeline.php(209): Illuminate/Foundation/Http/Middleware/ConvertEmptyStringsToNull->handle()
#38 C:/Users/kuldeep/Desktop/Project/sgcsm/vendor/laravel/framework/src/Illuminate/Foundation/Http/Middleware/TransformsRequest.php(21): Illuminate/Pipeline/Pipeline->{closure:{closure:Illuminate/Pipeline/Pipeline::carry():184}:185}()
#39 C:/Users/kuldeep/Desktop/Project/sgcsm/vendor/laravel/framework/src/Illuminate/Foundation/Http/Middleware/TrimStrings.php(51): Illuminate/Foundation/Http/Middleware/TransformsRequest->handle()
#40 C:/Users/kuldeep/Desktop/Project/sgcsm/vendor/laravel/framework/src/Illuminate/Pipeline/Pipeline.php(209): Illuminate/Foundation/Http/Middleware/TrimStrings->handle()
#41 C:/Users/kuldeep/Desktop/Project/sgcsm/vendor/laravel/framework/src/Illuminate/Http/Middleware/ValidatePostSize.php(27): Illuminate/Pipeline/Pipeline->{closure:{closure:Illuminate/Pipeline/Pipeline::carry():184}:185}()
#42 C:/Users/kuldeep/Desktop/Project/sgcsm/vendor/laravel/framework/src/Illuminate/Pipeline/Pipeline.php(209): Illuminate/Http/Middleware/ValidatePostSize->handle()
#43 C:/Users/kuldeep/Desktop/Project/sgcsm/vendor/laravel/framework/src/Illuminate/Foundation/Http/Middleware/PreventRequestsDuringMaintenance.php(110): Illuminate/Pipeline/Pipeline->{closure:{closure:Illuminate/Pipeline/Pipeline::carry():184}:185}()
#44 C:/Users/kuldeep/Desktop/Project/sgcsm/vendor/laravel/framework/src/Illuminate/Pipeline/Pipeline.php(209): Illuminate/Foundation/Http/Middleware/PreventRequestsDuringMaintenance->handle()
#45 C:/Users/kuldeep/Desktop/Project/sgcsm/vendor/laravel/framework/src/Illuminate/Http/Middleware/HandleCors.php(49): Illuminate/Pipeline/Pipeline->{closure:{closure:Illuminate/Pipeline/Pipeline::carry():184}:185}()
#46 C:/Users/kuldeep/Desktop/Project/sgcsm/vendor/laravel/framework/src/Illuminate/Pipeline/Pipeline.php(209): Illuminate/Http/Middleware/HandleCors->handle()
#47 C:/Users/kuldeep/Desktop/Project/sgcsm/vendor/laravel/framework/src/Illuminate/Http/Middleware/TrustProxies.php(58): Illuminate/Pipeline/Pipeline->{closure:{closure:Illuminate/Pipeline/Pipeline::carry():184}:185}()
#48 C:/Users/kuldeep/Desktop/Project/sgcsm/vendor/laravel/framework/src/Illuminate/Pipeline/Pipeline.php(209): Illuminate/Http/Middleware/TrustProxies->handle()
#49 C:/Users/kuldeep/Desktop/Project/sgcsm/vendor/laravel/framework/src/Illuminate/Foundation/Http/Middleware/InvokeDeferredCallbacks.php(22): Illuminate/Pipeline/Pipeline->{closure:{closure:Illuminate/Pipeline/Pipeline::carry():184}:185}()
#50 C:/Users/kuldeep/Desktop/Project/sgcsm/vendor/laravel/framework/src/Illuminate/Pipeline/Pipeline.php(209): Illuminate/Foundation/Http/Middleware/InvokeDeferredCallbacks->handle()
#51 C:/Users/kuldeep/Desktop/Project/sgcsm/vendor/laravel/framework/src/Illuminate/Pipeline/Pipeline.php(127): Illuminate/Pipeline/Pipeline->{closure:{closure:Illuminate/Pipeline/Pipeline::carry():184}:185}()
#52 C:/Users/kuldeep/Desktop/Project/sgcsm/vendor/laravel/framework/src/Illuminate/Foundation/Http/Kernel.php(176): Illuminate/Pipeline/Pipeline->then()
#53 C:/Users/kuldeep/Desktop/Project/sgcsm/vendor/laravel/framework/src/Illuminate/Foundation/Http/Kernel.php(145): Illuminate/Foundation/Http/Kernel->sendRequestThroughRouter()
#54 C:/Users/kuldeep/Desktop/Project/sgcsm/vendor/laravel/framework/src/Illuminate/Foundation/Application.php(1220): Illuminate/Foundation/Http/Kernel->handle()
#55 C:/Users/kuldeep/Desktop/Project/sgcsm/public/index.php(17): Illuminate/Foundation/Application->handleRequest()
#56 C:/Users/kuldeep/Desktop/Project/sgcsm/vendor/laravel/framework/src/Illuminate/Foundation/resources/server.php(23): require_once('...')
#57 {main}
"} 
[2026-05-05 04:27:37] local.ERROR: Call to undefined method Illuminate\Support\Facades\Request::filled() {"userId":1,"exception":"[object] (Error(code: 0): Call to undefined method Illuminate\\Support\\Facades\\Request::filled() at C:/Users/kuldeep/Desktop/Project/sgcsm/app/Http/Controllers/Admin/CourseController.php:24)
[stacktrace]
#0 C:/Users/kuldeep/Desktop/Project/sgcsm/vendor/laravel/framework/src/Illuminate/Routing/ControllerDispatcher.php(47): App/Http/Controllers/Admin/CourseController->index()
#1 C:/Users/kuldeep/Desktop/Project/sgcsm/vendor/laravel/framework/src/Illuminate/Routing/Route.php(266): Illuminate/Routing/ControllerDispatcher->dispatch()
#2 C:/Users/kuldeep/Desktop/Project/sgcsm/vendor/laravel/framework/src/Illuminate/Routing/Route.php(212): Illuminate/Routing/Route->runController()
#3 C:/Users/kuldeep/Desktop/Project/sgcsm/vendor/laravel/framework/src/Illuminate/Routing/Router.php(808): Illuminate/Routing/Route->run()
#4 C:/Users/kuldeep/Desktop/Project/sgcsm/vendor/laravel/framework/src/Illuminate/Pipeline/Pipeline.php(170): Illuminate/Routing/Router->{closure:Illuminate/Routing/Router::runRouteWithinStack():807}()
#5 C:/Users/kuldeep/Desktop/Project/sgcsm/app/Http/Middleware/RoleMiddleware.php(26): Illuminate/Pipeline/Pipeline->{closure:Illuminate/Pipeline/Pipeline::prepareDestination():168}()
#6 C:/Users/kuldeep/Desktop/Project/sgcsm/vendor/laravel/framework/src/Illuminate/Pipeline/Pipeline.php(209): App/Http/Middleware/RoleMiddleware->handle()
#7 C:/Users/kuldeep/Desktop/Project/sgcsm/vendor/laravel/framework/src/Illuminate/Auth/Middleware/EnsureEmailIsVerified.php(41): Illuminate/Pipeline/Pipeline->{closure:{closure:Illuminate/Pipeline/Pipeline::carry():184}:185}()
#8 C:/Users/kuldeep/Desktop/Project/sgcsm/vendor/laravel/framework/src/Illuminate/Pipeline/Pipeline.php(209): Illuminate/Auth/Middleware/EnsureEmailIsVerified->handle()
#9 C:/Users/kuldeep/Desktop/Project/sgcsm/vendor/laravel/framework/src/Illuminate/Http/Middleware/AddLinkHeadersForPreloadedAssets.php(20): Illuminate/Pipeline/Pipeline->{closure:{closure:Illuminate/Pipeline/Pipeline::carry():184}:185}()
#10 C:/Users/kuldeep/Desktop/Project/sgcsm/vendor/laravel/framework/src/Illuminate/Pipeline/Pipeline.php(209): Illuminate/Http/Middleware/AddLinkHeadersForPreloadedAssets->handle()
#11 C:/Users/kuldeep/Desktop/Project/sgcsm/vendor/inertiajs/inertia-laravel/src/Middleware.php(122): Illuminate/Pipeline/Pipeline->{closure:{closure:Illuminate/Pipeline/Pipeline::carry():184}:185}()
#12 C:/Users/kuldeep/Desktop/Project/sgcsm/vendor/laravel/framework/src/Illuminate/Pipeline/Pipeline.php(209): Inertia/Middleware->handle()
#13 C:/Users/kuldeep/Desktop/Project/sgcsm/vendor/laravel/framework/src/Illuminate/Routing/Middleware/SubstituteBindings.php(51): Illuminate/Pipeline/Pipeline->{closure:{closure:Illuminate/Pipeline/Pipeline::carry():184}:185}()
#14 C:/Users/kuldeep/Desktop/Project/sgcsm/vendor/laravel/framework/src/Illuminate/Pipeline/Pipeline.php(209): Illuminate/Routing/Middleware/SubstituteBindings->handle()
#15 C:/Users/kuldeep/Desktop/Project/sgcsm/vendor/laravel/framework/src/Illuminate/Auth/Middleware/Authenticate.php(64): Illuminate/Pipeline/Pipeline->{closure:{closure:Illuminate/Pipeline/Pipeline::carry():184}:185}()
#16 C:/Users/kuldeep/Desktop/Project/sgcsm/vendor/laravel/framework/src/Illuminate/Pipeline/Pipeline.php(209): Illuminate/Auth/Middleware/Authenticate->handle()
#17 C:/Users/kuldeep/Desktop/Project/sgcsm/vendor/laravel/framework/src/Illuminate/Foundation/Http/Middleware/VerifyCsrfToken.php(88): Illuminate/Pipeline/Pipeline->{closure:{closure:Illuminate/Pipeline/Pipeline::carry():184}:185}()
#18 C:/Users/kuldeep/Desktop/Project/sgcsm/vendor/laravel/framework/src/Illuminate/Pipeline/Pipeline.php(209): Illuminate/Foundation/Http/Middleware/VerifyCsrfToken->handle()
#19 C:/Users/kuldeep/Desktop/Project/sgcsm/vendor/laravel/framework/src/Illuminate/View/Middleware/ShareErrorsFromSession.php(49): Illuminate/Pipeline/Pipeline->{closure:{closure:Illuminate/Pipeline/Pipeline::carry():184}:185}()
#20 C:/Users/kuldeep/Desktop/Project/sgcsm/vendor/laravel/framework/src/Illuminate/Pipeline/Pipeline.php(209): Illuminate/View/Middleware/ShareErrorsFromSession->handle()
#21 C:/Users/kuldeep/Desktop/Project/sgcsm/vendor/laravel/framework/src/Illuminate/Session/Middleware/StartSession.php(121): Illuminate/Pipeline/Pipeline->{closure:{closure:Illuminate/Pipeline/Pipeline::carry():184}:185}()
#22 C:/Users/kuldeep/Desktop/Project/sgcsm/vendor/laravel/framework/src/Illuminate/Session/Middleware/StartSession.php(64): Illuminate/Session/Middleware/StartSession->handleStatefulRequest()
#23 C:/Users/kuldeep/Desktop/Project/sgcsm/vendor/laravel/framework/src/Illuminate/Pipeline/Pipeline.php(209): Illuminate/Session/Middleware/StartSession->handle()
#24 C:/Users/kuldeep/Desktop/Project/sgcsm/vendor/laravel/framework/src/Illuminate/Cookie/Middleware/AddQueuedCookiesToResponse.php(37): Illuminate/Pipeline/Pipeline->{closure:{closure:Illuminate/Pipeline/Pipeline::carry():184}:185}()
#25 C:/Users/kuldeep/Desktop/Project/sgcsm/vendor/laravel/framework/src/Illuminate/Pipeline/Pipeline.php(209): Illuminate/Cookie/Middleware/AddQueuedCookiesToResponse->handle()
#26 C:/Users/kuldeep/Desktop/Project/sgcsm/vendor/laravel/framework/src/Illuminate/Cookie/Middleware/EncryptCookies.php(75): Illuminate/Pipeline/Pipeline->{closure:{closure:Illuminate/Pipeline/Pipeline::carry():184}:185}()
#27 C:/Users/kuldeep/Desktop/Project/sgcsm/vendor/laravel/framework/src/Illuminate/Pipeline/Pipeline.php(209): Illuminate/Cookie/Middleware/EncryptCookies->handle()
#28 C:/Users/kuldeep/Desktop/Project/sgcsm/vendor/laravel/framework/src/Illuminate/Pipeline/Pipeline.php(127): Illuminate/Pipeline/Pipeline->{closure:{closure:Illuminate/Pipeline/Pipeline::carry():184}:185}()
#29 C:/Users/kuldeep/Desktop/Project/sgcsm/vendor/laravel/framework/src/Illuminate/Routing/Router.php(807): Illuminate/Pipeline/Pipeline->then()
#30 C:/Users/kuldeep/Desktop/Project/sgcsm/vendor/laravel/framework/src/Illuminate/Routing/Router.php(786): Illuminate/Routing/Router->runRouteWithinStack()
#31 C:/Users/kuldeep/Desktop/Project/sgcsm/vendor/laravel/framework/src/Illuminate/Routing/Router.php(750): Illuminate/Routing/Router->runRoute()
#32 C:/Users/kuldeep/Desktop/Project/sgcsm/vendor/laravel/framework/src/Illuminate/Routing/Router.php(739): Illuminate/Routing/Router->dispatchToRoute()
#33 C:/Users/kuldeep/Desktop/Project/sgcsm/vendor/laravel/framework/src/Illuminate/Foundation/Http/Kernel.php(201): Illuminate/Routing/Router->dispatch()
#34 C:/Users/kuldeep/Desktop/Project/sgcsm/vendor/laravel/framework/src/Illuminate/Pipeline/Pipeline.php(170): Illuminate/Foundation/Http/Kernel->{closure:Illuminate/Foundation/Http/Kernel::dispatchToRouter():198}()
#35 C:/Users/kuldeep/Desktop/Project/sgcsm/vendor/laravel/framework/src/Illuminate/Foundation/Http/Middleware/TransformsRequest.php(21): Illuminate/Pipeline/Pipeline->{closure:Illuminate/Pipeline/Pipeline::prepareDestination():168}()
#36 C:/Users/kuldeep/Desktop/Project/sgcsm/vendor/laravel/framework/src/Illuminate/Foundation/Http/Middleware/ConvertEmptyStringsToNull.php(31): Illuminate/Foundation/Http/Middleware/TransformsRequest->handle()
#37 C:/Users/kuldeep/Desktop/Project/sgcsm/vendor/laravel/framework/src/Illuminate/Pipeline/Pipeline.php(209): Illuminate/Foundation/Http/Middleware/ConvertEmptyStringsToNull->handle()
#38 C:/Users/kuldeep/Desktop/Project/sgcsm/vendor/laravel/framework/src/Illuminate/Foundation/Http/Middleware/TransformsRequest.php(21): Illuminate/Pipeline/Pipeline->{closure:{closure:Illuminate/Pipeline/Pipeline::carry():184}:185}()
#39 C:/Users/kuldeep/Desktop/Project/sgcsm/vendor/laravel/framework/src/Illuminate/Foundation/Http/Middleware/TrimStrings.php(51): Illuminate/Foundation/Http/Middleware/TransformsRequest->handle()
#40 C:/Users/kuldeep/Desktop/Project/sgcsm/vendor/laravel/framework/src/Illuminate/Pipeline/Pipeline.php(209): Illuminate/Foundation/Http/Middleware/TrimStrings->handle()
#41 C:/Users/kuldeep/Desktop/Project/sgcsm/vendor/laravel/framework/src/Illuminate/Http/Middleware/ValidatePostSize.php(27): Illuminate/Pipeline/Pipeline->{closure:{closure:Illuminate/Pipeline/Pipeline::carry():184}:185}()
#42 C:/Users/kuldeep/Desktop/Project/sgcsm/vendor/laravel/framework/src/Illuminate/Pipeline/Pipeline.php(209): Illuminate/Http/Middleware/ValidatePostSize->handle()
#43 C:/Users/kuldeep/Desktop/Project/sgcsm/vendor/laravel/framework/src/Illuminate/Foundation/Http/Middleware/PreventRequestsDuringMaintenance.php(110): Illuminate/Pipeline/Pipeline->{closure:{closure:Illuminate/Pipeline/Pipeline::carry():184}:185}()
#44 C:/Users/kuldeep/Desktop/Project/sgcsm/vendor/laravel/framework/src/Illuminate/Pipeline/Pipeline.php(209): Illuminate/Foundation/Http/Middleware/PreventRequestsDuringMaintenance->handle()
#45 C:/Users/kuldeep/Desktop/Project/sgcsm/vendor/laravel/framework/src/Illuminate/Http/Middleware/HandleCors.php(49): Illuminate/Pipeline/Pipeline->{closure:{closure:Illuminate/Pipeline/Pipeline::carry():184}:185}()
#46 C:/Users/kuldeep/Desktop/Project/sgcsm/vendor/laravel/framework/src/Illuminate/Pipeline/Pipeline.php(209): Illuminate/Http/Middleware/HandleCors->handle()
#47 C:/Users/kuldeep/Desktop/Project/sgcsm/vendor/laravel/framework/src/Illuminate/Http/Middleware/TrustProxies.php(58): Illuminate/Pipeline/Pipeline->{closure:{closure:Illuminate/Pipeline/Pipeline::carry():184}:185}()
#48 C:/Users/kuldeep/Desktop/Project/sgcsm/vendor/laravel/framework/src/Illuminate/Pipeline/Pipeline.php(209): Illuminate/Http/Middleware/TrustProxies->handle()
#49 C:/Users/kuldeep/Desktop/Project/sgcsm/vendor/laravel/framework/src/Illuminate/Foundation/Http/Middleware/InvokeDeferredCallbacks.php(22): Illuminate/Pipeline/Pipeline->{closure:{closure:Illuminate/Pipeline/Pipeline::carry():184}:185}()
#50 C:/Users/kuldeep/Desktop/Project/sgcsm/vendor/laravel/framework/src/Illuminate/Pipeline/Pipeline.php(209): Illuminate/Foundation/Http/Middleware/InvokeDeferredCallbacks->handle()
#51 C:/Users/kuldeep/Desktop/Project/sgcsm/vendor/laravel/framework/src/Illuminate/Pipeline/Pipeline.php(127): Illuminate/Pipeline/Pipeline->{closure:{closure:Illuminate/Pipeline/Pipeline::carry():184}:185}()
#52 C:/Users/kuldeep/Desktop/Project/sgcsm/vendor/laravel/framework/src/Illuminate/Foundation/Http/Kernel.php(176): Illuminate/Pipeline/Pipeline->then()
#53 C:/Users/kuldeep/Desktop/Project/sgcsm/vendor/laravel/framework/src/Illuminate/Foundation/Http/Kernel.php(145): Illuminate/Foundation/Http/Kernel->sendRequestThroughRouter()
#54 C:/Users/kuldeep/Desktop/Project/sgcsm/vendor/laravel/framework/src/Illuminate/Foundation/Application.php(1220): Illuminate/Foundation/Http/Kernel->handle()
#55 C:/Users/kuldeep/Desktop/Project/sgcsm/public/index.php(17): Illuminate/Foundation/Application->handleRequest()
#56 C:/Users/kuldeep/Desktop/Project/sgcsm/vendor/laravel/framework/src/Illuminate/Foundation/resources/server.php(23): require_once('...')
#57 {main}
"} 
[2026-05-05 04:28:43] local.ERROR: Undefined property: Illuminate\Support\Facades\Request::$name {"userId":1,"exception":"[object] (ErrorException(code: 0): Undefined property: Illuminate\\Support\\Facades\\Request::$name at C:/Users/kuldeep/Desktop/Project/sgcsm/app/Http/Controllers/Admin/CourseController.php:23)
[stacktrace]
#0 C:/Users/kuldeep/Desktop/Project/sgcsm/vendor/laravel/framework/src/Illuminate/Foundation/Bootstrap/HandleExceptions.php(258): Illuminate/Foundation/Bootstrap/HandleExceptions->handleError()
#1 C:/Users/kuldeep/Desktop/Project/sgcsm/app/Http/Controllers/Admin/CourseController.php(23): Illuminate/Foundation/Bootstrap/HandleExceptions->{closure:Illuminate/Foundation/Bootstrap/HandleExceptions::forwardsTo():257}()
#2 C:/Users/kuldeep/Desktop/Project/sgcsm/vendor/laravel/framework/src/Illuminate/Routing/ControllerDispatcher.php(47): App/Http/Controllers/Admin/CourseController->index()
#3 C:/Users/kuldeep/Desktop/Project/sgcsm/vendor/laravel/framework/src/Illuminate/Routing/Route.php(266): Illuminate/Routing/ControllerDispatcher->dispatch()
#4 C:/Users/kuldeep/Desktop/Project/sgcsm/vendor/laravel/framework/src/Illuminate/Routing/Route.php(212): Illuminate/Routing/Route->runController()
#5 C:/Users/kuldeep/Desktop/Project/sgcsm/vendor/laravel/framework/src/Illuminate/Routing/Router.php(808): Illuminate/Routing/Route->run()
#6 C:/Users/kuldeep/Desktop/Project/sgcsm/vendor/laravel/framework/src/Illuminate/Pipeline/Pipeline.php(170): Illuminate/Routing/Router->{closure:Illuminate/Routing/Router::runRouteWithinStack():807}()
#7 C:/Users/kuldeep/Desktop/Project/sgcsm/app/Http/Middleware/RoleMiddleware.php(26): Illuminate/Pipeline/Pipeline->{closure:Illuminate/Pipeline/Pipeline::prepareDestination():168}()
#8 C:/Users/kuldeep/Desktop/Project/sgcsm/vendor/laravel/framework/src/Illuminate/Pipeline/Pipeline.php(209): App/Http/Middleware/RoleMiddleware->handle()
#9 C:/Users/kuldeep/Desktop/Project/sgcsm/vendor/laravel/framework/src/Illuminate/Auth/Middleware/EnsureEmailIsVerified.php(41): Illuminate/Pipeline/Pipeline->{closure:{closure:Illuminate/Pipeline/Pipeline::carry():184}:185}()
#10 C:/Users/kuldeep/Desktop/Project/sgcsm/vendor/laravel/framework/src/Illuminate/Pipeline/Pipeline.php(209): Illuminate/Auth/Middleware/EnsureEmailIsVerified->handle()
#11 C:/Users/kuldeep/Desktop/Project/sgcsm/vendor/laravel/framework/src/Illuminate/Http/Middleware/AddLinkHeadersForPreloadedAssets.php(20): Illuminate/Pipeline/Pipeline->{closure:{closure:Illuminate/Pipeline/Pipeline::carry():184}:185}()
#12 C:/Users/kuldeep/Desktop/Project/sgcsm/vendor/laravel/framework/src/Illuminate/Pipeline/Pipeline.php(209): Illuminate/Http/Middleware/AddLinkHeadersForPreloadedAssets->handle()
#13 C:/Users/kuldeep/Desktop/Project/sgcsm/vendor/inertiajs/inertia-laravel/src/Middleware.php(122): Illuminate/Pipeline/Pipeline->{closure:{closure:Illuminate/Pipeline/Pipeline::carry():184}:185}()
#14 C:/Users/kuldeep/Desktop/Project/sgcsm/vendor/laravel/framework/src/Illuminate/Pipeline/Pipeline.php(209): Inertia/Middleware->handle()
#15 C:/Users/kuldeep/Desktop/Project/sgcsm/vendor/laravel/framework/src/Illuminate/Routing/Middleware/SubstituteBindings.php(51): Illuminate/Pipeline/Pipeline->{closure:{closure:Illuminate/Pipeline/Pipeline::carry():184}:185}()
#16 C:/Users/kuldeep/Desktop/Project/sgcsm/vendor/laravel/framework/src/Illuminate/Pipeline/Pipeline.php(209): Illuminate/Routing/Middleware/SubstituteBindings->handle()
#17 C:/Users/kuldeep/Desktop/Project/sgcsm/vendor/laravel/framework/src/Illuminate/Auth/Middleware/Authenticate.php(64): Illuminate/Pipeline/Pipeline->{closure:{closure:Illuminate/Pipeline/Pipeline::carry():184}:185}()
#18 C:/Users/kuldeep/Desktop/Project/sgcsm/vendor/laravel/framework/src/Illuminate/Pipeline/Pipeline.php(209): Illuminate/Auth/Middleware/Authenticate->handle()
#19 C:/Users/kuldeep/Desktop/Project/sgcsm/vendor/laravel/framework/src/Illuminate/Foundation/Http/Middleware/VerifyCsrfToken.php(88): Illuminate/Pipeline/Pipeline->{closure:{closure:Illuminate/Pipeline/Pipeline::carry():184}:185}()
#20 C:/Users/kuldeep/Desktop/Project/sgcsm/vendor/laravel/framework/src/Illuminate/Pipeline/Pipeline.php(209): Illuminate/Foundation/Http/Middleware/VerifyCsrfToken->handle()
#21 C:/Users/kuldeep/Desktop/Project/sgcsm/vendor/laravel/framework/src/Illuminate/View/Middleware/ShareErrorsFromSession.php(49): Illuminate/Pipeline/Pipeline->{closure:{closure:Illuminate/Pipeline/Pipeline::carry():184}:185}()
#22 C:/Users/kuldeep/Desktop/Project/sgcsm/vendor/laravel/framework/src/Illuminate/Pipeline/Pipeline.php(209): Illuminate/View/Middleware/ShareErrorsFromSession->handle()
#23 C:/Users/kuldeep/Desktop/Project/sgcsm/vendor/laravel/framework/src/Illuminate/Session/Middleware/StartSession.php(121): Illuminate/Pipeline/Pipeline->{closure:{closure:Illuminate/Pipeline/Pipeline::carry():184}:185}()
#24 C:/Users/kuldeep/Desktop/Project/sgcsm/vendor/laravel/framework/src/Illuminate/Session/Middleware/StartSession.php(64): Illuminate/Session/Middleware/StartSession->handleStatefulRequest()
#25 C:/Users/kuldeep/Desktop/Project/sgcsm/vendor/laravel/framework/src/Illuminate/Pipeline/Pipeline.php(209): Illuminate/Session/Middleware/StartSession->handle()
#26 C:/Users/kuldeep/Desktop/Project/sgcsm/vendor/laravel/framework/src/Illuminate/Cookie/Middleware/AddQueuedCookiesToResponse.php(37): Illuminate/Pipeline/Pipeline->{closure:{closure:Illuminate/Pipeline/Pipeline::carry():184}:185}()
#27 C:/Users/kuldeep/Desktop/Project/sgcsm/vendor/laravel/framework/src/Illuminate/Pipeline/Pipeline.php(209): Illuminate/Cookie/Middleware/AddQueuedCookiesToResponse->handle()
#28 C:/Users/kuldeep/Desktop/Project/sgcsm/vendor/laravel/framework/src/Illuminate/Cookie/Middleware/EncryptCookies.php(75): Illuminate/Pipeline/Pipeline->{closure:{closure:Illuminate/Pipeline/Pipeline::carry():184}:185}()
#29 C:/Users/kuldeep/Desktop/Project/sgcsm/vendor/laravel/framework/src/Illuminate/Pipeline/Pipeline.php(209): Illuminate/Cookie/Middleware/EncryptCookies->handle()
#30 C:/Users/kuldeep/Desktop/Project/sgcsm/vendor/laravel/framework/src/Illuminate/Pipeline/Pipeline.php(127): Illuminate/Pipeline/Pipeline->{closure:{closure:Illuminate/Pipeline/Pipeline::carry():184}:185}()
#31 C:/Users/kuldeep/Desktop/Project/sgcsm/vendor/laravel/framework/src/Illuminate/Routing/Router.php(807): Illuminate/Pipeline/Pipeline->then()
#32 C:/Users/kuldeep/Desktop/Project/sgcsm/vendor/laravel/framework/src/Illuminate/Routing/Router.php(786): Illuminate/Routing/Router->runRouteWithinStack()
#33 C:/Users/kuldeep/Desktop/Project/sgcsm/vendor/laravel/framework/src/Illuminate/Routing/Router.php(750): Illuminate/Routing/Router->runRoute()
#34 C:/Users/kuldeep/Desktop/Project/sgcsm/vendor/laravel/framework/src/Illuminate/Routing/Router.php(739): Illuminate/Routing/Router->dispatchToRoute()
#35 C:/Users/kuldeep/Desktop/Project/sgcsm/vendor/laravel/framework/src/Illuminate/Foundation/Http/Kernel.php(201): Illuminate/Routing/Router->dispatch()
#36 C:/Users/kuldeep/Desktop/Project/sgcsm/vendor/laravel/framework/src/Illuminate/Pipeline/Pipeline.php(170): Illuminate/Foundation/Http/Kernel->{closure:Illuminate/Foundation/Http/Kernel::dispatchToRouter():198}()
#37 C:/Users/kuldeep/Desktop/Project/sgcsm/vendor/laravel/framework/src/Illuminate/Foundation/Http/Middleware/TransformsRequest.php(21): Illuminate/Pipeline/Pipeline->{closure:Illuminate/Pipeline/Pipeline::prepareDestination():168}()
#38 C:/Users/kuldeep/Desktop/Project/sgcsm/vendor/laravel/framework/src/Illuminate/Foundation/Http/Middleware/ConvertEmptyStringsToNull.php(31): Illuminate/Foundation/Http/Middleware/TransformsRequest->handle()
#39 C:/Users/kuldeep/Desktop/Project/sgcsm/vendor/laravel/framework/src/Illuminate/Pipeline/Pipeline.php(209): Illuminate/Foundation/Http/Middleware/ConvertEmptyStringsToNull->handle()
#40 C:/Users/kuldeep/Desktop/Project/sgcsm/vendor/laravel/framework/src/Illuminate/Foundation/Http/Middleware/TransformsRequest.php(21): Illuminate/Pipeline/Pipeline->{closure:{closure:Illuminate/Pipeline/Pipeline::carry():184}:185}()
#41 C:/Users/kuldeep/Desktop/Project/sgcsm/vendor/laravel/framework/src/Illuminate/Foundation/Http/Middleware/TrimStrings.php(51): Illuminate/Foundation/Http/Middleware/TransformsRequest->handle()
#42 C:/Users/kuldeep/Desktop/Project/sgcsm/vendor/laravel/framework/src/Illuminate/Pipeline/Pipeline.php(209): Illuminate/Foundation/Http/Middleware/TrimStrings->handle()
#43 C:/Users/kuldeep/Desktop/Project/sgcsm/vendor/laravel/framework/src/Illuminate/Http/Middleware/ValidatePostSize.php(27): Illuminate/Pipeline/Pipeline->{closure:{closure:Illuminate/Pipeline/Pipeline::carry():184}:185}()
#44 C:/Users/kuldeep/Desktop/Project/sgcsm/vendor/laravel/framework/src/Illuminate/Pipeline/Pipeline.php(209): Illuminate/Http/Middleware/ValidatePostSize->handle()
#45 C:/Users/kuldeep/Desktop/Project/sgcsm/vendor/laravel/framework/src/Illuminate/Foundation/Http/Middleware/PreventRequestsDuringMaintenance.php(110): Illuminate/Pipeline/Pipeline->{closure:{closure:Illuminate/Pipeline/Pipeline::carry():184}:185}()
#46 C:/Users/kuldeep/Desktop/Project/sgcsm/vendor/laravel/framework/src/Illuminate/Pipeline/Pipeline.php(209): Illuminate/Foundation/Http/Middleware/PreventRequestsDuringMaintenance->handle()
#47 C:/Users/kuldeep/Desktop/Project/sgcsm/vendor/laravel/framework/src/Illuminate/Http/Middleware/HandleCors.php(49): Illuminate/Pipeline/Pipeline->{closure:{closure:Illuminate/Pipeline/Pipeline::carry():184}:185}()
#48 C:/Users/kuldeep/Desktop/Project/sgcsm/vendor/laravel/framework/src/Illuminate/Pipeline/Pipeline.php(209): Illuminate/Http/Middleware/HandleCors->handle()
#49 C:/Users/kuldeep/Desktop/Project/sgcsm/vendor/laravel/framework/src/Illuminate/Http/Middleware/TrustProxies.php(58): Illuminate/Pipeline/Pipeline->{closure:{closure:Illuminate/Pipeline/Pipeline::carry():184}:185}()
#50 C:/Users/kuldeep/Desktop/Project/sgcsm/vendor/laravel/framework/src/Illuminate/Pipeline/Pipeline.php(209): Illuminate/Http/Middleware/TrustProxies->handle()
#51 C:/Users/kuldeep/Desktop/Project/sgcsm/vendor/laravel/framework/src/Illuminate/Foundation/Http/Middleware/InvokeDeferredCallbacks.php(22): Illuminate/Pipeline/Pipeline->{closure:{closure:Illuminate/Pipeline/Pipeline::carry():184}:185}()
#52 C:/Users/kuldeep/Desktop/Project/sgcsm/vendor/laravel/framework/src/Illuminate/Pipeline/Pipeline.php(209): Illuminate/Foundation/Http/Middleware/InvokeDeferredCallbacks->handle()
#53 C:/Users/kuldeep/Desktop/Project/sgcsm/vendor/laravel/framework/src/Illuminate/Pipeline/Pipeline.php(127): Illuminate/Pipeline/Pipeline->{closure:{closure:Illuminate/Pipeline/Pipeline::carry():184}:185}()
#54 C:/Users/kuldeep/Desktop/Project/sgcsm/vendor/laravel/framework/src/Illuminate/Foundation/Http/Kernel.php(176): Illuminate/Pipeline/Pipeline->then()
#55 C:/Users/kuldeep/Desktop/Project/sgcsm/vendor/laravel/framework/src/Illuminate/Foundation/Http/Kernel.php(145): Illuminate/Foundation/Http/Kernel->sendRequestThroughRouter()
#56 C:/Users/kuldeep/Desktop/Project/sgcsm/vendor/laravel/framework/src/Illuminate/Foundation/Application.php(1220): Illuminate/Foundation/Http/Kernel->handle()
#57 C:/Users/kuldeep/Desktop/Project/sgcsm/public/index.php(17): Illuminate/Foundation/Application->handleRequest()
#58 C:/Users/kuldeep/Desktop/Project/sgcsm/vendor/laravel/framework/src/Illuminate/Foundation/resources/server.php(23): require_once('...')
#59 {main}
"} 
[2026-05-05 04:29:25] local.ERROR: compact(): Undefined variable $course {"userId":1,"exception":"[object] (ErrorException(code: 0): compact(): Undefined variable $course at C:/Users/kuldeep/Desktop/Project/sgcsm/app/Http/Controllers/Admin/CourseController.php:32)
[stacktrace]
#0 C:/Users/kuldeep/Desktop/Project/sgcsm/vendor/laravel/framework/src/Illuminate/Foundation/Bootstrap/HandleExceptions.php(258): Illuminate/Foundation/Bootstrap/HandleExceptions->handleError()
#1 [internal function]: Illuminate/Foundation/Bootstrap/HandleExceptions->{closure:Illuminate/Foundation/Bootstrap/HandleExceptions::forwardsTo():257}()
#2 C:/Users/kuldeep/Desktop/Project/sgcsm/app/Http/Controllers/Admin/CourseController.php(32): compact()
#3 C:/Users/kuldeep/Desktop/Project/sgcsm/vendor/laravel/framework/src/Illuminate/Routing/ControllerDispatcher.php(47): App/Http/Controllers/Admin/CourseController->index()
#4 C:/Users/kuldeep/Desktop/Project/sgcsm/vendor/laravel/framework/src/Illuminate/Routing/Route.php(266): Illuminate/Routing/ControllerDispatcher->dispatch()
#5 C:/Users/kuldeep/Desktop/Project/sgcsm/vendor/laravel/framework/src/Illuminate/Routing/Route.php(212): Illuminate/Routing/Route->runController()
#6 C:/Users/kuldeep/Desktop/Project/sgcsm/vendor/laravel/framework/src/Illuminate/Routing/Router.php(808): Illuminate/Routing/Route->run()
#7 C:/Users/kuldeep/Desktop/Project/sgcsm/vendor/laravel/framework/src/Illuminate/Pipeline/Pipeline.php(170): Illuminate/Routing/Router->{closure:Illuminate/Routing/Router::runRouteWithinStack():807}()
#8 C:/Users/kuldeep/Desktop/Project/sgcsm/app/Http/Middleware/RoleMiddleware.php(26): Illuminate/Pipeline/Pipeline->{closure:Illuminate/Pipeline/Pipeline::prepareDestination():168}()
#9 C:/Users/kuldeep/Desktop/Project/sgcsm/vendor/laravel/framework/src/Illuminate/Pipeline/Pipeline.php(209): App/Http/Middleware/RoleMiddleware->handle()
#10 C:/Users/kuldeep/Desktop/Project/sgcsm/vendor/laravel/framework/src/Illuminate/Auth/Middleware/EnsureEmailIsVerified.php(41): Illuminate/Pipeline/Pipeline->{closure:{closure:Illuminate/Pipeline/Pipeline::carry():184}:185}()
#11 C:/Users/kuldeep/Desktop/Project/sgcsm/vendor/laravel/framework/src/Illuminate/Pipeline/Pipeline.php(209): Illuminate/Auth/Middleware/EnsureEmailIsVerified->handle()
#12 C:/Users/kuldeep/Desktop/Project/sgcsm/vendor/laravel/framework/src/Illuminate/Http/Middleware/AddLinkHeadersForPreloadedAssets.php(20): Illuminate/Pipeline/Pipeline->{closure:{closure:Illuminate/Pipeline/Pipeline::carry():184}:185}()
#13 C:/Users/kuldeep/Desktop/Project/sgcsm/vendor/laravel/framework/src/Illuminate/Pipeline/Pipeline.php(209): Illuminate/Http/Middleware/AddLinkHeadersForPreloadedAssets->handle()
#14 C:/Users/kuldeep/Desktop/Project/sgcsm/vendor/inertiajs/inertia-laravel/src/Middleware.php(122): Illuminate/Pipeline/Pipeline->{closure:{closure:Illuminate/Pipeline/Pipeline::carry():184}:185}()
#15 C:/Users/kuldeep/Desktop/Project/sgcsm/vendor/laravel/framework/src/Illuminate/Pipeline/Pipeline.php(209): Inertia/Middleware->handle()
#16 C:/Users/kuldeep/Desktop/Project/sgcsm/vendor/laravel/framework/src/Illuminate/Routing/Middleware/SubstituteBindings.php(51): Illuminate/Pipeline/Pipeline->{closure:{closure:Illuminate/Pipeline/Pipeline::carry():184}:185}()
#17 C:/Users/kuldeep/Desktop/Project/sgcsm/vendor/laravel/framework/src/Illuminate/Pipeline/Pipeline.php(209): Illuminate/Routing/Middleware/SubstituteBindings->handle()
#18 C:/Users/kuldeep/Desktop/Project/sgcsm/vendor/laravel/framework/src/Illuminate/Auth/Middleware/Authenticate.php(64): Illuminate/Pipeline/Pipeline->{closure:{closure:Illuminate/Pipeline/Pipeline::carry():184}:185}()
#19 C:/Users/kuldeep/Desktop/Project/sgcsm/vendor/laravel/framework/src/Illuminate/Pipeline/Pipeline.php(209): Illuminate/Auth/Middleware/Authenticate->handle()
#20 C:/Users/kuldeep/Desktop/Project/sgcsm/vendor/laravel/framework/src/Illuminate/Foundation/Http/Middleware/VerifyCsrfToken.php(88): Illuminate/Pipeline/Pipeline->{closure:{closure:Illuminate/Pipeline/Pipeline::carry():184}:185}()
#21 C:/Users/kuldeep/Desktop/Project/sgcsm/vendor/laravel/framework/src/Illuminate/Pipeline/Pipeline.php(209): Illuminate/Foundation/Http/Middleware/VerifyCsrfToken->handle()
#22 C:/Users/kuldeep/Desktop/Project/sgcsm/vendor/laravel/framework/src/Illuminate/View/Middleware/ShareErrorsFromSession.php(49): Illuminate/Pipeline/Pipeline->{closure:{closure:Illuminate/Pipeline/Pipeline::carry():184}:185}()
#23 C:/Users/kuldeep/Desktop/Project/sgcsm/vendor/laravel/framework/src/Illuminate/Pipeline/Pipeline.php(209): Illuminate/View/Middleware/ShareErrorsFromSession->handle()
#24 C:/Users/kuldeep/Desktop/Project/sgcsm/vendor/laravel/framework/src/Illuminate/Session/Middleware/StartSession.php(121): Illuminate/Pipeline/Pipeline->{closure:{closure:Illuminate/Pipeline/Pipeline::carry():184}:185}()
#25 C:/Users/kuldeep/Desktop/Project/sgcsm/vendor/laravel/framework/src/Illuminate/Session/Middleware/StartSession.php(64): Illuminate/Session/Middleware/StartSession->handleStatefulRequest()
#26 C:/Users/kuldeep/Desktop/Project/sgcsm/vendor/laravel/framework/src/Illuminate/Pipeline/Pipeline.php(209): Illuminate/Session/Middleware/StartSession->handle()
#27 C:/Users/kuldeep/Desktop/Project/sgcsm/vendor/laravel/framework/src/Illuminate/Cookie/Middleware/AddQueuedCookiesToResponse.php(37): Illuminate/Pipeline/Pipeline->{closure:{closure:Illuminate/Pipeline/Pipeline::carry():184}:185}()
#28 C:/Users/kuldeep/Desktop/Project/sgcsm/vendor/laravel/framework/src/Illuminate/Pipeline/Pipeline.php(209): Illuminate/Cookie/Middleware/AddQueuedCookiesToResponse->handle()
#29 C:/Users/kuldeep/Desktop/Project/sgcsm/vendor/laravel/framework/src/Illuminate/Cookie/Middleware/EncryptCookies.php(75): Illuminate/Pipeline/Pipeline->{closure:{closure:Illuminate/Pipeline/Pipeline::carry():184}:185}()
#30 C:/Users/kuldeep/Desktop/Project/sgcsm/vendor/laravel/framework/src/Illuminate/Pipeline/Pipeline.php(209): Illuminate/Cookie/Middleware/EncryptCookies->handle()
#31 C:/Users/kuldeep/Desktop/Project/sgcsm/vendor/laravel/framework/src/Illuminate/Pipeline/Pipeline.php(127): Illuminate/Pipeline/Pipeline->{closure:{closure:Illuminate/Pipeline/Pipeline::carry():184}:185}()
#32 C:/Users/kuldeep/Desktop/Project/sgcsm/vendor/laravel/framework/src/Illuminate/Routing/Router.php(807): Illuminate/Pipeline/Pipeline->then()
#33 C:/Users/kuldeep/Desktop/Project/sgcsm/vendor/laravel/framework/src/Illuminate/Routing/Router.php(786): Illuminate/Routing/Router->runRouteWithinStack()
#34 C:/Users/kuldeep/Desktop/Project/sgcsm/vendor/laravel/framework/src/Illuminate/Routing/Router.php(750): Illuminate/Routing/Router->runRoute()
#35 C:/Users/kuldeep/Desktop/Project/sgcsm/vendor/laravel/framework/src/Illuminate/Routing/Router.php(739): Illuminate/Routing/Router->dispatchToRoute()
#36 C:/Users/kuldeep/Desktop/Project/sgcsm/vendor/laravel/framework/src/Illuminate/Foundation/Http/Kernel.php(201): Illuminate/Routing/Router->dispatch()
#37 C:/Users/kuldeep/Desktop/Project/sgcsm/vendor/laravel/framework/src/Illuminate/Pipeline/Pipeline.php(170): Illuminate/Foundation/Http/Kernel->{closure:Illuminate/Foundation/Http/Kernel::dispatchToRouter():198}()
#38 C:/Users/kuldeep/Desktop/Project/sgcsm/vendor/laravel/framework/src/Illuminate/Foundation/Http/Middleware/TransformsRequest.php(21): Illuminate/Pipeline/Pipeline->{closure:Illuminate/Pipeline/Pipeline::prepareDestination():168}()
#39 C:/Users/kuldeep/Desktop/Project/sgcsm/vendor/laravel/framework/src/Illuminate/Foundation/Http/Middleware/ConvertEmptyStringsToNull.php(31): Illuminate/Foundation/Http/Middleware/TransformsRequest->handle()
#40 C:/Users/kuldeep/Desktop/Project/sgcsm/vendor/laravel/framework/src/Illuminate/Pipeline/Pipeline.php(209): Illuminate/Foundation/Http/Middleware/ConvertEmptyStringsToNull->handle()
#41 C:/Users/kuldeep/Desktop/Project/sgcsm/vendor/laravel/framework/src/Illuminate/Foundation/Http/Middleware/TransformsRequest.php(21): Illuminate/Pipeline/Pipeline->{closure:{closure:Illuminate/Pipeline/Pipeline::carry():184}:185}()
#42 C:/Users/kuldeep/Desktop/Project/sgcsm/vendor/laravel/framework/src/Illuminate/Foundation/Http/Middleware/TrimStrings.php(51): Illuminate/Foundation/Http/Middleware/TransformsRequest->handle()
#43 C:/Users/kuldeep/Desktop/Project/sgcsm/vendor/laravel/framework/src/Illuminate/Pipeline/Pipeline.php(209): Illuminate/Foundation/Http/Middleware/TrimStrings->handle()
#44 C:/Users/kuldeep/Desktop/Project/sgcsm/vendor/laravel/framework/src/Illuminate/Http/Middleware/ValidatePostSize.php(27): Illuminate/Pipeline/Pipeline->{closure:{closure:Illuminate/Pipeline/Pipeline::carry():184}:185}()
#45 C:/Users/kuldeep/Desktop/Project/sgcsm/vendor/laravel/framework/src/Illuminate/Pipeline/Pipeline.php(209): Illuminate/Http/Middleware/ValidatePostSize->handle()
#46 C:/Users/kuldeep/Desktop/Project/sgcsm/vendor/laravel/framework/src/Illuminate/Foundation/Http/Middleware/PreventRequestsDuringMaintenance.php(110): Illuminate/Pipeline/Pipeline->{closure:{closure:Illuminate/Pipeline/Pipeline::carry():184}:185}()
#47 C:/Users/kuldeep/Desktop/Project/sgcsm/vendor/laravel/framework/src/Illuminate/Pipeline/Pipeline.php(209): Illuminate/Foundation/Http/Middleware/PreventRequestsDuringMaintenance->handle()
#48 C:/Users/kuldeep/Desktop/Project/sgcsm/vendor/laravel/framework/src/Illuminate/Http/Middleware/HandleCors.php(49): Illuminate/Pipeline/Pipeline->{closure:{closure:Illuminate/Pipeline/Pipeline::carry():184}:185}()
#49 C:/Users/kuldeep/Desktop/Project/sgcsm/vendor/laravel/framework/src/Illuminate/Pipeline/Pipeline.php(209): Illuminate/Http/Middleware/HandleCors->handle()
#50 C:/Users/kuldeep/Desktop/Project/sgcsm/vendor/laravel/framework/src/Illuminate/Http/Middleware/TrustProxies.php(58): Illuminate/Pipeline/Pipeline->{closure:{closure:Illuminate/Pipeline/Pipeline::carry():184}:185}()
#51 C:/Users/kuldeep/Desktop/Project/sgcsm/vendor/laravel/framework/src/Illuminate/Pipeline/Pipeline.php(209): Illuminate/Http/Middleware/TrustProxies->handle()
#52 C:/Users/kuldeep/Desktop/Project/sgcsm/vendor/laravel/framework/src/Illuminate/Foundation/Http/Middleware/InvokeDeferredCallbacks.php(22): Illuminate/Pipeline/Pipeline->{closure:{closure:Illuminate/Pipeline/Pipeline::carry():184}:185}()
#53 C:/Users/kuldeep/Desktop/Project/sgcsm/vendor/laravel/framework/src/Illuminate/Pipeline/Pipeline.php(209): Illuminate/Foundation/Http/Middleware/InvokeDeferredCallbacks->handle()
#54 C:/Users/kuldeep/Desktop/Project/sgcsm/vendor/laravel/framework/src/Illuminate/Pipeline/Pipeline.php(127): Illuminate/Pipeline/Pipeline->{closure:{closure:Illuminate/Pipeline/Pipeline::carry():184}:185}()
#55 C:/Users/kuldeep/Desktop/Project/sgcsm/vendor/laravel/framework/src/Illuminate/Foundation/Http/Kernel.php(176): Illuminate/Pipeline/Pipeline->then()
#56 C:/Users/kuldeep/Desktop/Project/sgcsm/vendor/laravel/framework/src/Illuminate/Foundation/Http/Kernel.php(145): Illuminate/Foundation/Http/Kernel->sendRequestThroughRouter()
#57 C:/Users/kuldeep/Desktop/Project/sgcsm/vendor/laravel/framework/src/Illuminate/Foundation/Application.php(1220): Illuminate/Foundation/Http/Kernel->handle()
#58 C:/Users/kuldeep/Desktop/Project/sgcsm/public/index.php(17): Illuminate/Foundation/Application->handleRequest()
#59 C:/Users/kuldeep/Desktop/Project/sgcsm/vendor/laravel/framework/src/Illuminate/Foundation/resources/server.php(23): require_once('...')
#60 {main}
"} 
[2026-05-05 05:12:39] local.ERROR: Route [center_affiliation.index] not defined. {"userId":1,"exception":"[object] (Symfony\\Component\\Routing\\Exception\\RouteNotFoundException(code: 0): Route [center_affiliation.index] not defined. at C:/Users/kuldeep/Desktop/Project/sgcsm/vendor/laravel/framework/src/Illuminate/Routing/UrlGenerator.php:517)
[stacktrace]
#0 C:/Users/kuldeep/Desktop/Project/sgcsm/vendor/laravel/framework/src/Illuminate/Routing/Redirector.php(154): Illuminate/Routing/UrlGenerator->route()
#1 C:/Users/kuldeep/Desktop/Project/sgcsm/app/Http/Controllers/Admin/CenterAffiliactionController.php(41): Illuminate/Routing/Redirector->route()
#2 C:/Users/kuldeep/Desktop/Project/sgcsm/vendor/laravel/framework/src/Illuminate/Routing/ControllerDispatcher.php(47): App/Http/Controllers/Admin/CenterAffiliactionController->store()
#3 C:/Users/kuldeep/Desktop/Project/sgcsm/vendor/laravel/framework/src/Illuminate/Routing/Route.php(266): Illuminate/Routing/ControllerDispatcher->dispatch()
#4 C:/Users/kuldeep/Desktop/Project/sgcsm/vendor/laravel/framework/src/Illuminate/Routing/Route.php(212): Illuminate/Routing/Route->runController()
#5 C:/Users/kuldeep/Desktop/Project/sgcsm/vendor/laravel/framework/src/Illuminate/Routing/Router.php(808): Illuminate/Routing/Route->run()
#6 C:/Users/kuldeep/Desktop/Project/sgcsm/vendor/laravel/framework/src/Illuminate/Pipeline/Pipeline.php(170): Illuminate/Routing/Router->{closure:Illuminate/Routing/Router::runRouteWithinStack():807}()
#7 C:/Users/kuldeep/Desktop/Project/sgcsm/app/Http/Middleware/RoleMiddleware.php(26): Illuminate/Pipeline/Pipeline->{closure:Illuminate/Pipeline/Pipeline::prepareDestination():168}()
#8 C:/Users/kuldeep/Desktop/Project/sgcsm/vendor/laravel/framework/src/Illuminate/Pipeline/Pipeline.php(209): App/Http/Middleware/RoleMiddleware->handle()
#9 C:/Users/kuldeep/Desktop/Project/sgcsm/vendor/laravel/framework/src/Illuminate/Auth/Middleware/EnsureEmailIsVerified.php(41): Illuminate/Pipeline/Pipeline->{closure:{closure:Illuminate/Pipeline/Pipeline::carry():184}:185}()
#10 C:/Users/kuldeep/Desktop/Project/sgcsm/vendor/laravel/framework/src/Illuminate/Pipeline/Pipeline.php(209): Illuminate/Auth/Middleware/EnsureEmailIsVerified->handle()
#11 C:/Users/kuldeep/Desktop/Project/sgcsm/vendor/laravel/framework/src/Illuminate/Http/Middleware/AddLinkHeadersForPreloadedAssets.php(20): Illuminate/Pipeline/Pipeline->{closure:{closure:Illuminate/Pipeline/Pipeline::carry():184}:185}()
#12 C:/Users/kuldeep/Desktop/Project/sgcsm/vendor/laravel/framework/src/Illuminate/Pipeline/Pipeline.php(209): Illuminate/Http/Middleware/AddLinkHeadersForPreloadedAssets->handle()
#13 C:/Users/kuldeep/Desktop/Project/sgcsm/vendor/inertiajs/inertia-laravel/src/Middleware.php(122): Illuminate/Pipeline/Pipeline->{closure:{closure:Illuminate/Pipeline/Pipeline::carry():184}:185}()
#14 C:/Users/kuldeep/Desktop/Project/sgcsm/vendor/laravel/framework/src/Illuminate/Pipeline/Pipeline.php(209): Inertia/Middleware->handle()
#15 C:/Users/kuldeep/Desktop/Project/sgcsm/vendor/laravel/framework/src/Illuminate/Routing/Middleware/SubstituteBindings.php(51): Illuminate/Pipeline/Pipeline->{closure:{closure:Illuminate/Pipeline/Pipeline::carry():184}:185}()
#16 C:/Users/kuldeep/Desktop/Project/sgcsm/vendor/laravel/framework/src/Illuminate/Pipeline/Pipeline.php(209): Illuminate/Routing/Middleware/SubstituteBindings->handle()
#17 C:/Users/kuldeep/Desktop/Project/sgcsm/vendor/laravel/framework/src/Illuminate/Auth/Middleware/Authenticate.php(64): Illuminate/Pipeline/Pipeline->{closure:{closure:Illuminate/Pipeline/Pipeline::carry():184}:185}()
#18 C:/Users/kuldeep/Desktop/Project/sgcsm/vendor/laravel/framework/src/Illuminate/Pipeline/Pipeline.php(209): Illuminate/Auth/Middleware/Authenticate->handle()
#19 C:/Users/kuldeep/Desktop/Project/sgcsm/vendor/laravel/framework/src/Illuminate/Foundation/Http/Middleware/VerifyCsrfToken.php(88): Illuminate/Pipeline/Pipeline->{closure:{closure:Illuminate/Pipeline/Pipeline::carry():184}:185}()
#20 C:/Users/kuldeep/Desktop/Project/sgcsm/vendor/laravel/framework/src/Illuminate/Pipeline/Pipeline.php(209): Illuminate/Foundation/Http/Middleware/VerifyCsrfToken->handle()
#21 C:/Users/kuldeep/Desktop/Project/sgcsm/vendor/laravel/framework/src/Illuminate/View/Middleware/ShareErrorsFromSession.php(49): Illuminate/Pipeline/Pipeline->{closure:{closure:Illuminate/Pipeline/Pipeline::carry():184}:185}()
#22 C:/Users/kuldeep/Desktop/Project/sgcsm/vendor/laravel/framework/src/Illuminate/Pipeline/Pipeline.php(209): Illuminate/View/Middleware/ShareErrorsFromSession->handle()
#23 C:/Users/kuldeep/Desktop/Project/sgcsm/vendor/laravel/framework/src/Illuminate/Session/Middleware/StartSession.php(121): Illuminate/Pipeline/Pipeline->{closure:{closure:Illuminate/Pipeline/Pipeline::carry():184}:185}()
#24 C:/Users/kuldeep/Desktop/Project/sgcsm/vendor/laravel/framework/src/Illuminate/Session/Middleware/StartSession.php(64): Illuminate/Session/Middleware/StartSession->handleStatefulRequest()
#25 C:/Users/kuldeep/Desktop/Project/sgcsm/vendor/laravel/framework/src/Illuminate/Pipeline/Pipeline.php(209): Illuminate/Session/Middleware/StartSession->handle()
#26 C:/Users/kuldeep/Desktop/Project/sgcsm/vendor/laravel/framework/src/Illuminate/Cookie/Middleware/AddQueuedCookiesToResponse.php(37): Illuminate/Pipeline/Pipeline->{closure:{closure:Illuminate/Pipeline/Pipeline::carry():184}:185}()
#27 C:/Users/kuldeep/Desktop/Project/sgcsm/vendor/laravel/framework/src/Illuminate/Pipeline/Pipeline.php(209): Illuminate/Cookie/Middleware/AddQueuedCookiesToResponse->handle()
#28 C:/Users/kuldeep/Desktop/Project/sgcsm/vendor/laravel/framework/src/Illuminate/Cookie/Middleware/EncryptCookies.php(75): Illuminate/Pipeline/Pipeline->{closure:{closure:Illuminate/Pipeline/Pipeline::carry():184}:185}()
#29 C:/Users/kuldeep/Desktop/Project/sgcsm/vendor/laravel/framework/src/Illuminate/Pipeline/Pipeline.php(209): Illuminate/Cookie/Middleware/EncryptCookies->handle()
#30 C:/Users/kuldeep/Desktop/Project/sgcsm/vendor/laravel/framework/src/Illuminate/Pipeline/Pipeline.php(127): Illuminate/Pipeline/Pipeline->{closure:{closure:Illuminate/Pipeline/Pipeline::carry():184}:185}()
#31 C:/Users/kuldeep/Desktop/Project/sgcsm/vendor/laravel/framework/src/Illuminate/Routing/Router.php(807): Illuminate/Pipeline/Pipeline->then()
#32 C:/Users/kuldeep/Desktop/Project/sgcsm/vendor/laravel/framework/src/Illuminate/Routing/Router.php(786): Illuminate/Routing/Router->runRouteWithinStack()
#33 C:/Users/kuldeep/Desktop/Project/sgcsm/vendor/laravel/framework/src/Illuminate/Routing/Router.php(750): Illuminate/Routing/Router->runRoute()
#34 C:/Users/kuldeep/Desktop/Project/sgcsm/vendor/laravel/framework/src/Illuminate/Routing/Router.php(739): Illuminate/Routing/Router->dispatchToRoute()
#35 C:/Users/kuldeep/Desktop/Project/sgcsm/vendor/laravel/framework/src/Illuminate/Foundation/Http/Kernel.php(201): Illuminate/Routing/Router->dispatch()
#36 C:/Users/kuldeep/Desktop/Project/sgcsm/vendor/laravel/framework/src/Illuminate/Pipeline/Pipeline.php(170): Illuminate/Foundation/Http/Kernel->{closure:Illuminate/Foundation/Http/Kernel::dispatchToRouter():198}()
#37 C:/Users/kuldeep/Desktop/Project/sgcsm/vendor/laravel/framework/src/Illuminate/Foundation/Http/Middleware/TransformsRequest.php(21): Illuminate/Pipeline/Pipeline->{closure:Illuminate/Pipeline/Pipeline::prepareDestination():168}()
#38 C:/Users/kuldeep/Desktop/Project/sgcsm/vendor/laravel/framework/src/Illuminate/Foundation/Http/Middleware/ConvertEmptyStringsToNull.php(31): Illuminate/Foundation/Http/Middleware/TransformsRequest->handle()
#39 C:/Users/kuldeep/Desktop/Project/sgcsm/vendor/laravel/framework/src/Illuminate/Pipeline/Pipeline.php(209): Illuminate/Foundation/Http/Middleware/ConvertEmptyStringsToNull->handle()
#40 C:/Users/kuldeep/Desktop/Project/sgcsm/vendor/laravel/framework/src/Illuminate/Foundation/Http/Middleware/TransformsRequest.php(21): Illuminate/Pipeline/Pipeline->{closure:{closure:Illuminate/Pipeline/Pipeline::carry():184}:185}()
#41 C:/Users/kuldeep/Desktop/Project/sgcsm/vendor/laravel/framework/src/Illuminate/Foundation/Http/Middleware/TrimStrings.php(51): Illuminate/Foundation/Http/Middleware/TransformsRequest->handle()
#42 C:/Users/kuldeep/Desktop/Project/sgcsm/vendor/laravel/framework/src/Illuminate/Pipeline/Pipeline.php(209): Illuminate/Foundation/Http/Middleware/TrimStrings->handle()
#43 C:/Users/kuldeep/Desktop/Project/sgcsm/vendor/laravel/framework/src/Illuminate/Http/Middleware/ValidatePostSize.php(27): Illuminate/Pipeline/Pipeline->{closure:{closure:Illuminate/Pipeline/Pipeline::carry():184}:185}()
#44 C:/Users/kuldeep/Desktop/Project/sgcsm/vendor/laravel/framework/src/Illuminate/Pipeline/Pipeline.php(209): Illuminate/Http/Middleware/ValidatePostSize->handle()
#45 C:/Users/kuldeep/Desktop/Project/sgcsm/vendor/laravel/framework/src/Illuminate/Foundation/Http/Middleware/PreventRequestsDuringMaintenance.php(110): Illuminate/Pipeline/Pipeline->{closure:{closure:Illuminate/Pipeline/Pipeline::carry():184}:185}()
#46 C:/Users/kuldeep/Desktop/Project/sgcsm/vendor/laravel/framework/src/Illuminate/Pipeline/Pipeline.php(209): Illuminate/Foundation/Http/Middleware/PreventRequestsDuringMaintenance->handle()
#47 C:/Users/kuldeep/Desktop/Project/sgcsm/vendor/laravel/framework/src/Illuminate/Http/Middleware/HandleCors.php(49): Illuminate/Pipeline/Pipeline->{closure:{closure:Illuminate/Pipeline/Pipeline::carry():184}:185}()
#48 C:/Users/kuldeep/Desktop/Project/sgcsm/vendor/laravel/framework/src/Illuminate/Pipeline/Pipeline.php(209): Illuminate/Http/Middleware/HandleCors->handle()
#49 C:/Users/kuldeep/Desktop/Project/sgcsm/vendor/laravel/framework/src/Illuminate/Http/Middleware/TrustProxies.php(58): Illuminate/Pipeline/Pipeline->{closure:{closure:Illuminate/Pipeline/Pipeline::carry():184}:185}()
#50 C:/Users/kuldeep/Desktop/Project/sgcsm/vendor/laravel/framework/src/Illuminate/Pipeline/Pipeline.php(209): Illuminate/Http/Middleware/TrustProxies->handle()
#51 C:/Users/kuldeep/Desktop/Project/sgcsm/vendor/laravel/framework/src/Illuminate/Foundation/Http/Middleware/InvokeDeferredCallbacks.php(22): Illuminate/Pipeline/Pipeline->{closure:{closure:Illuminate/Pipeline/Pipeline::carry():184}:185}()
#52 C:/Users/kuldeep/Desktop/Project/sgcsm/vendor/laravel/framework/src/Illuminate/Pipeline/Pipeline.php(209): Illuminate/Foundation/Http/Middleware/InvokeDeferredCallbacks->handle()
#53 C:/Users/kuldeep/Desktop/Project/sgcsm/vendor/laravel/framework/src/Illuminate/Pipeline/Pipeline.php(127): Illuminate/Pipeline/Pipeline->{closure:{closure:Illuminate/Pipeline/Pipeline::carry():184}:185}()
#54 C:/Users/kuldeep/Desktop/Project/sgcsm/vendor/laravel/framework/src/Illuminate/Foundation/Http/Kernel.php(176): Illuminate/Pipeline/Pipeline->then()
#55 C:/Users/kuldeep/Desktop/Project/sgcsm/vendor/laravel/framework/src/Illuminate/Foundation/Http/Kernel.php(145): Illuminate/Foundation/Http/Kernel->sendRequestThroughRouter()
#56 C:/Users/kuldeep/Desktop/Project/sgcsm/vendor/laravel/framework/src/Illuminate/Foundation/Application.php(1220): Illuminate/Foundation/Http/Kernel->handle()
#57 C:/Users/kuldeep/Desktop/Project/sgcsm/public/index.php(17): Illuminate/Foundation/Application->handleRequest()
#58 C:/Users/kuldeep/Desktop/Project/sgcsm/vendor/laravel/framework/src/Illuminate/Foundation/resources/server.php(23): require_once('...')
#59 {main}
"} 
[2026-05-05 05:15:24] local.ERROR: Route [course.index] not defined. {"userId":1,"exception":"[object] (Symfony\\Component\\Routing\\Exception\\RouteNotFoundException(code: 0): Route [course.index] not defined. at C:/Users/kuldeep/Desktop/Project/sgcsm/vendor/laravel/framework/src/Illuminate/Routing/UrlGenerator.php:517)
[stacktrace]
#0 C:/Users/kuldeep/Desktop/Project/sgcsm/vendor/laravel/framework/src/Illuminate/Foundation/helpers.php(853): Illuminate/Routing/UrlGenerator->route()
#1 C:/Users/kuldeep/Desktop/Project/sgcsm/app/Http/Controllers/Admin/CourseController.php(82): route()
#2 C:/Users/kuldeep/Desktop/Project/sgcsm/vendor/laravel/framework/src/Illuminate/Routing/ControllerDispatcher.php(47): App/Http/Controllers/Admin/CourseController->update()
#3 C:/Users/kuldeep/Desktop/Project/sgcsm/vendor/laravel/framework/src/Illuminate/Routing/Route.php(266): Illuminate/Routing/ControllerDispatcher->dispatch()
#4 C:/Users/kuldeep/Desktop/Project/sgcsm/vendor/laravel/framework/src/Illuminate/Routing/Route.php(212): Illuminate/Routing/Route->runController()
#5 C:/Users/kuldeep/Desktop/Project/sgcsm/vendor/laravel/framework/src/Illuminate/Routing/Router.php(808): Illuminate/Routing/Route->run()
#6 C:/Users/kuldeep/Desktop/Project/sgcsm/vendor/laravel/framework/src/Illuminate/Pipeline/Pipeline.php(170): Illuminate/Routing/Router->{closure:Illuminate/Routing/Router::runRouteWithinStack():807}()
#7 C:/Users/kuldeep/Desktop/Project/sgcsm/app/Http/Middleware/RoleMiddleware.php(26): Illuminate/Pipeline/Pipeline->{closure:Illuminate/Pipeline/Pipeline::prepareDestination():168}()
#8 C:/Users/kuldeep/Desktop/Project/sgcsm/vendor/laravel/framework/src/Illuminate/Pipeline/Pipeline.php(209): App/Http/Middleware/RoleMiddleware->handle()
#9 C:/Users/kuldeep/Desktop/Project/sgcsm/vendor/laravel/framework/src/Illuminate/Auth/Middleware/EnsureEmailIsVerified.php(41): Illuminate/Pipeline/Pipeline->{closure:{closure:Illuminate/Pipeline/Pipeline::carry():184}:185}()
#10 C:/Users/kuldeep/Desktop/Project/sgcsm/vendor/laravel/framework/src/Illuminate/Pipeline/Pipeline.php(209): Illuminate/Auth/Middleware/EnsureEmailIsVerified->handle()
#11 C:/Users/kuldeep/Desktop/Project/sgcsm/vendor/laravel/framework/src/Illuminate/Http/Middleware/AddLinkHeadersForPreloadedAssets.php(20): Illuminate/Pipeline/Pipeline->{closure:{closure:Illuminate/Pipeline/Pipeline::carry():184}:185}()
#12 C:/Users/kuldeep/Desktop/Project/sgcsm/vendor/laravel/framework/src/Illuminate/Pipeline/Pipeline.php(209): Illuminate/Http/Middleware/AddLinkHeadersForPreloadedAssets->handle()
#13 C:/Users/kuldeep/Desktop/Project/sgcsm/vendor/inertiajs/inertia-laravel/src/Middleware.php(122): Illuminate/Pipeline/Pipeline->{closure:{closure:Illuminate/Pipeline/Pipeline::carry():184}:185}()
#14 C:/Users/kuldeep/Desktop/Project/sgcsm/vendor/laravel/framework/src/Illuminate/Pipeline/Pipeline.php(209): Inertia/Middleware->handle()
#15 C:/Users/kuldeep/Desktop/Project/sgcsm/vendor/laravel/framework/src/Illuminate/Routing/Middleware/SubstituteBindings.php(51): Illuminate/Pipeline/Pipeline->{closure:{closure:Illuminate/Pipeline/Pipeline::carry():184}:185}()
#16 C:/Users/kuldeep/Desktop/Project/sgcsm/vendor/laravel/framework/src/Illuminate/Pipeline/Pipeline.php(209): Illuminate/Routing/Middleware/SubstituteBindings->handle()
#17 C:/Users/kuldeep/Desktop/Project/sgcsm/vendor/laravel/framework/src/Illuminate/Auth/Middleware/Authenticate.php(64): Illuminate/Pipeline/Pipeline->{closure:{closure:Illuminate/Pipeline/Pipeline::carry():184}:185}()
#18 C:/Users/kuldeep/Desktop/Project/sgcsm/vendor/laravel/framework/src/Illuminate/Pipeline/Pipeline.php(209): Illuminate/Auth/Middleware/Authenticate->handle()
#19 C:/Users/kuldeep/Desktop/Project/sgcsm/vendor/laravel/framework/src/Illuminate/Foundation/Http/Middleware/VerifyCsrfToken.php(88): Illuminate/Pipeline/Pipeline->{closure:{closure:Illuminate/Pipeline/Pipeline::carry():184}:185}()
#20 C:/Users/kuldeep/Desktop/Project/sgcsm/vendor/laravel/framework/src/Illuminate/Pipeline/Pipeline.php(209): Illuminate/Foundation/Http/Middleware/VerifyCsrfToken->handle()
#21 C:/Users/kuldeep/Desktop/Project/sgcsm/vendor/laravel/framework/src/Illuminate/View/Middleware/ShareErrorsFromSession.php(49): Illuminate/Pipeline/Pipeline->{closure:{closure:Illuminate/Pipeline/Pipeline::carry():184}:185}()
#22 C:/Users/kuldeep/Desktop/Project/sgcsm/vendor/laravel/framework/src/Illuminate/Pipeline/Pipeline.php(209): Illuminate/View/Middleware/ShareErrorsFromSession->handle()
#23 C:/Users/kuldeep/Desktop/Project/sgcsm/vendor/laravel/framework/src/Illuminate/Session/Middleware/StartSession.php(121): Illuminate/Pipeline/Pipeline->{closure:{closure:Illuminate/Pipeline/Pipeline::carry():184}:185}()
#24 C:/Users/kuldeep/Desktop/Project/sgcsm/vendor/laravel/framework/src/Illuminate/Session/Middleware/StartSession.php(64): Illuminate/Session/Middleware/StartSession->handleStatefulRequest()
#25 C:/Users/kuldeep/Desktop/Project/sgcsm/vendor/laravel/framework/src/Illuminate/Pipeline/Pipeline.php(209): Illuminate/Session/Middleware/StartSession->handle()
#26 C:/Users/kuldeep/Desktop/Project/sgcsm/vendor/laravel/framework/src/Illuminate/Cookie/Middleware/AddQueuedCookiesToResponse.php(37): Illuminate/Pipeline/Pipeline->{closure:{closure:Illuminate/Pipeline/Pipeline::carry():184}:185}()
#27 C:/Users/kuldeep/Desktop/Project/sgcsm/vendor/laravel/framework/src/Illuminate/Pipeline/Pipeline.php(209): Illuminate/Cookie/Middleware/AddQueuedCookiesToResponse->handle()
#28 C:/Users/kuldeep/Desktop/Project/sgcsm/vendor/laravel/framework/src/Illuminate/Cookie/Middleware/EncryptCookies.php(75): Illuminate/Pipeline/Pipeline->{closure:{closure:Illuminate/Pipeline/Pipeline::carry():184}:185}()
#29 C:/Users/kuldeep/Desktop/Project/sgcsm/vendor/laravel/framework/src/Illuminate/Pipeline/Pipeline.php(209): Illuminate/Cookie/Middleware/EncryptCookies->handle()
#30 C:/Users/kuldeep/Desktop/Project/sgcsm/vendor/laravel/framework/src/Illuminate/Pipeline/Pipeline.php(127): Illuminate/Pipeline/Pipeline->{closure:{closure:Illuminate/Pipeline/Pipeline::carry():184}:185}()
#31 C:/Users/kuldeep/Desktop/Project/sgcsm/vendor/laravel/framework/src/Illuminate/Routing/Router.php(807): Illuminate/Pipeline/Pipeline->then()
#32 C:/Users/kuldeep/Desktop/Project/sgcsm/vendor/laravel/framework/src/Illuminate/Routing/Router.php(786): Illuminate/Routing/Router->runRouteWithinStack()
#33 C:/Users/kuldeep/Desktop/Project/sgcsm/vendor/laravel/framework/src/Illuminate/Routing/Router.php(750): Illuminate/Routing/Router->runRoute()
#34 C:/Users/kuldeep/Desktop/Project/sgcsm/vendor/laravel/framework/src/Illuminate/Routing/Router.php(739): Illuminate/Routing/Router->dispatchToRoute()
#35 C:/Users/kuldeep/Desktop/Project/sgcsm/vendor/laravel/framework/src/Illuminate/Foundation/Http/Kernel.php(201): Illuminate/Routing/Router->dispatch()
#36 C:/Users/kuldeep/Desktop/Project/sgcsm/vendor/laravel/framework/src/Illuminate/Pipeline/Pipeline.php(170): Illuminate/Foundation/Http/Kernel->{closure:Illuminate/Foundation/Http/Kernel::dispatchToRouter():198}()
#37 C:/Users/kuldeep/Desktop/Project/sgcsm/vendor/laravel/framework/src/Illuminate/Foundation/Http/Middleware/TransformsRequest.php(21): Illuminate/Pipeline/Pipeline->{closure:Illuminate/Pipeline/Pipeline::prepareDestination():168}()
#38 C:/Users/kuldeep/Desktop/Project/sgcsm/vendor/laravel/framework/src/Illuminate/Foundation/Http/Middleware/ConvertEmptyStringsToNull.php(31): Illuminate/Foundation/Http/Middleware/TransformsRequest->handle()
#39 C:/Users/kuldeep/Desktop/Project/sgcsm/vendor/laravel/framework/src/Illuminate/Pipeline/Pipeline.php(209): Illuminate/Foundation/Http/Middleware/ConvertEmptyStringsToNull->handle()
#40 C:/Users/kuldeep/Desktop/Project/sgcsm/vendor/laravel/framework/src/Illuminate/Foundation/Http/Middleware/TransformsRequest.php(21): Illuminate/Pipeline/Pipeline->{closure:{closure:Illuminate/Pipeline/Pipeline::carry():184}:185}()
#41 C:/Users/kuldeep/Desktop/Project/sgcsm/vendor/laravel/framework/src/Illuminate/Foundation/Http/Middleware/TrimStrings.php(51): Illuminate/Foundation/Http/Middleware/TransformsRequest->handle()
#42 C:/Users/kuldeep/Desktop/Project/sgcsm/vendor/laravel/framework/src/Illuminate/Pipeline/Pipeline.php(209): Illuminate/Foundation/Http/Middleware/TrimStrings->handle()
#43 C:/Users/kuldeep/Desktop/Project/sgcsm/vendor/laravel/framework/src/Illuminate/Http/Middleware/ValidatePostSize.php(27): Illuminate/Pipeline/Pipeline->{closure:{closure:Illuminate/Pipeline/Pipeline::carry():184}:185}()
#44 C:/Users/kuldeep/Desktop/Project/sgcsm/vendor/laravel/framework/src/Illuminate/Pipeline/Pipeline.php(209): Illuminate/Http/Middleware/ValidatePostSize->handle()
#45 C:/Users/kuldeep/Desktop/Project/sgcsm/vendor/laravel/framework/src/Illuminate/Foundation/Http/Middleware/PreventRequestsDuringMaintenance.php(110): Illuminate/Pipeline/Pipeline->{closure:{closure:Illuminate/Pipeline/Pipeline::carry():184}:185}()
#46 C:/Users/kuldeep/Desktop/Project/sgcsm/vendor/laravel/framework/src/Illuminate/Pipeline/Pipeline.php(209): Illuminate/Foundation/Http/Middleware/PreventRequestsDuringMaintenance->handle()
#47 C:/Users/kuldeep/Desktop/Project/sgcsm/vendor/laravel/framework/src/Illuminate/Http/Middleware/HandleCors.php(49): Illuminate/Pipeline/Pipeline->{closure:{closure:Illuminate/Pipeline/Pipeline::carry():184}:185}()
#48 C:/Users/kuldeep/Desktop/Project/sgcsm/vendor/laravel/framework/src/Illuminate/Pipeline/Pipeline.php(209): Illuminate/Http/Middleware/HandleCors->handle()
#49 C:/Users/kuldeep/Desktop/Project/sgcsm/vendor/laravel/framework/src/Illuminate/Http/Middleware/TrustProxies.php(58): Illuminate/Pipeline/Pipeline->{closure:{closure:Illuminate/Pipeline/Pipeline::carry():184}:185}()
#50 C:/Users/kuldeep/Desktop/Project/sgcsm/vendor/laravel/framework/src/Illuminate/Pipeline/Pipeline.php(209): Illuminate/Http/Middleware/TrustProxies->handle()
#51 C:/Users/kuldeep/Desktop/Project/sgcsm/vendor/laravel/framework/src/Illuminate/Foundation/Http/Middleware/InvokeDeferredCallbacks.php(22): Illuminate/Pipeline/Pipeline->{closure:{closure:Illuminate/Pipeline/Pipeline::carry():184}:185}()
#52 C:/Users/kuldeep/Desktop/Project/sgcsm/vendor/laravel/framework/src/Illuminate/Pipeline/Pipeline.php(209): Illuminate/Foundation/Http/Middleware/InvokeDeferredCallbacks->handle()
#53 C:/Users/kuldeep/Desktop/Project/sgcsm/vendor/laravel/framework/src/Illuminate/Pipeline/Pipeline.php(127): Illuminate/Pipeline/Pipeline->{closure:{closure:Illuminate/Pipeline/Pipeline::carry():184}:185}()
#54 C:/Users/kuldeep/Desktop/Project/sgcsm/vendor/laravel/framework/src/Illuminate/Foundation/Http/Kernel.php(176): Illuminate/Pipeline/Pipeline->then()
#55 C:/Users/kuldeep/Desktop/Project/sgcsm/vendor/laravel/framework/src/Illuminate/Foundation/Http/Kernel.php(145): Illuminate/Foundation/Http/Kernel->sendRequestThroughRouter()
#56 C:/Users/kuldeep/Desktop/Project/sgcsm/vendor/laravel/framework/src/Illuminate/Foundation/Application.php(1220): Illuminate/Foundation/Http/Kernel->handle()
#57 C:/Users/kuldeep/Desktop/Project/sgcsm/public/index.php(17): Illuminate/Foundation/Application->handleRequest()
#58 C:/Users/kuldeep/Desktop/Project/sgcsm/vendor/laravel/framework/src/Illuminate/Foundation/resources/server.php(23): require_once('...')
#59 {main}
"} 
[2026-05-05 05:16:21] local.ERROR: syntax error, unexpected token "->", expecting identifier or variable or "{" or "$" {"exception":"[object] (ParseError(code: 0): syntax error, unexpected token \"->\", expecting identifier or variable or \"{\" or \"$\" at C:/Users/kuldeep/Desktop/Project/sgcsm/app/Http/Controllers/Admin/CourseController.php:31)
[stacktrace]
#0 C:/Users/kuldeep/Desktop/Project/sgcsm/vendor/composer/ClassLoader.php(427): {closure:Composer/Autoload/ClassLoader::initializeIncludeClosure():575}()
#1 [internal function]: Composer/Autoload/ClassLoader->loadClass()
#2 C:/Users/kuldeep/Desktop/Project/sgcsm/vendor/laravel/framework/src/Illuminate/Routing/Route.php(1117): is_a()
#3 C:/Users/kuldeep/Desktop/Project/sgcsm/vendor/laravel/framework/src/Illuminate/Routing/Route.php(1054): Illuminate/Routing/Route->controllerMiddleware()
#4 C:/Users/kuldeep/Desktop/Project/sgcsm/vendor/laravel/framework/src/Illuminate/Routing/Router.php(820): Illuminate/Routing/Route->gatherMiddleware()
#5 C:/Users/kuldeep/Desktop/Project/sgcsm/vendor/laravel/framework/src/Illuminate/Routing/Router.php(802): Illuminate/Routing/Router->gatherRouteMiddleware()
#6 C:/Users/kuldeep/Desktop/Project/sgcsm/vendor/laravel/framework/src/Illuminate/Routing/Router.php(786): Illuminate/Routing/Router->runRouteWithinStack()
#7 C:/Users/kuldeep/Desktop/Project/sgcsm/vendor/laravel/framework/src/Illuminate/Routing/Router.php(750): Illuminate/Routing/Router->runRoute()
#8 C:/Users/kuldeep/Desktop/Project/sgcsm/vendor/laravel/framework/src/Illuminate/Routing/Router.php(739): Illuminate/Routing/Router->dispatchToRoute()
#9 C:/Users/kuldeep/Desktop/Project/sgcsm/vendor/laravel/framework/src/Illuminate/Foundation/Http/Kernel.php(201): Illuminate/Routing/Router->dispatch()
#10 C:/Users/kuldeep/Desktop/Project/sgcsm/vendor/laravel/framework/src/Illuminate/Pipeline/Pipeline.php(170): Illuminate/Foundation/Http/Kernel->{closure:Illuminate/Foundation/Http/Kernel::dispatchToRouter():198}()
#11 C:/Users/kuldeep/Desktop/Project/sgcsm/vendor/laravel/framework/src/Illuminate/Foundation/Http/Middleware/TransformsRequest.php(21): Illuminate/Pipeline/Pipeline->{closure:Illuminate/Pipeline/Pipeline::prepareDestination():168}()
#12 C:/Users/kuldeep/Desktop/Project/sgcsm/vendor/laravel/framework/src/Illuminate/Foundation/Http/Middleware/ConvertEmptyStringsToNull.php(31): Illuminate/Foundation/Http/Middleware/TransformsRequest->handle()
#13 C:/Users/kuldeep/Desktop/Project/sgcsm/vendor/laravel/framework/src/Illuminate/Pipeline/Pipeline.php(209): Illuminate/Foundation/Http/Middleware/ConvertEmptyStringsToNull->handle()
#14 C:/Users/kuldeep/Desktop/Project/sgcsm/vendor/laravel/framework/src/Illuminate/Foundation/Http/Middleware/TransformsRequest.php(21): Illuminate/Pipeline/Pipeline->{closure:{closure:Illuminate/Pipeline/Pipeline::carry():184}:185}()
#15 C:/Users/kuldeep/Desktop/Project/sgcsm/vendor/laravel/framework/src/Illuminate/Foundation/Http/Middleware/TrimStrings.php(51): Illuminate/Foundation/Http/Middleware/TransformsRequest->handle()
#16 C:/Users/kuldeep/Desktop/Project/sgcsm/vendor/laravel/framework/src/Illuminate/Pipeline/Pipeline.php(209): Illuminate/Foundation/Http/Middleware/TrimStrings->handle()
#17 C:/Users/kuldeep/Desktop/Project/sgcsm/vendor/laravel/framework/src/Illuminate/Http/Middleware/ValidatePostSize.php(27): Illuminate/Pipeline/Pipeline->{closure:{closure:Illuminate/Pipeline/Pipeline::carry():184}:185}()
#18 C:/Users/kuldeep/Desktop/Project/sgcsm/vendor/laravel/framework/src/Illuminate/Pipeline/Pipeline.php(209): Illuminate/Http/Middleware/ValidatePostSize->handle()
#19 C:/Users/kuldeep/Desktop/Project/sgcsm/vendor/laravel/framework/src/Illuminate/Foundation/Http/Middleware/PreventRequestsDuringMaintenance.php(110): Illuminate/Pipeline/Pipeline->{closure:{closure:Illuminate/Pipeline/Pipeline::carry():184}:185}()
#20 C:/Users/kuldeep/Desktop/Project/sgcsm/vendor/laravel/framework/src/Illuminate/Pipeline/Pipeline.php(209): Illuminate/Foundation/Http/Middleware/PreventRequestsDuringMaintenance->handle()
#21 C:/Users/kuldeep/Desktop/Project/sgcsm/vendor/laravel/framework/src/Illuminate/Http/Middleware/HandleCors.php(49): Illuminate/Pipeline/Pipeline->{closure:{closure:Illuminate/Pipeline/Pipeline::carry():184}:185}()
#22 C:/Users/kuldeep/Desktop/Project/sgcsm/vendor/laravel/framework/src/Illuminate/Pipeline/Pipeline.php(209): Illuminate/Http/Middleware/HandleCors->handle()
#23 C:/Users/kuldeep/Desktop/Project/sgcsm/vendor/laravel/framework/src/Illuminate/Http/Middleware/TrustProxies.php(58): Illuminate/Pipeline/Pipeline->{closure:{closure:Illuminate/Pipeline/Pipeline::carry():184}:185}()
#24 C:/Users/kuldeep/Desktop/Project/sgcsm/vendor/laravel/framework/src/Illuminate/Pipeline/Pipeline.php(209): Illuminate/Http/Middleware/TrustProxies->handle()
#25 C:/Users/kuldeep/Desktop/Project/sgcsm/vendor/laravel/framework/src/Illuminate/Foundation/Http/Middleware/InvokeDeferredCallbacks.php(22): Illuminate/Pipeline/Pipeline->{closure:{closure:Illuminate/Pipeline/Pipeline::carry():184}:185}()
#26 C:/Users/kuldeep/Desktop/Project/sgcsm/vendor/laravel/framework/src/Illuminate/Pipeline/Pipeline.php(209): Illuminate/Foundation/Http/Middleware/InvokeDeferredCallbacks->handle()
#27 C:/Users/kuldeep/Desktop/Project/sgcsm/vendor/laravel/framework/src/Illuminate/Pipeline/Pipeline.php(127): Illuminate/Pipeline/Pipeline->{closure:{closure:Illuminate/Pipeline/Pipeline::carry():184}:185}()
#28 C:/Users/kuldeep/Desktop/Project/sgcsm/vendor/laravel/framework/src/Illuminate/Foundation/Http/Kernel.php(176): Illuminate/Pipeline/Pipeline->then()
#29 C:/Users/kuldeep/Desktop/Project/sgcsm/vendor/laravel/framework/src/Illuminate/Foundation/Http/Kernel.php(145): Illuminate/Foundation/Http/Kernel->sendRequestThroughRouter()
#30 C:/Users/kuldeep/Desktop/Project/sgcsm/vendor/laravel/framework/src/Illuminate/Foundation/Application.php(1220): Illuminate/Foundation/Http/Kernel->handle()
#31 C:/Users/kuldeep/Desktop/Project/sgcsm/public/index.php(17): Illuminate/Foundation/Application->handleRequest()
#32 C:/Users/kuldeep/Desktop/Project/sgcsm/vendor/laravel/framework/src/Illuminate/Foundation/resources/server.php(23): require_once('...')
#33 {main}
"} 
[2026-05-05 05:18:19] local.ERROR: Route [franchise.index] not defined. {"userId":1,"exception":"[object] (Symfony\\Component\\Routing\\Exception\\RouteNotFoundException(code: 0): Route [franchise.index] not defined. at C:/Users/kuldeep/Desktop/Project/sgcsm/vendor/laravel/framework/src/Illuminate/Routing/UrlGenerator.php:517)
[stacktrace]
#0 C:/Users/kuldeep/Desktop/Project/sgcsm/vendor/laravel/framework/src/Illuminate/Foundation/helpers.php(853): Illuminate/Routing/UrlGenerator->route()
#1 C:/Users/kuldeep/Desktop/Project/sgcsm/app/Http/Controllers/Admin/FranchiseController.php(46): route()
#2 C:/Users/kuldeep/Desktop/Project/sgcsm/vendor/laravel/framework/src/Illuminate/Routing/ControllerDispatcher.php(47): App/Http/Controllers/Admin/FranchiseController->store()
#3 C:/Users/kuldeep/Desktop/Project/sgcsm/vendor/laravel/framework/src/Illuminate/Routing/Route.php(266): Illuminate/Routing/ControllerDispatcher->dispatch()
#4 C:/Users/kuldeep/Desktop/Project/sgcsm/vendor/laravel/framework/src/Illuminate/Routing/Route.php(212): Illuminate/Routing/Route->runController()
#5 C:/Users/kuldeep/Desktop/Project/sgcsm/vendor/laravel/framework/src/Illuminate/Routing/Router.php(808): Illuminate/Routing/Route->run()
#6 C:/Users/kuldeep/Desktop/Project/sgcsm/vendor/laravel/framework/src/Illuminate/Pipeline/Pipeline.php(170): Illuminate/Routing/Router->{closure:Illuminate/Routing/Router::runRouteWithinStack():807}()
#7 C:/Users/kuldeep/Desktop/Project/sgcsm/app/Http/Middleware/RoleMiddleware.php(26): Illuminate/Pipeline/Pipeline->{closure:Illuminate/Pipeline/Pipeline::prepareDestination():168}()
#8 C:/Users/kuldeep/Desktop/Project/sgcsm/vendor/laravel/framework/src/Illuminate/Pipeline/Pipeline.php(209): App/Http/Middleware/RoleMiddleware->handle()
#9 C:/Users/kuldeep/Desktop/Project/sgcsm/vendor/laravel/framework/src/Illuminate/Auth/Middleware/EnsureEmailIsVerified.php(41): Illuminate/Pipeline/Pipeline->{closure:{closure:Illuminate/Pipeline/Pipeline::carry():184}:185}()
#10 C:/Users/kuldeep/Desktop/Project/sgcsm/vendor/laravel/framework/src/Illuminate/Pipeline/Pipeline.php(209): Illuminate/Auth/Middleware/EnsureEmailIsVerified->handle()
#11 C:/Users/kuldeep/Desktop/Project/sgcsm/vendor/laravel/framework/src/Illuminate/Http/Middleware/AddLinkHeadersForPreloadedAssets.php(20): Illuminate/Pipeline/Pipeline->{closure:{closure:Illuminate/Pipeline/Pipeline::carry():184}:185}()
#12 C:/Users/kuldeep/Desktop/Project/sgcsm/vendor/laravel/framework/src/Illuminate/Pipeline/Pipeline.php(209): Illuminate/Http/Middleware/AddLinkHeadersForPreloadedAssets->handle()
#13 C:/Users/kuldeep/Desktop/Project/sgcsm/vendor/inertiajs/inertia-laravel/src/Middleware.php(122): Illuminate/Pipeline/Pipeline->{closure:{closure:Illuminate/Pipeline/Pipeline::carry():184}:185}()
#14 C:/Users/kuldeep/Desktop/Project/sgcsm/vendor/laravel/framework/src/Illuminate/Pipeline/Pipeline.php(209): Inertia/Middleware->handle()
#15 C:/Users/kuldeep/Desktop/Project/sgcsm/vendor/laravel/framework/src/Illuminate/Routing/Middleware/SubstituteBindings.php(51): Illuminate/Pipeline/Pipeline->{closure:{closure:Illuminate/Pipeline/Pipeline::carry():184}:185}()
#16 C:/Users/kuldeep/Desktop/Project/sgcsm/vendor/laravel/framework/src/Illuminate/Pipeline/Pipeline.php(209): Illuminate/Routing/Middleware/SubstituteBindings->handle()
#17 C:/Users/kuldeep/Desktop/Project/sgcsm/vendor/laravel/framework/src/Illuminate/Auth/Middleware/Authenticate.php(64): Illuminate/Pipeline/Pipeline->{closure:{closure:Illuminate/Pipeline/Pipeline::carry():184}:185}()
#18 C:/Users/kuldeep/Desktop/Project/sgcsm/vendor/laravel/framework/src/Illuminate/Pipeline/Pipeline.php(209): Illuminate/Auth/Middleware/Authenticate->handle()
#19 C:/Users/kuldeep/Desktop/Project/sgcsm/vendor/laravel/framework/src/Illuminate/Foundation/Http/Middleware/VerifyCsrfToken.php(88): Illuminate/Pipeline/Pipeline->{closure:{closure:Illuminate/Pipeline/Pipeline::carry():184}:185}()
#20 C:/Users/kuldeep/Desktop/Project/sgcsm/vendor/laravel/framework/src/Illuminate/Pipeline/Pipeline.php(209): Illuminate/Foundation/Http/Middleware/VerifyCsrfToken->handle()
#21 C:/Users/kuldeep/Desktop/Project/sgcsm/vendor/laravel/framework/src/Illuminate/View/Middleware/ShareErrorsFromSession.php(49): Illuminate/Pipeline/Pipeline->{closure:{closure:Illuminate/Pipeline/Pipeline::carry():184}:185}()
#22 C:/Users/kuldeep/Desktop/Project/sgcsm/vendor/laravel/framework/src/Illuminate/Pipeline/Pipeline.php(209): Illuminate/View/Middleware/ShareErrorsFromSession->handle()
#23 C:/Users/kuldeep/Desktop/Project/sgcsm/vendor/laravel/framework/src/Illuminate/Session/Middleware/StartSession.php(121): Illuminate/Pipeline/Pipeline->{closure:{closure:Illuminate/Pipeline/Pipeline::carry():184}:185}()
#24 C:/Users/kuldeep/Desktop/Project/sgcsm/vendor/laravel/framework/src/Illuminate/Session/Middleware/StartSession.php(64): Illuminate/Session/Middleware/StartSession->handleStatefulRequest()
#25 C:/Users/kuldeep/Desktop/Project/sgcsm/vendor/laravel/framework/src/Illuminate/Pipeline/Pipeline.php(209): Illuminate/Session/Middleware/StartSession->handle()
#26 C:/Users/kuldeep/Desktop/Project/sgcsm/vendor/laravel/framework/src/Illuminate/Cookie/Middleware/AddQueuedCookiesToResponse.php(37): Illuminate/Pipeline/Pipeline->{closure:{closure:Illuminate/Pipeline/Pipeline::carry():184}:185}()
#27 C:/Users/kuldeep/Desktop/Project/sgcsm/vendor/laravel/framework/src/Illuminate/Pipeline/Pipeline.php(209): Illuminate/Cookie/Middleware/AddQueuedCookiesToResponse->handle()
#28 C:/Users/kuldeep/Desktop/Project/sgcsm/vendor/laravel/framework/src/Illuminate/Cookie/Middleware/EncryptCookies.php(75): Illuminate/Pipeline/Pipeline->{closure:{closure:Illuminate/Pipeline/Pipeline::carry():184}:185}()
#29 C:/Users/kuldeep/Desktop/Project/sgcsm/vendor/laravel/framework/src/Illuminate/Pipeline/Pipeline.php(209): Illuminate/Cookie/Middleware/EncryptCookies->handle()
#30 C:/Users/kuldeep/Desktop/Project/sgcsm/vendor/laravel/framework/src/Illuminate/Pipeline/Pipeline.php(127): Illuminate/Pipeline/Pipeline->{closure:{closure:Illuminate/Pipeline/Pipeline::carry():184}:185}()
#31 C:/Users/kuldeep/Desktop/Project/sgcsm/vendor/laravel/framework/src/Illuminate/Routing/Router.php(807): Illuminate/Pipeline/Pipeline->then()
#32 C:/Users/kuldeep/Desktop/Project/sgcsm/vendor/laravel/framework/src/Illuminate/Routing/Router.php(786): Illuminate/Routing/Router->runRouteWithinStack()
#33 C:/Users/kuldeep/Desktop/Project/sgcsm/vendor/laravel/framework/src/Illuminate/Routing/Router.php(750): Illuminate/Routing/Router->runRoute()
#34 C:/Users/kuldeep/Desktop/Project/sgcsm/vendor/laravel/framework/src/Illuminate/Routing/Router.php(739): Illuminate/Routing/Router->dispatchToRoute()
#35 C:/Users/kuldeep/Desktop/Project/sgcsm/vendor/laravel/framework/src/Illuminate/Foundation/Http/Kernel.php(201): Illuminate/Routing/Router->dispatch()
#36 C:/Users/kuldeep/Desktop/Project/sgcsm/vendor/laravel/framework/src/Illuminate/Pipeline/Pipeline.php(170): Illuminate/Foundation/Http/Kernel->{closure:Illuminate/Foundation/Http/Kernel::dispatchToRouter():198}()
#37 C:/Users/kuldeep/Desktop/Project/sgcsm/vendor/laravel/framework/src/Illuminate/Foundation/Http/Middleware/TransformsRequest.php(21): Illuminate/Pipeline/Pipeline->{closure:Illuminate/Pipeline/Pipeline::prepareDestination():168}()
#38 C:/Users/kuldeep/Desktop/Project/sgcsm/vendor/laravel/framework/src/Illuminate/Foundation/Http/Middleware/ConvertEmptyStringsToNull.php(31): Illuminate/Foundation/Http/Middleware/TransformsRequest->handle()
#39 C:/Users/kuldeep/Desktop/Project/sgcsm/vendor/laravel/framework/src/Illuminate/Pipeline/Pipeline.php(209): Illuminate/Foundation/Http/Middleware/ConvertEmptyStringsToNull->handle()
#40 C:/Users/kuldeep/Desktop/Project/sgcsm/vendor/laravel/framework/src/Illuminate/Foundation/Http/Middleware/TransformsRequest.php(21): Illuminate/Pipeline/Pipeline->{closure:{closure:Illuminate/Pipeline/Pipeline::carry():184}:185}()
#41 C:/Users/kuldeep/Desktop/Project/sgcsm/vendor/laravel/framework/src/Illuminate/Foundation/Http/Middleware/TrimStrings.php(51): Illuminate/Foundation/Http/Middleware/TransformsRequest->handle()
#42 C:/Users/kuldeep/Desktop/Project/sgcsm/vendor/laravel/framework/src/Illuminate/Pipeline/Pipeline.php(209): Illuminate/Foundation/Http/Middleware/TrimStrings->handle()
#43 C:/Users/kuldeep/Desktop/Project/sgcsm/vendor/laravel/framework/src/Illuminate/Http/Middleware/ValidatePostSize.php(27): Illuminate/Pipeline/Pipeline->{closure:{closure:Illuminate/Pipeline/Pipeline::carry():184}:185}()
#44 C:/Users/kuldeep/Desktop/Project/sgcsm/vendor/laravel/framework/src/Illuminate/Pipeline/Pipeline.php(209): Illuminate/Http/Middleware/ValidatePostSize->handle()
#45 C:/Users/kuldeep/Desktop/Project/sgcsm/vendor/laravel/framework/src/Illuminate/Foundation/Http/Middleware/PreventRequestsDuringMaintenance.php(110): Illuminate/Pipeline/Pipeline->{closure:{closure:Illuminate/Pipeline/Pipeline::carry():184}:185}()
#46 C:/Users/kuldeep/Desktop/Project/sgcsm/vendor/laravel/framework/src/Illuminate/Pipeline/Pipeline.php(209): Illuminate/Foundation/Http/Middleware/PreventRequestsDuringMaintenance->handle()
#47 C:/Users/kuldeep/Desktop/Project/sgcsm/vendor/laravel/framework/src/Illuminate/Http/Middleware/HandleCors.php(49): Illuminate/Pipeline/Pipeline->{closure:{closure:Illuminate/Pipeline/Pipeline::carry():184}:185}()
#48 C:/Users/kuldeep/Desktop/Project/sgcsm/vendor/laravel/framework/src/Illuminate/Pipeline/Pipeline.php(209): Illuminate/Http/Middleware/HandleCors->handle()
#49 C:/Users/kuldeep/Desktop/Project/sgcsm/vendor/laravel/framework/src/Illuminate/Http/Middleware/TrustProxies.php(58): Illuminate/Pipeline/Pipeline->{closure:{closure:Illuminate/Pipeline/Pipeline::carry():184}:185}()
#50 C:/Users/kuldeep/Desktop/Project/sgcsm/vendor/laravel/framework/src/Illuminate/Pipeline/Pipeline.php(209): Illuminate/Http/Middleware/TrustProxies->handle()
#51 C:/Users/kuldeep/Desktop/Project/sgcsm/vendor/laravel/framework/src/Illuminate/Foundation/Http/Middleware/InvokeDeferredCallbacks.php(22): Illuminate/Pipeline/Pipeline->{closure:{closure:Illuminate/Pipeline/Pipeline::carry():184}:185}()
#52 C:/Users/kuldeep/Desktop/Project/sgcsm/vendor/laravel/framework/src/Illuminate/Pipeline/Pipeline.php(209): Illuminate/Foundation/Http/Middleware/InvokeDeferredCallbacks->handle()
#53 C:/Users/kuldeep/Desktop/Project/sgcsm/vendor/laravel/framework/src/Illuminate/Pipeline/Pipeline.php(127): Illuminate/Pipeline/Pipeline->{closure:{closure:Illuminate/Pipeline/Pipeline::carry():184}:185}()
#54 C:/Users/kuldeep/Desktop/Project/sgcsm/vendor/laravel/framework/src/Illuminate/Foundation/Http/Kernel.php(176): Illuminate/Pipeline/Pipeline->then()
#55 C:/Users/kuldeep/Desktop/Project/sgcsm/vendor/laravel/framework/src/Illuminate/Foundation/Http/Kernel.php(145): Illuminate/Foundation/Http/Kernel->sendRequestThroughRouter()
#56 C:/Users/kuldeep/Desktop/Project/sgcsm/vendor/laravel/framework/src/Illuminate/Foundation/Application.php(1220): Illuminate/Foundation/Http/Kernel->handle()
#57 C:/Users/kuldeep/Desktop/Project/sgcsm/public/index.php(17): Illuminate/Foundation/Application->handleRequest()
#58 C:/Users/kuldeep/Desktop/Project/sgcsm/vendor/laravel/framework/src/Illuminate/Foundation/resources/server.php(23): require_once('...')
#59 {main}
"} 
[2026-05-05 05:20:47] local.ERROR: Route [institute.index] not defined. {"userId":1,"exception":"[object] (Symfony\\Component\\Routing\\Exception\\RouteNotFoundException(code: 0): Route [institute.index] not defined. at C:/Users/kuldeep/Desktop/Project/sgcsm/vendor/laravel/framework/src/Illuminate/Routing/UrlGenerator.php:517)
[stacktrace]
#0 C:/Users/kuldeep/Desktop/Project/sgcsm/vendor/laravel/framework/src/Illuminate/Foundation/helpers.php(853): Illuminate/Routing/UrlGenerator->route()
#1 C:/Users/kuldeep/Desktop/Project/sgcsm/app/Http/Controllers/Admin/InstituteController.php(62): route()
#2 C:/Users/kuldeep/Desktop/Project/sgcsm/vendor/laravel/framework/src/Illuminate/Routing/ControllerDispatcher.php(47): App/Http/Controllers/Admin/InstituteController->store()
#3 C:/Users/kuldeep/Desktop/Project/sgcsm/vendor/laravel/framework/src/Illuminate/Routing/Route.php(266): Illuminate/Routing/ControllerDispatcher->dispatch()
#4 C:/Users/kuldeep/Desktop/Project/sgcsm/vendor/laravel/framework/src/Illuminate/Routing/Route.php(212): Illuminate/Routing/Route->runController()
#5 C:/Users/kuldeep/Desktop/Project/sgcsm/vendor/laravel/framework/src/Illuminate/Routing/Router.php(808): Illuminate/Routing/Route->run()
#6 C:/Users/kuldeep/Desktop/Project/sgcsm/vendor/laravel/framework/src/Illuminate/Pipeline/Pipeline.php(170): Illuminate/Routing/Router->{closure:Illuminate/Routing/Router::runRouteWithinStack():807}()
#7 C:/Users/kuldeep/Desktop/Project/sgcsm/app/Http/Middleware/RoleMiddleware.php(26): Illuminate/Pipeline/Pipeline->{closure:Illuminate/Pipeline/Pipeline::prepareDestination():168}()
#8 C:/Users/kuldeep/Desktop/Project/sgcsm/vendor/laravel/framework/src/Illuminate/Pipeline/Pipeline.php(209): App/Http/Middleware/RoleMiddleware->handle()
#9 C:/Users/kuldeep/Desktop/Project/sgcsm/vendor/laravel/framework/src/Illuminate/Auth/Middleware/EnsureEmailIsVerified.php(41): Illuminate/Pipeline/Pipeline->{closure:{closure:Illuminate/Pipeline/Pipeline::carry():184}:185}()
#10 C:/Users/kuldeep/Desktop/Project/sgcsm/vendor/laravel/framework/src/Illuminate/Pipeline/Pipeline.php(209): Illuminate/Auth/Middleware/EnsureEmailIsVerified->handle()
#11 C:/Users/kuldeep/Desktop/Project/sgcsm/vendor/laravel/framework/src/Illuminate/Http/Middleware/AddLinkHeadersForPreloadedAssets.php(20): Illuminate/Pipeline/Pipeline->{closure:{closure:Illuminate/Pipeline/Pipeline::carry():184}:185}()
#12 C:/Users/kuldeep/Desktop/Project/sgcsm/vendor/laravel/framework/src/Illuminate/Pipeline/Pipeline.php(209): Illuminate/Http/Middleware/AddLinkHeadersForPreloadedAssets->handle()
#13 C:/Users/kuldeep/Desktop/Project/sgcsm/vendor/inertiajs/inertia-laravel/src/Middleware.php(122): Illuminate/Pipeline/Pipeline->{closure:{closure:Illuminate/Pipeline/Pipeline::carry():184}:185}()
#14 C:/Users/kuldeep/Desktop/Project/sgcsm/vendor/laravel/framework/src/Illuminate/Pipeline/Pipeline.php(209): Inertia/Middleware->handle()
#15 C:/Users/kuldeep/Desktop/Project/sgcsm/vendor/laravel/framework/src/Illuminate/Routing/Middleware/SubstituteBindings.php(51): Illuminate/Pipeline/Pipeline->{closure:{closure:Illuminate/Pipeline/Pipeline::carry():184}:185}()
#16 C:/Users/kuldeep/Desktop/Project/sgcsm/vendor/laravel/framework/src/Illuminate/Pipeline/Pipeline.php(209): Illuminate/Routing/Middleware/SubstituteBindings->handle()
#17 C:/Users/kuldeep/Desktop/Project/sgcsm/vendor/laravel/framework/src/Illuminate/Auth/Middleware/Authenticate.php(64): Illuminate/Pipeline/Pipeline->{closure:{closure:Illuminate/Pipeline/Pipeline::carry():184}:185}()
#18 C:/Users/kuldeep/Desktop/Project/sgcsm/vendor/laravel/framework/src/Illuminate/Pipeline/Pipeline.php(209): Illuminate/Auth/Middleware/Authenticate->handle()
#19 C:/Users/kuldeep/Desktop/Project/sgcsm/vendor/laravel/framework/src/Illuminate/Foundation/Http/Middleware/VerifyCsrfToken.php(88): Illuminate/Pipeline/Pipeline->{closure:{closure:Illuminate/Pipeline/Pipeline::carry():184}:185}()
#20 C:/Users/kuldeep/Desktop/Project/sgcsm/vendor/laravel/framework/src/Illuminate/Pipeline/Pipeline.php(209): Illuminate/Foundation/Http/Middleware/VerifyCsrfToken->handle()
#21 C:/Users/kuldeep/Desktop/Project/sgcsm/vendor/laravel/framework/src/Illuminate/View/Middleware/ShareErrorsFromSession.php(49): Illuminate/Pipeline/Pipeline->{closure:{closure:Illuminate/Pipeline/Pipeline::carry():184}:185}()
#22 C:/Users/kuldeep/Desktop/Project/sgcsm/vendor/laravel/framework/src/Illuminate/Pipeline/Pipeline.php(209): Illuminate/View/Middleware/ShareErrorsFromSession->handle()
#23 C:/Users/kuldeep/Desktop/Project/sgcsm/vendor/laravel/framework/src/Illuminate/Session/Middleware/StartSession.php(121): Illuminate/Pipeline/Pipeline->{closure:{closure:Illuminate/Pipeline/Pipeline::carry():184}:185}()
#24 C:/Users/kuldeep/Desktop/Project/sgcsm/vendor/laravel/framework/src/Illuminate/Session/Middleware/StartSession.php(64): Illuminate/Session/Middleware/StartSession->handleStatefulRequest()
#25 C:/Users/kuldeep/Desktop/Project/sgcsm/vendor/laravel/framework/src/Illuminate/Pipeline/Pipeline.php(209): Illuminate/Session/Middleware/StartSession->handle()
#26 C:/Users/kuldeep/Desktop/Project/sgcsm/vendor/laravel/framework/src/Illuminate/Cookie/Middleware/AddQueuedCookiesToResponse.php(37): Illuminate/Pipeline/Pipeline->{closure:{closure:Illuminate/Pipeline/Pipeline::carry():184}:185}()
#27 C:/Users/kuldeep/Desktop/Project/sgcsm/vendor/laravel/framework/src/Illuminate/Pipeline/Pipeline.php(209): Illuminate/Cookie/Middleware/AddQueuedCookiesToResponse->handle()
#28 C:/Users/kuldeep/Desktop/Project/sgcsm/vendor/laravel/framework/src/Illuminate/Cookie/Middleware/EncryptCookies.php(75): Illuminate/Pipeline/Pipeline->{closure:{closure:Illuminate/Pipeline/Pipeline::carry():184}:185}()
#29 C:/Users/kuldeep/Desktop/Project/sgcsm/vendor/laravel/framework/src/Illuminate/Pipeline/Pipeline.php(209): Illuminate/Cookie/Middleware/EncryptCookies->handle()
#30 C:/Users/kuldeep/Desktop/Project/sgcsm/vendor/laravel/framework/src/Illuminate/Pipeline/Pipeline.php(127): Illuminate/Pipeline/Pipeline->{closure:{closure:Illuminate/Pipeline/Pipeline::carry():184}:185}()
#31 C:/Users/kuldeep/Desktop/Project/sgcsm/vendor/laravel/framework/src/Illuminate/Routing/Router.php(807): Illuminate/Pipeline/Pipeline->then()
#32 C:/Users/kuldeep/Desktop/Project/sgcsm/vendor/laravel/framework/src/Illuminate/Routing/Router.php(786): Illuminate/Routing/Router->runRouteWithinStack()
#33 C:/Users/kuldeep/Desktop/Project/sgcsm/vendor/laravel/framework/src/Illuminate/Routing/Router.php(750): Illuminate/Routing/Router->runRoute()
#34 C:/Users/kuldeep/Desktop/Project/sgcsm/vendor/laravel/framework/src/Illuminate/Routing/Router.php(739): Illuminate/Routing/Router->dispatchToRoute()
#35 C:/Users/kuldeep/Desktop/Project/sgcsm/vendor/laravel/framework/src/Illuminate/Foundation/Http/Kernel.php(201): Illuminate/Routing/Router->dispatch()
#36 C:/Users/kuldeep/Desktop/Project/sgcsm/vendor/laravel/framework/src/Illuminate/Pipeline/Pipeline.php(170): Illuminate/Foundation/Http/Kernel->{closure:Illuminate/Foundation/Http/Kernel::dispatchToRouter():198}()
#37 C:/Users/kuldeep/Desktop/Project/sgcsm/vendor/laravel/framework/src/Illuminate/Foundation/Http/Middleware/TransformsRequest.php(21): Illuminate/Pipeline/Pipeline->{closure:Illuminate/Pipeline/Pipeline::prepareDestination():168}()
#38 C:/Users/kuldeep/Desktop/Project/sgcsm/vendor/laravel/framework/src/Illuminate/Foundation/Http/Middleware/ConvertEmptyStringsToNull.php(31): Illuminate/Foundation/Http/Middleware/TransformsRequest->handle()
#39 C:/Users/kuldeep/Desktop/Project/sgcsm/vendor/laravel/framework/src/Illuminate/Pipeline/Pipeline.php(209): Illuminate/Foundation/Http/Middleware/ConvertEmptyStringsToNull->handle()
#40 C:/Users/kuldeep/Desktop/Project/sgcsm/vendor/laravel/framework/src/Illuminate/Foundation/Http/Middleware/TransformsRequest.php(21): Illuminate/Pipeline/Pipeline->{closure:{closure:Illuminate/Pipeline/Pipeline::carry():184}:185}()
#41 C:/Users/kuldeep/Desktop/Project/sgcsm/vendor/laravel/framework/src/Illuminate/Foundation/Http/Middleware/TrimStrings.php(51): Illuminate/Foundation/Http/Middleware/TransformsRequest->handle()
#42 C:/Users/kuldeep/Desktop/Project/sgcsm/vendor/laravel/framework/src/Illuminate/Pipeline/Pipeline.php(209): Illuminate/Foundation/Http/Middleware/TrimStrings->handle()
#43 C:/Users/kuldeep/Desktop/Project/sgcsm/vendor/laravel/framework/src/Illuminate/Http/Middleware/ValidatePostSize.php(27): Illuminate/Pipeline/Pipeline->{closure:{closure:Illuminate/Pipeline/Pipeline::carry():184}:185}()
#44 C:/Users/kuldeep/Desktop/Project/sgcsm/vendor/laravel/framework/src/Illuminate/Pipeline/Pipeline.php(209): Illuminate/Http/Middleware/ValidatePostSize->handle()
#45 C:/Users/kuldeep/Desktop/Project/sgcsm/vendor/laravel/framework/src/Illuminate/Foundation/Http/Middleware/PreventRequestsDuringMaintenance.php(110): Illuminate/Pipeline/Pipeline->{closure:{closure:Illuminate/Pipeline/Pipeline::carry():184}:185}()
#46 C:/Users/kuldeep/Desktop/Project/sgcsm/vendor/laravel/framework/src/Illuminate/Pipeline/Pipeline.php(209): Illuminate/Foundation/Http/Middleware/PreventRequestsDuringMaintenance->handle()
#47 C:/Users/kuldeep/Desktop/Project/sgcsm/vendor/laravel/framework/src/Illuminate/Http/Middleware/HandleCors.php(49): Illuminate/Pipeline/Pipeline->{closure:{closure:Illuminate/Pipeline/Pipeline::carry():184}:185}()
#48 C:/Users/kuldeep/Desktop/Project/sgcsm/vendor/laravel/framework/src/Illuminate/Pipeline/Pipeline.php(209): Illuminate/Http/Middleware/HandleCors->handle()
#49 C:/Users/kuldeep/Desktop/Project/sgcsm/vendor/laravel/framework/src/Illuminate/Http/Middleware/TrustProxies.php(58): Illuminate/Pipeline/Pipeline->{closure:{closure:Illuminate/Pipeline/Pipeline::carry():184}:185}()
#50 C:/Users/kuldeep/Desktop/Project/sgcsm/vendor/laravel/framework/src/Illuminate/Pipeline/Pipeline.php(209): Illuminate/Http/Middleware/TrustProxies->handle()
#51 C:/Users/kuldeep/Desktop/Project/sgcsm/vendor/laravel/framework/src/Illuminate/Foundation/Http/Middleware/InvokeDeferredCallbacks.php(22): Illuminate/Pipeline/Pipeline->{closure:{closure:Illuminate/Pipeline/Pipeline::carry():184}:185}()
#52 C:/Users/kuldeep/Desktop/Project/sgcsm/vendor/laravel/framework/src/Illuminate/Pipeline/Pipeline.php(209): Illuminate/Foundation/Http/Middleware/InvokeDeferredCallbacks->handle()
#53 C:/Users/kuldeep/Desktop/Project/sgcsm/vendor/laravel/framework/src/Illuminate/Pipeline/Pipeline.php(127): Illuminate/Pipeline/Pipeline->{closure:{closure:Illuminate/Pipeline/Pipeline::carry():184}:185}()
#54 C:/Users/kuldeep/Desktop/Project/sgcsm/vendor/laravel/framework/src/Illuminate/Foundation/Http/Kernel.php(176): Illuminate/Pipeline/Pipeline->then()
#55 C:/Users/kuldeep/Desktop/Project/sgcsm/vendor/laravel/framework/src/Illuminate/Foundation/Http/Kernel.php(145): Illuminate/Foundation/Http/Kernel->sendRequestThroughRouter()
#56 C:/Users/kuldeep/Desktop/Project/sgcsm/vendor/laravel/framework/src/Illuminate/Foundation/Application.php(1220): Illuminate/Foundation/Http/Kernel->handle()
#57 C:/Users/kuldeep/Desktop/Project/sgcsm/public/index.php(17): Illuminate/Foundation/Application->handleRequest()
#58 C:/Users/kuldeep/Desktop/Project/sgcsm/vendor/laravel/framework/src/Illuminate/Foundation/resources/server.php(23): require_once('...')
#59 {main}
"} 
[2026-05-05 05:27:59] local.ERROR: Route [role.index] not defined. {"userId":1,"exception":"[object] (Symfony\\Component\\Routing\\Exception\\RouteNotFoundException(code: 0): Route [role.index] not defined. at C:/Users/kuldeep/Desktop/Project/sgcsm/vendor/laravel/framework/src/Illuminate/Routing/UrlGenerator.php:517)
[stacktrace]
#0 C:/Users/kuldeep/Desktop/Project/sgcsm/vendor/laravel/framework/src/Illuminate/Routing/Redirector.php(154): Illuminate/Routing/UrlGenerator->route()
#1 C:/Users/kuldeep/Desktop/Project/sgcsm/app/Http/Controllers/Admin/RoleController.php(108): Illuminate/Routing/Redirector->route()
#2 C:/Users/kuldeep/Desktop/Project/sgcsm/vendor/laravel/framework/src/Illuminate/Routing/ControllerDispatcher.php(47): App/Http/Controllers/Admin/RoleController->update()
#3 C:/Users/kuldeep/Desktop/Project/sgcsm/vendor/laravel/framework/src/Illuminate/Routing/Route.php(266): Illuminate/Routing/ControllerDispatcher->dispatch()
#4 C:/Users/kuldeep/Desktop/Project/sgcsm/vendor/laravel/framework/src/Illuminate/Routing/Route.php(212): Illuminate/Routing/Route->runController()
#5 C:/Users/kuldeep/Desktop/Project/sgcsm/vendor/laravel/framework/src/Illuminate/Routing/Router.php(808): Illuminate/Routing/Route->run()
#6 C:/Users/kuldeep/Desktop/Project/sgcsm/vendor/laravel/framework/src/Illuminate/Pipeline/Pipeline.php(170): Illuminate/Routing/Router->{closure:Illuminate/Routing/Router::runRouteWithinStack():807}()
#7 C:/Users/kuldeep/Desktop/Project/sgcsm/app/Http/Middleware/RoleMiddleware.php(26): Illuminate/Pipeline/Pipeline->{closure:Illuminate/Pipeline/Pipeline::prepareDestination():168}()
#8 C:/Users/kuldeep/Desktop/Project/sgcsm/vendor/laravel/framework/src/Illuminate/Pipeline/Pipeline.php(209): App/Http/Middleware/RoleMiddleware->handle()
#9 C:/Users/kuldeep/Desktop/Project/sgcsm/vendor/laravel/framework/src/Illuminate/Auth/Middleware/EnsureEmailIsVerified.php(41): Illuminate/Pipeline/Pipeline->{closure:{closure:Illuminate/Pipeline/Pipeline::carry():184}:185}()
#10 C:/Users/kuldeep/Desktop/Project/sgcsm/vendor/laravel/framework/src/Illuminate/Pipeline/Pipeline.php(209): Illuminate/Auth/Middleware/EnsureEmailIsVerified->handle()
#11 C:/Users/kuldeep/Desktop/Project/sgcsm/vendor/laravel/framework/src/Illuminate/Http/Middleware/AddLinkHeadersForPreloadedAssets.php(20): Illuminate/Pipeline/Pipeline->{closure:{closure:Illuminate/Pipeline/Pipeline::carry():184}:185}()
#12 C:/Users/kuldeep/Desktop/Project/sgcsm/vendor/laravel/framework/src/Illuminate/Pipeline/Pipeline.php(209): Illuminate/Http/Middleware/AddLinkHeadersForPreloadedAssets->handle()
#13 C:/Users/kuldeep/Desktop/Project/sgcsm/vendor/inertiajs/inertia-laravel/src/Middleware.php(122): Illuminate/Pipeline/Pipeline->{closure:{closure:Illuminate/Pipeline/Pipeline::carry():184}:185}()
#14 C:/Users/kuldeep/Desktop/Project/sgcsm/vendor/laravel/framework/src/Illuminate/Pipeline/Pipeline.php(209): Inertia/Middleware->handle()
#15 C:/Users/kuldeep/Desktop/Project/sgcsm/vendor/laravel/framework/src/Illuminate/Routing/Middleware/SubstituteBindings.php(51): Illuminate/Pipeline/Pipeline->{closure:{closure:Illuminate/Pipeline/Pipeline::carry():184}:185}()
#16 C:/Users/kuldeep/Desktop/Project/sgcsm/vendor/laravel/framework/src/Illuminate/Pipeline/Pipeline.php(209): Illuminate/Routing/Middleware/SubstituteBindings->handle()
#17 C:/Users/kuldeep/Desktop/Project/sgcsm/vendor/laravel/framework/src/Illuminate/Auth/Middleware/Authenticate.php(64): Illuminate/Pipeline/Pipeline->{closure:{closure:Illuminate/Pipeline/Pipeline::carry():184}:185}()
#18 C:/Users/kuldeep/Desktop/Project/sgcsm/vendor/laravel/framework/src/Illuminate/Pipeline/Pipeline.php(209): Illuminate/Auth/Middleware/Authenticate->handle()
#19 C:/Users/kuldeep/Desktop/Project/sgcsm/vendor/laravel/framework/src/Illuminate/Foundation/Http/Middleware/VerifyCsrfToken.php(88): Illuminate/Pipeline/Pipeline->{closure:{closure:Illuminate/Pipeline/Pipeline::carry():184}:185}()
#20 C:/Users/kuldeep/Desktop/Project/sgcsm/vendor/laravel/framework/src/Illuminate/Pipeline/Pipeline.php(209): Illuminate/Foundation/Http/Middleware/VerifyCsrfToken->handle()
#21 C:/Users/kuldeep/Desktop/Project/sgcsm/vendor/laravel/framework/src/Illuminate/View/Middleware/ShareErrorsFromSession.php(49): Illuminate/Pipeline/Pipeline->{closure:{closure:Illuminate/Pipeline/Pipeline::carry():184}:185}()
#22 C:/Users/kuldeep/Desktop/Project/sgcsm/vendor/laravel/framework/src/Illuminate/Pipeline/Pipeline.php(209): Illuminate/View/Middleware/ShareErrorsFromSession->handle()
#23 C:/Users/kuldeep/Desktop/Project/sgcsm/vendor/laravel/framework/src/Illuminate/Session/Middleware/StartSession.php(121): Illuminate/Pipeline/Pipeline->{closure:{closure:Illuminate/Pipeline/Pipeline::carry():184}:185}()
#24 C:/Users/kuldeep/Desktop/Project/sgcsm/vendor/laravel/framework/src/Illuminate/Session/Middleware/StartSession.php(64): Illuminate/Session/Middleware/StartSession->handleStatefulRequest()
#25 C:/Users/kuldeep/Desktop/Project/sgcsm/vendor/laravel/framework/src/Illuminate/Pipeline/Pipeline.php(209): Illuminate/Session/Middleware/StartSession->handle()
#26 C:/Users/kuldeep/Desktop/Project/sgcsm/vendor/laravel/framework/src/Illuminate/Cookie/Middleware/AddQueuedCookiesToResponse.php(37): Illuminate/Pipeline/Pipeline->{closure:{closure:Illuminate/Pipeline/Pipeline::carry():184}:185}()
#27 C:/Users/kuldeep/Desktop/Project/sgcsm/vendor/laravel/framework/src/Illuminate/Pipeline/Pipeline.php(209): Illuminate/Cookie/Middleware/AddQueuedCookiesToResponse->handle()
#28 C:/Users/kuldeep/Desktop/Project/sgcsm/vendor/laravel/framework/src/Illuminate/Cookie/Middleware/EncryptCookies.php(75): Illuminate/Pipeline/Pipeline->{closure:{closure:Illuminate/Pipeline/Pipeline::carry():184}:185}()
#29 C:/Users/kuldeep/Desktop/Project/sgcsm/vendor/laravel/framework/src/Illuminate/Pipeline/Pipeline.php(209): Illuminate/Cookie/Middleware/EncryptCookies->handle()
#30 C:/Users/kuldeep/Desktop/Project/sgcsm/vendor/laravel/framework/src/Illuminate/Pipeline/Pipeline.php(127): Illuminate/Pipeline/Pipeline->{closure:{closure:Illuminate/Pipeline/Pipeline::carry():184}:185}()
#31 C:/Users/kuldeep/Desktop/Project/sgcsm/vendor/laravel/framework/src/Illuminate/Routing/Router.php(807): Illuminate/Pipeline/Pipeline->then()
#32 C:/Users/kuldeep/Desktop/Project/sgcsm/vendor/laravel/framework/src/Illuminate/Routing/Router.php(786): Illuminate/Routing/Router->runRouteWithinStack()
#33 C:/Users/kuldeep/Desktop/Project/sgcsm/vendor/laravel/framework/src/Illuminate/Routing/Router.php(750): Illuminate/Routing/Router->runRoute()
#34 C:/Users/kuldeep/Desktop/Project/sgcsm/vendor/laravel/framework/src/Illuminate/Routing/Router.php(739): Illuminate/Routing/Router->dispatchToRoute()
#35 C:/Users/kuldeep/Desktop/Project/sgcsm/vendor/laravel/framework/src/Illuminate/Foundation/Http/Kernel.php(201): Illuminate/Routing/Router->dispatch()
#36 C:/Users/kuldeep/Desktop/Project/sgcsm/vendor/laravel/framework/src/Illuminate/Pipeline/Pipeline.php(170): Illuminate/Foundation/Http/Kernel->{closure:Illuminate/Foundation/Http/Kernel::dispatchToRouter():198}()
#37 C:/Users/kuldeep/Desktop/Project/sgcsm/vendor/laravel/framework/src/Illuminate/Foundation/Http/Middleware/TransformsRequest.php(21): Illuminate/Pipeline/Pipeline->{closure:Illuminate/Pipeline/Pipeline::prepareDestination():168}()
#38 C:/Users/kuldeep/Desktop/Project/sgcsm/vendor/laravel/framework/src/Illuminate/Foundation/Http/Middleware/ConvertEmptyStringsToNull.php(31): Illuminate/Foundation/Http/Middleware/TransformsRequest->handle()
#39 C:/Users/kuldeep/Desktop/Project/sgcsm/vendor/laravel/framework/src/Illuminate/Pipeline/Pipeline.php(209): Illuminate/Foundation/Http/Middleware/ConvertEmptyStringsToNull->handle()
#40 C:/Users/kuldeep/Desktop/Project/sgcsm/vendor/laravel/framework/src/Illuminate/Foundation/Http/Middleware/TransformsRequest.php(21): Illuminate/Pipeline/Pipeline->{closure:{closure:Illuminate/Pipeline/Pipeline::carry():184}:185}()
#41 C:/Users/kuldeep/Desktop/Project/sgcsm/vendor/laravel/framework/src/Illuminate/Foundation/Http/Middleware/TrimStrings.php(51): Illuminate/Foundation/Http/Middleware/TransformsRequest->handle()
#42 C:/Users/kuldeep/Desktop/Project/sgcsm/vendor/laravel/framework/src/Illuminate/Pipeline/Pipeline.php(209): Illuminate/Foundation/Http/Middleware/TrimStrings->handle()
#43 C:/Users/kuldeep/Desktop/Project/sgcsm/vendor/laravel/framework/src/Illuminate/Http/Middleware/ValidatePostSize.php(27): Illuminate/Pipeline/Pipeline->{closure:{closure:Illuminate/Pipeline/Pipeline::carry():184}:185}()
#44 C:/Users/kuldeep/Desktop/Project/sgcsm/vendor/laravel/framework/src/Illuminate/Pipeline/Pipeline.php(209): Illuminate/Http/Middleware/ValidatePostSize->handle()
#45 C:/Users/kuldeep/Desktop/Project/sgcsm/vendor/laravel/framework/src/Illuminate/Foundation/Http/Middleware/PreventRequestsDuringMaintenance.php(110): Illuminate/Pipeline/Pipeline->{closure:{closure:Illuminate/Pipeline/Pipeline::carry():184}:185}()
#46 C:/Users/kuldeep/Desktop/Project/sgcsm/vendor/laravel/framework/src/Illuminate/Pipeline/Pipeline.php(209): Illuminate/Foundation/Http/Middleware/PreventRequestsDuringMaintenance->handle()
#47 C:/Users/kuldeep/Desktop/Project/sgcsm/vendor/laravel/framework/src/Illuminate/Http/Middleware/HandleCors.php(49): Illuminate/Pipeline/Pipeline->{closure:{closure:Illuminate/Pipeline/Pipeline::carry():184}:185}()
#48 C:/Users/kuldeep/Desktop/Project/sgcsm/vendor/laravel/framework/src/Illuminate/Pipeline/Pipeline.php(209): Illuminate/Http/Middleware/HandleCors->handle()
#49 C:/Users/kuldeep/Desktop/Project/sgcsm/vendor/laravel/framework/src/Illuminate/Http/Middleware/TrustProxies.php(58): Illuminate/Pipeline/Pipeline->{closure:{closure:Illuminate/Pipeline/Pipeline::carry():184}:185}()
#50 C:/Users/kuldeep/Desktop/Project/sgcsm/vendor/laravel/framework/src/Illuminate/Pipeline/Pipeline.php(209): Illuminate/Http/Middleware/TrustProxies->handle()
#51 C:/Users/kuldeep/Desktop/Project/sgcsm/vendor/laravel/framework/src/Illuminate/Foundation/Http/Middleware/InvokeDeferredCallbacks.php(22): Illuminate/Pipeline/Pipeline->{closure:{closure:Illuminate/Pipeline/Pipeline::carry():184}:185}()
#52 C:/Users/kuldeep/Desktop/Project/sgcsm/vendor/laravel/framework/src/Illuminate/Pipeline/Pipeline.php(209): Illuminate/Foundation/Http/Middleware/InvokeDeferredCallbacks->handle()
#53 C:/Users/kuldeep/Desktop/Project/sgcsm/vendor/laravel/framework/src/Illuminate/Pipeline/Pipeline.php(127): Illuminate/Pipeline/Pipeline->{closure:{closure:Illuminate/Pipeline/Pipeline::carry():184}:185}()
#54 C:/Users/kuldeep/Desktop/Project/sgcsm/vendor/laravel/framework/src/Illuminate/Foundation/Http/Kernel.php(176): Illuminate/Pipeline/Pipeline->then()
#55 C:/Users/kuldeep/Desktop/Project/sgcsm/vendor/laravel/framework/src/Illuminate/Foundation/Http/Kernel.php(145): Illuminate/Foundation/Http/Kernel->sendRequestThroughRouter()
#56 C:/Users/kuldeep/Desktop/Project/sgcsm/vendor/laravel/framework/src/Illuminate/Foundation/Application.php(1220): Illuminate/Foundation/Http/Kernel->handle()
#57 C:/Users/kuldeep/Desktop/Project/sgcsm/public/index.php(17): Illuminate/Foundation/Application->handleRequest()
#58 C:/Users/kuldeep/Desktop/Project/sgcsm/vendor/laravel/framework/src/Illuminate/Foundation/resources/server.php(23): require_once('...')
#59 {main}
"} 
[2026-05-05 08:26:02] local.ERROR: Call to undefined method Illuminate\Database\Eloquent\Builder::query() {"userId":1,"exception":"[object] (BadMethodCallException(code: 0): Call to undefined method Illuminate\\Database\\Eloquent\\Builder::query() at C:/Users/kuldeep/Desktop/Project/sgcsm/vendor/laravel/framework/src/Illuminate/Support/Traits/ForwardsCalls.php:67)
[stacktrace]
#0 C:/Users/kuldeep/Desktop/Project/sgcsm/vendor/laravel/framework/src/Illuminate/Support/Traits/ForwardsCalls.php(36): Illuminate/Database/Eloquent/Builder::throwBadMethodCallException()
#1 C:/Users/kuldeep/Desktop/Project/sgcsm/vendor/laravel/framework/src/Illuminate/Database/Eloquent/Builder.php(2123): Illuminate/Database/Eloquent/Builder->forwardCallTo()
#2 C:/Users/kuldeep/Desktop/Project/sgcsm/app/Http/Controllers/Admin/StudentController.php(25): Illuminate/Database/Eloquent/Builder->__call()
#3 C:/Users/kuldeep/Desktop/Project/sgcsm/vendor/laravel/framework/src/Illuminate/Routing/ControllerDispatcher.php(47): App/Http/Controllers/Admin/StudentController->index()
#4 C:/Users/kuldeep/Desktop/Project/sgcsm/vendor/laravel/framework/src/Illuminate/Routing/Route.php(266): Illuminate/Routing/ControllerDispatcher->dispatch()
#5 C:/Users/kuldeep/Desktop/Project/sgcsm/vendor/laravel/framework/src/Illuminate/Routing/Route.php(212): Illuminate/Routing/Route->runController()
#6 C:/Users/kuldeep/Desktop/Project/sgcsm/vendor/laravel/framework/src/Illuminate/Routing/Router.php(808): Illuminate/Routing/Route->run()
#7 C:/Users/kuldeep/Desktop/Project/sgcsm/vendor/laravel/framework/src/Illuminate/Pipeline/Pipeline.php(170): Illuminate/Routing/Router->{closure:Illuminate/Routing/Router::runRouteWithinStack():807}()
#8 C:/Users/kuldeep/Desktop/Project/sgcsm/app/Http/Middleware/RoleMiddleware.php(26): Illuminate/Pipeline/Pipeline->{closure:Illuminate/Pipeline/Pipeline::prepareDestination():168}()
#9 C:/Users/kuldeep/Desktop/Project/sgcsm/vendor/laravel/framework/src/Illuminate/Pipeline/Pipeline.php(209): App/Http/Middleware/RoleMiddleware->handle()
#10 C:/Users/kuldeep/Desktop/Project/sgcsm/vendor/laravel/framework/src/Illuminate/Auth/Middleware/EnsureEmailIsVerified.php(41): Illuminate/Pipeline/Pipeline->{closure:{closure:Illuminate/Pipeline/Pipeline::carry():184}:185}()
#11 C:/Users/kuldeep/Desktop/Project/sgcsm/vendor/laravel/framework/src/Illuminate/Pipeline/Pipeline.php(209): Illuminate/Auth/Middleware/EnsureEmailIsVerified->handle()
#12 C:/Users/kuldeep/Desktop/Project/sgcsm/vendor/laravel/framework/src/Illuminate/Http/Middleware/AddLinkHeadersForPreloadedAssets.php(20): Illuminate/Pipeline/Pipeline->{closure:{closure:Illuminate/Pipeline/Pipeline::carry():184}:185}()
#13 C:/Users/kuldeep/Desktop/Project/sgcsm/vendor/laravel/framework/src/Illuminate/Pipeline/Pipeline.php(209): Illuminate/Http/Middleware/AddLinkHeadersForPreloadedAssets->handle()
#14 C:/Users/kuldeep/Desktop/Project/sgcsm/vendor/inertiajs/inertia-laravel/src/Middleware.php(122): Illuminate/Pipeline/Pipeline->{closure:{closure:Illuminate/Pipeline/Pipeline::carry():184}:185}()
#15 C:/Users/kuldeep/Desktop/Project/sgcsm/vendor/laravel/framework/src/Illuminate/Pipeline/Pipeline.php(209): Inertia/Middleware->handle()
#16 C:/Users/kuldeep/Desktop/Project/sgcsm/vendor/laravel/framework/src/Illuminate/Routing/Middleware/SubstituteBindings.php(51): Illuminate/Pipeline/Pipeline->{closure:{closure:Illuminate/Pipeline/Pipeline::carry():184}:185}()
#17 C:/Users/kuldeep/Desktop/Project/sgcsm/vendor/laravel/framework/src/Illuminate/Pipeline/Pipeline.php(209): Illuminate/Routing/Middleware/SubstituteBindings->handle()
#18 C:/Users/kuldeep/Desktop/Project/sgcsm/vendor/laravel/framework/src/Illuminate/Auth/Middleware/Authenticate.php(64): Illuminate/Pipeline/Pipeline->{closure:{closure:Illuminate/Pipeline/Pipeline::carry():184}:185}()
#19 C:/Users/kuldeep/Desktop/Project/sgcsm/vendor/laravel/framework/src/Illuminate/Pipeline/Pipeline.php(209): Illuminate/Auth/Middleware/Authenticate->handle()
#20 C:/Users/kuldeep/Desktop/Project/sgcsm/vendor/laravel/framework/src/Illuminate/Foundation/Http/Middleware/VerifyCsrfToken.php(88): Illuminate/Pipeline/Pipeline->{closure:{closure:Illuminate/Pipeline/Pipeline::carry():184}:185}()
#21 C:/Users/kuldeep/Desktop/Project/sgcsm/vendor/laravel/framework/src/Illuminate/Pipeline/Pipeline.php(209): Illuminate/Foundation/Http/Middleware/VerifyCsrfToken->handle()
#22 C:/Users/kuldeep/Desktop/Project/sgcsm/vendor/laravel/framework/src/Illuminate/View/Middleware/ShareErrorsFromSession.php(49): Illuminate/Pipeline/Pipeline->{closure:{closure:Illuminate/Pipeline/Pipeline::carry():184}:185}()
#23 C:/Users/kuldeep/Desktop/Project/sgcsm/vendor/laravel/framework/src/Illuminate/Pipeline/Pipeline.php(209): Illuminate/View/Middleware/ShareErrorsFromSession->handle()
#24 C:/Users/kuldeep/Desktop/Project/sgcsm/vendor/laravel/framework/src/Illuminate/Session/Middleware/StartSession.php(121): Illuminate/Pipeline/Pipeline->{closure:{closure:Illuminate/Pipeline/Pipeline::carry():184}:185}()
#25 C:/Users/kuldeep/Desktop/Project/sgcsm/vendor/laravel/framework/src/Illuminate/Session/Middleware/StartSession.php(64): Illuminate/Session/Middleware/StartSession->handleStatefulRequest()
#26 C:/Users/kuldeep/Desktop/Project/sgcsm/vendor/laravel/framework/src/Illuminate/Pipeline/Pipeline.php(209): Illuminate/Session/Middleware/StartSession->handle()
#27 C:/Users/kuldeep/Desktop/Project/sgcsm/vendor/laravel/framework/src/Illuminate/Cookie/Middleware/AddQueuedCookiesToResponse.php(37): Illuminate/Pipeline/Pipeline->{closure:{closure:Illuminate/Pipeline/Pipeline::carry():184}:185}()
#28 C:/Users/kuldeep/Desktop/Project/sgcsm/vendor/laravel/framework/src/Illuminate/Pipeline/Pipeline.php(209): Illuminate/Cookie/Middleware/AddQueuedCookiesToResponse->handle()
#29 C:/Users/kuldeep/Desktop/Project/sgcsm/vendor/laravel/framework/src/Illuminate/Cookie/Middleware/EncryptCookies.php(75): Illuminate/Pipeline/Pipeline->{closure:{closure:Illuminate/Pipeline/Pipeline::carry():184}:185}()
#30 C:/Users/kuldeep/Desktop/Project/sgcsm/vendor/laravel/framework/src/Illuminate/Pipeline/Pipeline.php(209): Illuminate/Cookie/Middleware/EncryptCookies->handle()
#31 C:/Users/kuldeep/Desktop/Project/sgcsm/vendor/laravel/framework/src/Illuminate/Pipeline/Pipeline.php(127): Illuminate/Pipeline/Pipeline->{closure:{closure:Illuminate/Pipeline/Pipeline::carry():184}:185}()
#32 C:/Users/kuldeep/Desktop/Project/sgcsm/vendor/laravel/framework/src/Illuminate/Routing/Router.php(807): Illuminate/Pipeline/Pipeline->then()
#33 C:/Users/kuldeep/Desktop/Project/sgcsm/vendor/laravel/framework/src/Illuminate/Routing/Router.php(786): Illuminate/Routing/Router->runRouteWithinStack()
#34 C:/Users/kuldeep/Desktop/Project/sgcsm/vendor/laravel/framework/src/Illuminate/Routing/Router.php(750): Illuminate/Routing/Router->runRoute()
#35 C:/Users/kuldeep/Desktop/Project/sgcsm/vendor/laravel/framework/src/Illuminate/Routing/Router.php(739): Illuminate/Routing/Router->dispatchToRoute()
#36 C:/Users/kuldeep/Desktop/Project/sgcsm/vendor/laravel/framework/src/Illuminate/Foundation/Http/Kernel.php(201): Illuminate/Routing/Router->dispatch()
#37 C:/Users/kuldeep/Desktop/Project/sgcsm/vendor/laravel/framework/src/Illuminate/Pipeline/Pipeline.php(170): Illuminate/Foundation/Http/Kernel->{closure:Illuminate/Foundation/Http/Kernel::dispatchToRouter():198}()
#38 C:/Users/kuldeep/Desktop/Project/sgcsm/vendor/laravel/framework/src/Illuminate/Foundation/Http/Middleware/TransformsRequest.php(21): Illuminate/Pipeline/Pipeline->{closure:Illuminate/Pipeline/Pipeline::prepareDestination():168}()
#39 C:/Users/kuldeep/Desktop/Project/sgcsm/vendor/laravel/framework/src/Illuminate/Foundation/Http/Middleware/ConvertEmptyStringsToNull.php(31): Illuminate/Foundation/Http/Middleware/TransformsRequest->handle()
#40 C:/Users/kuldeep/Desktop/Project/sgcsm/vendor/laravel/framework/src/Illuminate/Pipeline/Pipeline.php(209): Illuminate/Foundation/Http/Middleware/ConvertEmptyStringsToNull->handle()
#41 C:/Users/kuldeep/Desktop/Project/sgcsm/vendor/laravel/framework/src/Illuminate/Foundation/Http/Middleware/TransformsRequest.php(21): Illuminate/Pipeline/Pipeline->{closure:{closure:Illuminate/Pipeline/Pipeline::carry():184}:185}()
#42 C:/Users/kuldeep/Desktop/Project/sgcsm/vendor/laravel/framework/src/Illuminate/Foundation/Http/Middleware/TrimStrings.php(51): Illuminate/Foundation/Http/Middleware/TransformsRequest->handle()
#43 C:/Users/kuldeep/Desktop/Project/sgcsm/vendor/laravel/framework/src/Illuminate/Pipeline/Pipeline.php(209): Illuminate/Foundation/Http/Middleware/TrimStrings->handle()
#44 C:/Users/kuldeep/Desktop/Project/sgcsm/vendor/laravel/framework/src/Illuminate/Http/Middleware/ValidatePostSize.php(27): Illuminate/Pipeline/Pipeline->{closure:{closure:Illuminate/Pipeline/Pipeline::carry():184}:185}()
#45 C:/Users/kuldeep/Desktop/Project/sgcsm/vendor/laravel/framework/src/Illuminate/Pipeline/Pipeline.php(209): Illuminate/Http/Middleware/ValidatePostSize->handle()
#46 C:/Users/kuldeep/Desktop/Project/sgcsm/vendor/laravel/framework/src/Illuminate/Foundation/Http/Middleware/PreventRequestsDuringMaintenance.php(110): Illuminate/Pipeline/Pipeline->{closure:{closure:Illuminate/Pipeline/Pipeline::carry():184}:185}()
#47 C:/Users/kuldeep/Desktop/Project/sgcsm/vendor/laravel/framework/src/Illuminate/Pipeline/Pipeline.php(209): Illuminate/Foundation/Http/Middleware/PreventRequestsDuringMaintenance->handle()
#48 C:/Users/kuldeep/Desktop/Project/sgcsm/vendor/laravel/framework/src/Illuminate/Http/Middleware/HandleCors.php(49): Illuminate/Pipeline/Pipeline->{closure:{closure:Illuminate/Pipeline/Pipeline::carry():184}:185}()
#49 C:/Users/kuldeep/Desktop/Project/sgcsm/vendor/laravel/framework/src/Illuminate/Pipeline/Pipeline.php(209): Illuminate/Http/Middleware/HandleCors->handle()
#50 C:/Users/kuldeep/Desktop/Project/sgcsm/vendor/laravel/framework/src/Illuminate/Http/Middleware/TrustProxies.php(58): Illuminate/Pipeline/Pipeline->{closure:{closure:Illuminate/Pipeline/Pipeline::carry():184}:185}()
#51 C:/Users/kuldeep/Desktop/Project/sgcsm/vendor/laravel/framework/src/Illuminate/Pipeline/Pipeline.php(209): Illuminate/Http/Middleware/TrustProxies->handle()
#52 C:/Users/kuldeep/Desktop/Project/sgcsm/vendor/laravel/framework/src/Illuminate/Foundation/Http/Middleware/InvokeDeferredCallbacks.php(22): Illuminate/Pipeline/Pipeline->{closure:{closure:Illuminate/Pipeline/Pipeline::carry():184}:185}()
#53 C:/Users/kuldeep/Desktop/Project/sgcsm/vendor/laravel/framework/src/Illuminate/Pipeline/Pipeline.php(209): Illuminate/Foundation/Http/Middleware/InvokeDeferredCallbacks->handle()
#54 C:/Users/kuldeep/Desktop/Project/sgcsm/vendor/laravel/framework/src/Illuminate/Pipeline/Pipeline.php(127): Illuminate/Pipeline/Pipeline->{closure:{closure:Illuminate/Pipeline/Pipeline::carry():184}:185}()
#55 C:/Users/kuldeep/Desktop/Project/sgcsm/vendor/laravel/framework/src/Illuminate/Foundation/Http/Kernel.php(176): Illuminate/Pipeline/Pipeline->then()
#56 C:/Users/kuldeep/Desktop/Project/sgcsm/vendor/laravel/framework/src/Illuminate/Foundation/Http/Kernel.php(145): Illuminate/Foundation/Http/Kernel->sendRequestThroughRouter()
#57 C:/Users/kuldeep/Desktop/Project/sgcsm/vendor/laravel/framework/src/Illuminate/Foundation/Application.php(1220): Illuminate/Foundation/Http/Kernel->handle()
#58 C:/Users/kuldeep/Desktop/Project/sgcsm/public/index.php(17): Illuminate/Foundation/Application->handleRequest()
#59 C:/Users/kuldeep/Desktop/Project/sgcsm/vendor/laravel/framework/src/Illuminate/Foundation/resources/server.php(23): require_once('...')
#60 {main}
"} 
[2026-05-05 08:26:30] local.ERROR: Call to undefined method Illuminate\Database\Eloquent\Builder::query() {"userId":1,"exception":"[object] (BadMethodCallException(code: 0): Call to undefined method Illuminate\\Database\\Eloquent\\Builder::query() at C:/Users/kuldeep/Desktop/Project/sgcsm/vendor/laravel/framework/src/Illuminate/Support/Traits/ForwardsCalls.php:67)
[stacktrace]
#0 C:/Users/kuldeep/Desktop/Project/sgcsm/vendor/laravel/framework/src/Illuminate/Support/Traits/ForwardsCalls.php(36): Illuminate/Database/Eloquent/Builder::throwBadMethodCallException()
#1 C:/Users/kuldeep/Desktop/Project/sgcsm/vendor/laravel/framework/src/Illuminate/Database/Eloquent/Builder.php(2123): Illuminate/Database/Eloquent/Builder->forwardCallTo()
#2 C:/Users/kuldeep/Desktop/Project/sgcsm/app/Http/Controllers/Admin/StudentController.php(25): Illuminate/Database/Eloquent/Builder->__call()
#3 C:/Users/kuldeep/Desktop/Project/sgcsm/vendor/laravel/framework/src/Illuminate/Routing/ControllerDispatcher.php(47): App/Http/Controllers/Admin/StudentController->index()
#4 C:/Users/kuldeep/Desktop/Project/sgcsm/vendor/laravel/framework/src/Illuminate/Routing/Route.php(266): Illuminate/Routing/ControllerDispatcher->dispatch()
#5 C:/Users/kuldeep/Desktop/Project/sgcsm/vendor/laravel/framework/src/Illuminate/Routing/Route.php(212): Illuminate/Routing/Route->runController()
#6 C:/Users/kuldeep/Desktop/Project/sgcsm/vendor/laravel/framework/src/Illuminate/Routing/Router.php(808): Illuminate/Routing/Route->run()
#7 C:/Users/kuldeep/Desktop/Project/sgcsm/vendor/laravel/framework/src/Illuminate/Pipeline/Pipeline.php(170): Illuminate/Routing/Router->{closure:Illuminate/Routing/Router::runRouteWithinStack():807}()
#8 C:/Users/kuldeep/Desktop/Project/sgcsm/app/Http/Middleware/RoleMiddleware.php(26): Illuminate/Pipeline/Pipeline->{closure:Illuminate/Pipeline/Pipeline::prepareDestination():168}()
#9 C:/Users/kuldeep/Desktop/Project/sgcsm/vendor/laravel/framework/src/Illuminate/Pipeline/Pipeline.php(209): App/Http/Middleware/RoleMiddleware->handle()
#10 C:/Users/kuldeep/Desktop/Project/sgcsm/vendor/laravel/framework/src/Illuminate/Auth/Middleware/EnsureEmailIsVerified.php(41): Illuminate/Pipeline/Pipeline->{closure:{closure:Illuminate/Pipeline/Pipeline::carry():184}:185}()
#11 C:/Users/kuldeep/Desktop/Project/sgcsm/vendor/laravel/framework/src/Illuminate/Pipeline/Pipeline.php(209): Illuminate/Auth/Middleware/EnsureEmailIsVerified->handle()
#12 C:/Users/kuldeep/Desktop/Project/sgcsm/vendor/laravel/framework/src/Illuminate/Http/Middleware/AddLinkHeadersForPreloadedAssets.php(20): Illuminate/Pipeline/Pipeline->{closure:{closure:Illuminate/Pipeline/Pipeline::carry():184}:185}()
#13 C:/Users/kuldeep/Desktop/Project/sgcsm/vendor/laravel/framework/src/Illuminate/Pipeline/Pipeline.php(209): Illuminate/Http/Middleware/AddLinkHeadersForPreloadedAssets->handle()
#14 C:/Users/kuldeep/Desktop/Project/sgcsm/vendor/inertiajs/inertia-laravel/src/Middleware.php(122): Illuminate/Pipeline/Pipeline->{closure:{closure:Illuminate/Pipeline/Pipeline::carry():184}:185}()
#15 C:/Users/kuldeep/Desktop/Project/sgcsm/vendor/laravel/framework/src/Illuminate/Pipeline/Pipeline.php(209): Inertia/Middleware->handle()
#16 C:/Users/kuldeep/Desktop/Project/sgcsm/vendor/laravel/framework/src/Illuminate/Routing/Middleware/SubstituteBindings.php(51): Illuminate/Pipeline/Pipeline->{closure:{closure:Illuminate/Pipeline/Pipeline::carry():184}:185}()
#17 C:/Users/kuldeep/Desktop/Project/sgcsm/vendor/laravel/framework/src/Illuminate/Pipeline/Pipeline.php(209): Illuminate/Routing/Middleware/SubstituteBindings->handle()
#18 C:/Users/kuldeep/Desktop/Project/sgcsm/vendor/laravel/framework/src/Illuminate/Auth/Middleware/Authenticate.php(64): Illuminate/Pipeline/Pipeline->{closure:{closure:Illuminate/Pipeline/Pipeline::carry():184}:185}()
#19 C:/Users/kuldeep/Desktop/Project/sgcsm/vendor/laravel/framework/src/Illuminate/Pipeline/Pipeline.php(209): Illuminate/Auth/Middleware/Authenticate->handle()
#20 C:/Users/kuldeep/Desktop/Project/sgcsm/vendor/laravel/framework/src/Illuminate/Foundation/Http/Middleware/VerifyCsrfToken.php(88): Illuminate/Pipeline/Pipeline->{closure:{closure:Illuminate/Pipeline/Pipeline::carry():184}:185}()
#21 C:/Users/kuldeep/Desktop/Project/sgcsm/vendor/laravel/framework/src/Illuminate/Pipeline/Pipeline.php(209): Illuminate/Foundation/Http/Middleware/VerifyCsrfToken->handle()
#22 C:/Users/kuldeep/Desktop/Project/sgcsm/vendor/laravel/framework/src/Illuminate/View/Middleware/ShareErrorsFromSession.php(49): Illuminate/Pipeline/Pipeline->{closure:{closure:Illuminate/Pipeline/Pipeline::carry():184}:185}()
#23 C:/Users/kuldeep/Desktop/Project/sgcsm/vendor/laravel/framework/src/Illuminate/Pipeline/Pipeline.php(209): Illuminate/View/Middleware/ShareErrorsFromSession->handle()
#24 C:/Users/kuldeep/Desktop/Project/sgcsm/vendor/laravel/framework/src/Illuminate/Session/Middleware/StartSession.php(121): Illuminate/Pipeline/Pipeline->{closure:{closure:Illuminate/Pipeline/Pipeline::carry():184}:185}()
#25 C:/Users/kuldeep/Desktop/Project/sgcsm/vendor/laravel/framework/src/Illuminate/Session/Middleware/StartSession.php(64): Illuminate/Session/Middleware/StartSession->handleStatefulRequest()
#26 C:/Users/kuldeep/Desktop/Project/sgcsm/vendor/laravel/framework/src/Illuminate/Pipeline/Pipeline.php(209): Illuminate/Session/Middleware/StartSession->handle()
#27 C:/Users/kuldeep/Desktop/Project/sgcsm/vendor/laravel/framework/src/Illuminate/Cookie/Middleware/AddQueuedCookiesToResponse.php(37): Illuminate/Pipeline/Pipeline->{closure:{closure:Illuminate/Pipeline/Pipeline::carry():184}:185}()
#28 C:/Users/kuldeep/Desktop/Project/sgcsm/vendor/laravel/framework/src/Illuminate/Pipeline/Pipeline.php(209): Illuminate/Cookie/Middleware/AddQueuedCookiesToResponse->handle()
#29 C:/Users/kuldeep/Desktop/Project/sgcsm/vendor/laravel/framework/src/Illuminate/Cookie/Middleware/EncryptCookies.php(75): Illuminate/Pipeline/Pipeline->{closure:{closure:Illuminate/Pipeline/Pipeline::carry():184}:185}()
#30 C:/Users/kuldeep/Desktop/Project/sgcsm/vendor/laravel/framework/src/Illuminate/Pipeline/Pipeline.php(209): Illuminate/Cookie/Middleware/EncryptCookies->handle()
#31 C:/Users/kuldeep/Desktop/Project/sgcsm/vendor/laravel/framework/src/Illuminate/Pipeline/Pipeline.php(127): Illuminate/Pipeline/Pipeline->{closure:{closure:Illuminate/Pipeline/Pipeline::carry():184}:185}()
#32 C:/Users/kuldeep/Desktop/Project/sgcsm/vendor/laravel/framework/src/Illuminate/Routing/Router.php(807): Illuminate/Pipeline/Pipeline->then()
#33 C:/Users/kuldeep/Desktop/Project/sgcsm/vendor/laravel/framework/src/Illuminate/Routing/Router.php(786): Illuminate/Routing/Router->runRouteWithinStack()
#34 C:/Users/kuldeep/Desktop/Project/sgcsm/vendor/laravel/framework/src/Illuminate/Routing/Router.php(750): Illuminate/Routing/Router->runRoute()
#35 C:/Users/kuldeep/Desktop/Project/sgcsm/vendor/laravel/framework/src/Illuminate/Routing/Router.php(739): Illuminate/Routing/Router->dispatchToRoute()
#36 C:/Users/kuldeep/Desktop/Project/sgcsm/vendor/laravel/framework/src/Illuminate/Foundation/Http/Kernel.php(201): Illuminate/Routing/Router->dispatch()
#37 C:/Users/kuldeep/Desktop/Project/sgcsm/vendor/laravel/framework/src/Illuminate/Pipeline/Pipeline.php(170): Illuminate/Foundation/Http/Kernel->{closure:Illuminate/Foundation/Http/Kernel::dispatchToRouter():198}()
#38 C:/Users/kuldeep/Desktop/Project/sgcsm/vendor/laravel/framework/src/Illuminate/Foundation/Http/Middleware/TransformsRequest.php(21): Illuminate/Pipeline/Pipeline->{closure:Illuminate/Pipeline/Pipeline::prepareDestination():168}()
#39 C:/Users/kuldeep/Desktop/Project/sgcsm/vendor/laravel/framework/src/Illuminate/Foundation/Http/Middleware/ConvertEmptyStringsToNull.php(31): Illuminate/Foundation/Http/Middleware/TransformsRequest->handle()
#40 C:/Users/kuldeep/Desktop/Project/sgcsm/vendor/laravel/framework/src/Illuminate/Pipeline/Pipeline.php(209): Illuminate/Foundation/Http/Middleware/ConvertEmptyStringsToNull->handle()
#41 C:/Users/kuldeep/Desktop/Project/sgcsm/vendor/laravel/framework/src/Illuminate/Foundation/Http/Middleware/TransformsRequest.php(21): Illuminate/Pipeline/Pipeline->{closure:{closure:Illuminate/Pipeline/Pipeline::carry():184}:185}()
#42 C:/Users/kuldeep/Desktop/Project/sgcsm/vendor/laravel/framework/src/Illuminate/Foundation/Http/Middleware/TrimStrings.php(51): Illuminate/Foundation/Http/Middleware/TransformsRequest->handle()
#43 C:/Users/kuldeep/Desktop/Project/sgcsm/vendor/laravel/framework/src/Illuminate/Pipeline/Pipeline.php(209): Illuminate/Foundation/Http/Middleware/TrimStrings->handle()
#44 C:/Users/kuldeep/Desktop/Project/sgcsm/vendor/laravel/framework/src/Illuminate/Http/Middleware/ValidatePostSize.php(27): Illuminate/Pipeline/Pipeline->{closure:{closure:Illuminate/Pipeline/Pipeline::carry():184}:185}()
#45 C:/Users/kuldeep/Desktop/Project/sgcsm/vendor/laravel/framework/src/Illuminate/Pipeline/Pipeline.php(209): Illuminate/Http/Middleware/ValidatePostSize->handle()
#46 C:/Users/kuldeep/Desktop/Project/sgcsm/vendor/laravel/framework/src/Illuminate/Foundation/Http/Middleware/PreventRequestsDuringMaintenance.php(110): Illuminate/Pipeline/Pipeline->{closure:{closure:Illuminate/Pipeline/Pipeline::carry():184}:185}()
#47 C:/Users/kuldeep/Desktop/Project/sgcsm/vendor/laravel/framework/src/Illuminate/Pipeline/Pipeline.php(209): Illuminate/Foundation/Http/Middleware/PreventRequestsDuringMaintenance->handle()
#48 C:/Users/kuldeep/Desktop/Project/sgcsm/vendor/laravel/framework/src/Illuminate/Http/Middleware/HandleCors.php(49): Illuminate/Pipeline/Pipeline->{closure:{closure:Illuminate/Pipeline/Pipeline::carry():184}:185}()
#49 C:/Users/kuldeep/Desktop/Project/sgcsm/vendor/laravel/framework/src/Illuminate/Pipeline/Pipeline.php(209): Illuminate/Http/Middleware/HandleCors->handle()
#50 C:/Users/kuldeep/Desktop/Project/sgcsm/vendor/laravel/framework/src/Illuminate/Http/Middleware/TrustProxies.php(58): Illuminate/Pipeline/Pipeline->{closure:{closure:Illuminate/Pipeline/Pipeline::carry():184}:185}()
#51 C:/Users/kuldeep/Desktop/Project/sgcsm/vendor/laravel/framework/src/Illuminate/Pipeline/Pipeline.php(209): Illuminate/Http/Middleware/TrustProxies->handle()
#52 C:/Users/kuldeep/Desktop/Project/sgcsm/vendor/laravel/framework/src/Illuminate/Foundation/Http/Middleware/InvokeDeferredCallbacks.php(22): Illuminate/Pipeline/Pipeline->{closure:{closure:Illuminate/Pipeline/Pipeline::carry():184}:185}()
#53 C:/Users/kuldeep/Desktop/Project/sgcsm/vendor/laravel/framework/src/Illuminate/Pipeline/Pipeline.php(209): Illuminate/Foundation/Http/Middleware/InvokeDeferredCallbacks->handle()
#54 C:/Users/kuldeep/Desktop/Project/sgcsm/vendor/laravel/framework/src/Illuminate/Pipeline/Pipeline.php(127): Illuminate/Pipeline/Pipeline->{closure:{closure:Illuminate/Pipeline/Pipeline::carry():184}:185}()
#55 C:/Users/kuldeep/Desktop/Project/sgcsm/vendor/laravel/framework/src/Illuminate/Foundation/Http/Kernel.php(176): Illuminate/Pipeline/Pipeline->then()
#56 C:/Users/kuldeep/Desktop/Project/sgcsm/vendor/laravel/framework/src/Illuminate/Foundation/Http/Kernel.php(145): Illuminate/Foundation/Http/Kernel->sendRequestThroughRouter()
#57 C:/Users/kuldeep/Desktop/Project/sgcsm/vendor/laravel/framework/src/Illuminate/Foundation/Application.php(1220): Illuminate/Foundation/Http/Kernel->handle()
#58 C:/Users/kuldeep/Desktop/Project/sgcsm/public/index.php(17): Illuminate/Foundation/Application->handleRequest()
#59 C:/Users/kuldeep/Desktop/Project/sgcsm/vendor/laravel/framework/src/Illuminate/Foundation/resources/server.php(23): require_once('...')
#60 {main}
"} 
[2026-05-07 03:49:36] local.ERROR: SQLSTATE[HY000]: General error: 1 no such table: payment_records (Connection: sqlite, SQL: select count(*) as aggregate from "payment_records" where "transaction_no" = Omnis et ex iste com) {"userId":1,"exception":"[object] (Illuminate\\Database\\QueryException(code: HY000): SQLSTATE[HY000]: General error: 1 no such table: payment_records (Connection: sqlite, SQL: select count(*) as aggregate from \"payment_records\" where \"transaction_no\" = Omnis et ex iste com) at C:/Users/kuldeep/Desktop/Project/sgcsm/vendor/laravel/framework/src/Illuminate/Database/Connection.php:825)
[stacktrace]
#0 C:/Users/kuldeep/Desktop/Project/sgcsm/vendor/laravel/framework/src/Illuminate/Database/Connection.php(779): Illuminate/Database/Connection->runQueryCallback()
#1 C:/Users/kuldeep/Desktop/Project/sgcsm/vendor/laravel/framework/src/Illuminate/Database/Connection.php(398): Illuminate/Database/Connection->run()
#2 C:/Users/kuldeep/Desktop/Project/sgcsm/vendor/laravel/framework/src/Illuminate/Database/Query/Builder.php(3106): Illuminate/Database/Connection->select()
#3 C:/Users/kuldeep/Desktop/Project/sgcsm/vendor/laravel/framework/src/Illuminate/Database/Query/Builder.php(3091): Illuminate/Database/Query/Builder->runSelect()
#4 C:/Users/kuldeep/Desktop/Project/sgcsm/vendor/laravel/framework/src/Illuminate/Database/Query/Builder.php(3676): Illuminate/Database/Query/Builder->{closure:Illuminate/Database/Query/Builder::get():3090}()
#5 C:/Users/kuldeep/Desktop/Project/sgcsm/vendor/laravel/framework/src/Illuminate/Database/Query/Builder.php(3090): Illuminate/Database/Query/Builder->onceWithColumns()
#6 C:/Users/kuldeep/Desktop/Project/sgcsm/vendor/laravel/framework/src/Illuminate/Database/Query/Builder.php(3603): Illuminate/Database/Query/Builder->get()
#7 C:/Users/kuldeep/Desktop/Project/sgcsm/vendor/laravel/framework/src/Illuminate/Database/Query/Builder.php(3531): Illuminate/Database/Query/Builder->aggregate()
#8 C:/Users/kuldeep/Desktop/Project/sgcsm/vendor/laravel/framework/src/Illuminate/Validation/DatabasePresenceVerifier.php(54): Illuminate/Database/Query/Builder->count()
#9 C:/Users/kuldeep/Desktop/Project/sgcsm/vendor/laravel/framework/src/Illuminate/Validation/Concerns/ValidatesAttributes.php(1033): Illuminate/Validation/DatabasePresenceVerifier->getCount()
#10 C:/Users/kuldeep/Desktop/Project/sgcsm/vendor/laravel/framework/src/Illuminate/Validation/Validator.php(686): Illuminate/Validation/Validator->validateUnique()
#11 C:/Users/kuldeep/Desktop/Project/sgcsm/vendor/laravel/framework/src/Illuminate/Validation/Validator.php(481): Illuminate/Validation/Validator->validateAttribute()
#12 C:/Users/kuldeep/Desktop/Project/sgcsm/vendor/laravel/framework/src/Illuminate/Validation/Validator.php(516): Illuminate/Validation/Validator->passes()
#13 C:/Users/kuldeep/Desktop/Project/sgcsm/vendor/laravel/framework/src/Illuminate/Validation/ValidatesWhenResolvedTrait.php(31): Illuminate/Validation/Validator->fails()
#14 C:/Users/kuldeep/Desktop/Project/sgcsm/vendor/laravel/framework/src/Illuminate/Foundation/Providers/FormRequestServiceProvider.php(30): Illuminate/Foundation/Http/FormRequest->validateResolved()
#15 C:/Users/kuldeep/Desktop/Project/sgcsm/vendor/laravel/framework/src/Illuminate/Container/Container.php(1432): Illuminate/Foundation/Providers/FormRequestServiceProvider->{closure:Illuminate/Foundation/Providers/FormRequestServiceProvider::boot():29}()
#16 C:/Users/kuldeep/Desktop/Project/sgcsm/vendor/laravel/framework/src/Illuminate/Container/Container.php(1368): Illuminate/Container/Container->fireCallbackArray()
#17 C:/Users/kuldeep/Desktop/Project/sgcsm/vendor/laravel/framework/src/Illuminate/Container/Container.php(1354): Illuminate/Container/Container->fireAfterResolvingCallbacks()
#18 C:/Users/kuldeep/Desktop/Project/sgcsm/vendor/laravel/framework/src/Illuminate/Container/Container.php(850): Illuminate/Container/Container->fireResolvingCallbacks()
#19 C:/Users/kuldeep/Desktop/Project/sgcsm/vendor/laravel/framework/src/Illuminate/Foundation/Application.php(1078): Illuminate/Container/Container->resolve()
#20 C:/Users/kuldeep/Desktop/Project/sgcsm/vendor/laravel/framework/src/Illuminate/Container/Container.php(763): Illuminate/Foundation/Application->resolve()
#21 C:/Users/kuldeep/Desktop/Project/sgcsm/vendor/laravel/framework/src/Illuminate/Foundation/Application.php(1058): Illuminate/Container/Container->make()
#22 C:/Users/kuldeep/Desktop/Project/sgcsm/vendor/laravel/framework/src/Illuminate/Routing/ResolvesRouteDependencies.php(92): Illuminate/Foundation/Application->make()
#23 C:/Users/kuldeep/Desktop/Project/sgcsm/vendor/laravel/framework/src/Illuminate/Routing/ResolvesRouteDependencies.php(51): Illuminate/Routing/ControllerDispatcher->transformDependency()
#24 C:/Users/kuldeep/Desktop/Project/sgcsm/vendor/laravel/framework/src/Illuminate/Routing/ResolvesRouteDependencies.php(30): Illuminate/Routing/ControllerDispatcher->resolveMethodDependencies()
#25 C:/Users/kuldeep/Desktop/Project/sgcsm/vendor/laravel/framework/src/Illuminate/Routing/ControllerDispatcher.php(60): Illuminate/Routing/ControllerDispatcher->resolveClassMethodDependencies()
#26 C:/Users/kuldeep/Desktop/Project/sgcsm/vendor/laravel/framework/src/Illuminate/Routing/ControllerDispatcher.php(41): Illuminate/Routing/ControllerDispatcher->resolveParameters()
#27 C:/Users/kuldeep/Desktop/Project/sgcsm/vendor/laravel/framework/src/Illuminate/Routing/Route.php(266): Illuminate/Routing/ControllerDispatcher->dispatch()
#28 C:/Users/kuldeep/Desktop/Project/sgcsm/vendor/laravel/framework/src/Illuminate/Routing/Route.php(212): Illuminate/Routing/Route->runController()
#29 C:/Users/kuldeep/Desktop/Project/sgcsm/vendor/laravel/framework/src/Illuminate/Routing/Router.php(808): Illuminate/Routing/Route->run()
#30 C:/Users/kuldeep/Desktop/Project/sgcsm/vendor/laravel/framework/src/Illuminate/Pipeline/Pipeline.php(170): Illuminate/Routing/Router->{closure:Illuminate/Routing/Router::runRouteWithinStack():807}()
#31 C:/Users/kuldeep/Desktop/Project/sgcsm/app/Http/Middleware/RoleMiddleware.php(26): Illuminate/Pipeline/Pipeline->{closure:Illuminate/Pipeline/Pipeline::prepareDestination():168}()
#32 C:/Users/kuldeep/Desktop/Project/sgcsm/vendor/laravel/framework/src/Illuminate/Pipeline/Pipeline.php(209): App/Http/Middleware/RoleMiddleware->handle()
#33 C:/Users/kuldeep/Desktop/Project/sgcsm/vendor/laravel/framework/src/Illuminate/Auth/Middleware/EnsureEmailIsVerified.php(41): Illuminate/Pipeline/Pipeline->{closure:{closure:Illuminate/Pipeline/Pipeline::carry():184}:185}()
#34 C:/Users/kuldeep/Desktop/Project/sgcsm/vendor/laravel/framework/src/Illuminate/Pipeline/Pipeline.php(209): Illuminate/Auth/Middleware/EnsureEmailIsVerified->handle()
#35 C:/Users/kuldeep/Desktop/Project/sgcsm/vendor/laravel/framework/src/Illuminate/Http/Middleware/AddLinkHeadersForPreloadedAssets.php(20): Illuminate/Pipeline/Pipeline->{closure:{closure:Illuminate/Pipeline/Pipeline::carry():184}:185}()
#36 C:/Users/kuldeep/Desktop/Project/sgcsm/vendor/laravel/framework/src/Illuminate/Pipeline/Pipeline.php(209): Illuminate/Http/Middleware/AddLinkHeadersForPreloadedAssets->handle()
#37 C:/Users/kuldeep/Desktop/Project/sgcsm/vendor/inertiajs/inertia-laravel/src/Middleware.php(122): Illuminate/Pipeline/Pipeline->{closure:{closure:Illuminate/Pipeline/Pipeline::carry():184}:185}()
#38 C:/Users/kuldeep/Desktop/Project/sgcsm/vendor/laravel/framework/src/Illuminate/Pipeline/Pipeline.php(209): Inertia/Middleware->handle()
#39 C:/Users/kuldeep/Desktop/Project/sgcsm/vendor/laravel/framework/src/Illuminate/Routing/Middleware/SubstituteBindings.php(51): Illuminate/Pipeline/Pipeline->{closure:{closure:Illuminate/Pipeline/Pipeline::carry():184}:185}()
#40 C:/Users/kuldeep/Desktop/Project/sgcsm/vendor/laravel/framework/src/Illuminate/Pipeline/Pipeline.php(209): Illuminate/Routing/Middleware/SubstituteBindings->handle()
#41 C:/Users/kuldeep/Desktop/Project/sgcsm/vendor/laravel/framework/src/Illuminate/Auth/Middleware/Authenticate.php(64): Illuminate/Pipeline/Pipeline->{closure:{closure:Illuminate/Pipeline/Pipeline::carry():184}:185}()
#42 C:/Users/kuldeep/Desktop/Project/sgcsm/vendor/laravel/framework/src/Illuminate/Pipeline/Pipeline.php(209): Illuminate/Auth/Middleware/Authenticate->handle()
#43 C:/Users/kuldeep/Desktop/Project/sgcsm/vendor/laravel/framework/src/Illuminate/Foundation/Http/Middleware/VerifyCsrfToken.php(88): Illuminate/Pipeline/Pipeline->{closure:{closure:Illuminate/Pipeline/Pipeline::carry():184}:185}()
#44 C:/Users/kuldeep/Desktop/Project/sgcsm/vendor/laravel/framework/src/Illuminate/Pipeline/Pipeline.php(209): Illuminate/Foundation/Http/Middleware/VerifyCsrfToken->handle()
#45 C:/Users/kuldeep/Desktop/Project/sgcsm/vendor/laravel/framework/src/Illuminate/View/Middleware/ShareErrorsFromSession.php(49): Illuminate/Pipeline/Pipeline->{closure:{closure:Illuminate/Pipeline/Pipeline::carry():184}:185}()
#46 C:/Users/kuldeep/Desktop/Project/sgcsm/vendor/laravel/framework/src/Illuminate/Pipeline/Pipeline.php(209): Illuminate/View/Middleware/ShareErrorsFromSession->handle()
#47 C:/Users/kuldeep/Desktop/Project/sgcsm/vendor/laravel/framework/src/Illuminate/Session/Middleware/StartSession.php(121): Illuminate/Pipeline/Pipeline->{closure:{closure:Illuminate/Pipeline/Pipeline::carry():184}:185}()
#48 C:/Users/kuldeep/Desktop/Project/sgcsm/vendor/laravel/framework/src/Illuminate/Session/Middleware/StartSession.php(64): Illuminate/Session/Middleware/StartSession->handleStatefulRequest()
#49 C:/Users/kuldeep/Desktop/Project/sgcsm/vendor/laravel/framework/src/Illuminate/Pipeline/Pipeline.php(209): Illuminate/Session/Middleware/StartSession->handle()
#50 C:/Users/kuldeep/Desktop/Project/sgcsm/vendor/laravel/framework/src/Illuminate/Cookie/Middleware/AddQueuedCookiesToResponse.php(37): Illuminate/Pipeline/Pipeline->{closure:{closure:Illuminate/Pipeline/Pipeline::carry():184}:185}()
#51 C:/Users/kuldeep/Desktop/Project/sgcsm/vendor/laravel/framework/src/Illuminate/Pipeline/Pipeline.php(209): Illuminate/Cookie/Middleware/AddQueuedCookiesToResponse->handle()
#52 C:/Users/kuldeep/Desktop/Project/sgcsm/vendor/laravel/framework/src/Illuminate/Cookie/Middleware/EncryptCookies.php(75): Illuminate/Pipeline/Pipeline->{closure:{closure:Illuminate/Pipeline/Pipeline::carry():184}:185}()
#53 C:/Users/kuldeep/Desktop/Project/sgcsm/vendor/laravel/framework/src/Illuminate/Pipeline/Pipeline.php(209): Illuminate/Cookie/Middleware/EncryptCookies->handle()
#54 C:/Users/kuldeep/Desktop/Project/sgcsm/vendor/laravel/framework/src/Illuminate/Pipeline/Pipeline.php(127): Illuminate/Pipeline/Pipeline->{closure:{closure:Illuminate/Pipeline/Pipeline::carry():184}:185}()
#55 C:/Users/kuldeep/Desktop/Project/sgcsm/vendor/laravel/framework/src/Illuminate/Routing/Router.php(807): Illuminate/Pipeline/Pipeline->then()
#56 C:/Users/kuldeep/Desktop/Project/sgcsm/vendor/laravel/framework/src/Illuminate/Routing/Router.php(786): Illuminate/Routing/Router->runRouteWithinStack()
#57 C:/Users/kuldeep/Desktop/Project/sgcsm/vendor/laravel/framework/src/Illuminate/Routing/Router.php(750): Illuminate/Routing/Router->runRoute()
#58 C:/Users/kuldeep/Desktop/Project/sgcsm/vendor/laravel/framework/src/Illuminate/Routing/Router.php(739): Illuminate/Routing/Router->dispatchToRoute()
#59 C:/Users/kuldeep/Desktop/Project/sgcsm/vendor/laravel/framework/src/Illuminate/Foundation/Http/Kernel.php(201): Illuminate/Routing/Router->dispatch()
#60 C:/Users/kuldeep/Desktop/Project/sgcsm/vendor/laravel/framework/src/Illuminate/Pipeline/Pipeline.php(170): Illuminate/Foundation/Http/Kernel->{closure:Illuminate/Foundation/Http/Kernel::dispatchToRouter():198}()
#61 C:/Users/kuldeep/Desktop/Project/sgcsm/vendor/laravel/framework/src/Illuminate/Foundation/Http/Middleware/TransformsRequest.php(21): Illuminate/Pipeline/Pipeline->{closure:Illuminate/Pipeline/Pipeline::prepareDestination():168}()
#62 C:/Users/kuldeep/Desktop/Project/sgcsm/vendor/laravel/framework/src/Illuminate/Foundation/Http/Middleware/ConvertEmptyStringsToNull.php(31): Illuminate/Foundation/Http/Middleware/TransformsRequest->handle()
#63 C:/Users/kuldeep/Desktop/Project/sgcsm/vendor/laravel/framework/src/Illuminate/Pipeline/Pipeline.php(209): Illuminate/Foundation/Http/Middleware/ConvertEmptyStringsToNull->handle()
#64 C:/Users/kuldeep/Desktop/Project/sgcsm/vendor/laravel/framework/src/Illuminate/Foundation/Http/Middleware/TransformsRequest.php(21): Illuminate/Pipeline/Pipeline->{closure:{closure:Illuminate/Pipeline/Pipeline::carry():184}:185}()
#65 C:/Users/kuldeep/Desktop/Project/sgcsm/vendor/laravel/framework/src/Illuminate/Foundation/Http/Middleware/TrimStrings.php(51): Illuminate/Foundation/Http/Middleware/TransformsRequest->handle()
#66 C:/Users/kuldeep/Desktop/Project/sgcsm/vendor/laravel/framework/src/Illuminate/Pipeline/Pipeline.php(209): Illuminate/Foundation/Http/Middleware/TrimStrings->handle()
#67 C:/Users/kuldeep/Desktop/Project/sgcsm/vendor/laravel/framework/src/Illuminate/Http/Middleware/ValidatePostSize.php(27): Illuminate/Pipeline/Pipeline->{closure:{closure:Illuminate/Pipeline/Pipeline::carry():184}:185}()
#68 C:/Users/kuldeep/Desktop/Project/sgcsm/vendor/laravel/framework/src/Illuminate/Pipeline/Pipeline.php(209): Illuminate/Http/Middleware/ValidatePostSize->handle()
#69 C:/Users/kuldeep/Desktop/Project/sgcsm/vendor/laravel/framework/src/Illuminate/Foundation/Http/Middleware/PreventRequestsDuringMaintenance.php(110): Illuminate/Pipeline/Pipeline->{closure:{closure:Illuminate/Pipeline/Pipeline::carry():184}:185}()
#70 C:/Users/kuldeep/Desktop/Project/sgcsm/vendor/laravel/framework/src/Illuminate/Pipeline/Pipeline.php(209): Illuminate/Foundation/Http/Middleware/PreventRequestsDuringMaintenance->handle()
#71 C:/Users/kuldeep/Desktop/Project/sgcsm/vendor/laravel/framework/src/Illuminate/Http/Middleware/HandleCors.php(49): Illuminate/Pipeline/Pipeline->{closure:{closure:Illuminate/Pipeline/Pipeline::carry():184}:185}()
#72 C:/Users/kuldeep/Desktop/Project/sgcsm/vendor/laravel/framework/src/Illuminate/Pipeline/Pipeline.php(209): Illuminate/Http/Middleware/HandleCors->handle()
#73 C:/Users/kuldeep/Desktop/Project/sgcsm/vendor/laravel/framework/src/Illuminate/Http/Middleware/TrustProxies.php(58): Illuminate/Pipeline/Pipeline->{closure:{closure:Illuminate/Pipeline/Pipeline::carry():184}:185}()
#74 C:/Users/kuldeep/Desktop/Project/sgcsm/vendor/laravel/framework/src/Illuminate/Pipeline/Pipeline.php(209): Illuminate/Http/Middleware/TrustProxies->handle()
#75 C:/Users/kuldeep/Desktop/Project/sgcsm/vendor/laravel/framework/src/Illuminate/Foundation/Http/Middleware/InvokeDeferredCallbacks.php(22): Illuminate/Pipeline/Pipeline->{closure:{closure:Illuminate/Pipeline/Pipeline::carry():184}:185}()
#76 C:/Users/kuldeep/Desktop/Project/sgcsm/vendor/laravel/framework/src/Illuminate/Pipeline/Pipeline.php(209): Illuminate/Foundation/Http/Middleware/InvokeDeferredCallbacks->handle()
#77 C:/Users/kuldeep/Desktop/Project/sgcsm/vendor/laravel/framework/src/Illuminate/Pipeline/Pipeline.php(127): Illuminate/Pipeline/Pipeline->{closure:{closure:Illuminate/Pipeline/Pipeline::carry():184}:185}()
#78 C:/Users/kuldeep/Desktop/Project/sgcsm/vendor/laravel/framework/src/Illuminate/Foundation/Http/Kernel.php(176): Illuminate/Pipeline/Pipeline->then()
#79 C:/Users/kuldeep/Desktop/Project/sgcsm/vendor/laravel/framework/src/Illuminate/Foundation/Http/Kernel.php(145): Illuminate/Foundation/Http/Kernel->sendRequestThroughRouter()
#80 C:/Users/kuldeep/Desktop/Project/sgcsm/vendor/laravel/framework/src/Illuminate/Foundation/Application.php(1220): Illuminate/Foundation/Http/Kernel->handle()
#81 C:/Users/kuldeep/Desktop/Project/sgcsm/public/index.php(17): Illuminate/Foundation/Application->handleRequest()
#82 C:/Users/kuldeep/Desktop/Project/sgcsm/vendor/laravel/framework/src/Illuminate/Foundation/resources/server.php(23): require_once('...')
#83 {main}

[previous exception] [object] (PDOException(code: HY000): SQLSTATE[HY000]: General error: 1 no such table: payment_records at C:/Users/kuldeep/Desktop/Project/sgcsm/vendor/laravel/framework/src/Illuminate/Database/Connection.php:407)
[stacktrace]
#0 C:/Users/kuldeep/Desktop/Project/sgcsm/vendor/laravel/framework/src/Illuminate/Database/Connection.php(407): PDO->prepare()
#1 C:/Users/kuldeep/Desktop/Project/sgcsm/vendor/laravel/framework/src/Illuminate/Database/Connection.php(812): Illuminate/Database/Connection->{closure:Illuminate/Database/Connection::select():398}()
#2 C:/Users/kuldeep/Desktop/Project/sgcsm/vendor/laravel/framework/src/Illuminate/Database/Connection.php(779): Illuminate/Database/Connection->runQueryCallback()
#3 C:/Users/kuldeep/Desktop/Project/sgcsm/vendor/laravel/framework/src/Illuminate/Database/Connection.php(398): Illuminate/Database/Connection->run()
#4 C:/Users/kuldeep/Desktop/Project/sgcsm/vendor/laravel/framework/src/Illuminate/Database/Query/Builder.php(3106): Illuminate/Database/Connection->select()
#5 C:/Users/kuldeep/Desktop/Project/sgcsm/vendor/laravel/framework/src/Illuminate/Database/Query/Builder.php(3091): Illuminate/Database/Query/Builder->runSelect()
#6 C:/Users/kuldeep/Desktop/Project/sgcsm/vendor/laravel/framework/src/Illuminate/Database/Query/Builder.php(3676): Illuminate/Database/Query/Builder->{closure:Illuminate/Database/Query/Builder::get():3090}()
#7 C:/Users/kuldeep/Desktop/Project/sgcsm/vendor/laravel/framework/src/Illuminate/Database/Query/Builder.php(3090): Illuminate/Database/Query/Builder->onceWithColumns()
#8 C:/Users/kuldeep/Desktop/Project/sgcsm/vendor/laravel/framework/src/Illuminate/Database/Query/Builder.php(3603): Illuminate/Database/Query/Builder->get()
#9 C:/Users/kuldeep/Desktop/Project/sgcsm/vendor/laravel/framework/src/Illuminate/Database/Query/Builder.php(3531): Illuminate/Database/Query/Builder->aggregate()
#10 C:/Users/kuldeep/Desktop/Project/sgcsm/vendor/laravel/framework/src/Illuminate/Validation/DatabasePresenceVerifier.php(54): Illuminate/Database/Query/Builder->count()
#11 C:/Users/kuldeep/Desktop/Project/sgcsm/vendor/laravel/framework/src/Illuminate/Validation/Concerns/ValidatesAttributes.php(1033): Illuminate/Validation/DatabasePresenceVerifier->getCount()
#12 C:/Users/kuldeep/Desktop/Project/sgcsm/vendor/laravel/framework/src/Illuminate/Validation/Validator.php(686): Illuminate/Validation/Validator->validateUnique()
#13 C:/Users/kuldeep/Desktop/Project/sgcsm/vendor/laravel/framework/src/Illuminate/Validation/Validator.php(481): Illuminate/Validation/Validator->validateAttribute()
#14 C:/Users/kuldeep/Desktop/Project/sgcsm/vendor/laravel/framework/src/Illuminate/Validation/Validator.php(516): Illuminate/Validation/Validator->passes()
#15 C:/Users/kuldeep/Desktop/Project/sgcsm/vendor/laravel/framework/src/Illuminate/Validation/ValidatesWhenResolvedTrait.php(31): Illuminate/Validation/Validator->fails()
#16 C:/Users/kuldeep/Desktop/Project/sgcsm/vendor/laravel/framework/src/Illuminate/Foundation/Providers/FormRequestServiceProvider.php(30): Illuminate/Foundation/Http/FormRequest->validateResolved()
#17 C:/Users/kuldeep/Desktop/Project/sgcsm/vendor/laravel/framework/src/Illuminate/Container/Container.php(1432): Illuminate/Foundation/Providers/FormRequestServiceProvider->{closure:Illuminate/Foundation/Providers/FormRequestServiceProvider::boot():29}()
#18 C:/Users/kuldeep/Desktop/Project/sgcsm/vendor/laravel/framework/src/Illuminate/Container/Container.php(1368): Illuminate/Container/Container->fireCallbackArray()
#19 C:/Users/kuldeep/Desktop/Project/sgcsm/vendor/laravel/framework/src/Illuminate/Container/Container.php(1354): Illuminate/Container/Container->fireAfterResolvingCallbacks()
#20 C:/Users/kuldeep/Desktop/Project/sgcsm/vendor/laravel/framework/src/Illuminate/Container/Container.php(850): Illuminate/Container/Container->fireResolvingCallbacks()
#21 C:/Users/kuldeep/Desktop/Project/sgcsm/vendor/laravel/framework/src/Illuminate/Foundation/Application.php(1078): Illuminate/Container/Container->resolve()
#22 C:/Users/kuldeep/Desktop/Project/sgcsm/vendor/laravel/framework/src/Illuminate/Container/Container.php(763): Illuminate/Foundation/Application->resolve()
#23 C:/Users/kuldeep/Desktop/Project/sgcsm/vendor/laravel/framework/src/Illuminate/Foundation/Application.php(1058): Illuminate/Container/Container->make()
#24 C:/Users/kuldeep/Desktop/Project/sgcsm/vendor/laravel/framework/src/Illuminate/Routing/ResolvesRouteDependencies.php(92): Illuminate/Foundation/Application->make()
#25 C:/Users/kuldeep/Desktop/Project/sgcsm/vendor/laravel/framework/src/Illuminate/Routing/ResolvesRouteDependencies.php(51): Illuminate/Routing/ControllerDispatcher->transformDependency()
#26 C:/Users/kuldeep/Desktop/Project/sgcsm/vendor/laravel/framework/src/Illuminate/Routing/ResolvesRouteDependencies.php(30): Illuminate/Routing/ControllerDispatcher->resolveMethodDependencies()
#27 C:/Users/kuldeep/Desktop/Project/sgcsm/vendor/laravel/framework/src/Illuminate/Routing/ControllerDispatcher.php(60): Illuminate/Routing/ControllerDispatcher->resolveClassMethodDependencies()
#28 C:/Users/kuldeep/Desktop/Project/sgcsm/vendor/laravel/framework/src/Illuminate/Routing/ControllerDispatcher.php(41): Illuminate/Routing/ControllerDispatcher->resolveParameters()
#29 C:/Users/kuldeep/Desktop/Project/sgcsm/vendor/laravel/framework/src/Illuminate/Routing/Route.php(266): Illuminate/Routing/ControllerDispatcher->dispatch()
#30 C:/Users/kuldeep/Desktop/Project/sgcsm/vendor/laravel/framework/src/Illuminate/Routing/Route.php(212): Illuminate/Routing/Route->runController()
#31 C:/Users/kuldeep/Desktop/Project/sgcsm/vendor/laravel/framework/src/Illuminate/Routing/Router.php(808): Illuminate/Routing/Route->run()
#32 C:/Users/kuldeep/Desktop/Project/sgcsm/vendor/laravel/framework/src/Illuminate/Pipeline/Pipeline.php(170): Illuminate/Routing/Router->{closure:Illuminate/Routing/Router::runRouteWithinStack():807}()
#33 C:/Users/kuldeep/Desktop/Project/sgcsm/app/Http/Middleware/RoleMiddleware.php(26): Illuminate/Pipeline/Pipeline->{closure:Illuminate/Pipeline/Pipeline::prepareDestination():168}()
#34 C:/Users/kuldeep/Desktop/Project/sgcsm/vendor/laravel/framework/src/Illuminate/Pipeline/Pipeline.php(209): App/Http/Middleware/RoleMiddleware->handle()
#35 C:/Users/kuldeep/Desktop/Project/sgcsm/vendor/laravel/framework/src/Illuminate/Auth/Middleware/EnsureEmailIsVerified.php(41): Illuminate/Pipeline/Pipeline->{closure:{closure:Illuminate/Pipeline/Pipeline::carry():184}:185}()
#36 C:/Users/kuldeep/Desktop/Project/sgcsm/vendor/laravel/framework/src/Illuminate/Pipeline/Pipeline.php(209): Illuminate/Auth/Middleware/EnsureEmailIsVerified->handle()
#37 C:/Users/kuldeep/Desktop/Project/sgcsm/vendor/laravel/framework/src/Illuminate/Http/Middleware/AddLinkHeadersForPreloadedAssets.php(20): Illuminate/Pipeline/Pipeline->{closure:{closure:Illuminate/Pipeline/Pipeline::carry():184}:185}()
#38 C:/Users/kuldeep/Desktop/Project/sgcsm/vendor/laravel/framework/src/Illuminate/Pipeline/Pipeline.php(209): Illuminate/Http/Middleware/AddLinkHeadersForPreloadedAssets->handle()
#39 C:/Users/kuldeep/Desktop/Project/sgcsm/vendor/inertiajs/inertia-laravel/src/Middleware.php(122): Illuminate/Pipeline/Pipeline->{closure:{closure:Illuminate/Pipeline/Pipeline::carry():184}:185}()
#40 C:/Users/kuldeep/Desktop/Project/sgcsm/vendor/laravel/framework/src/Illuminate/Pipeline/Pipeline.php(209): Inertia/Middleware->handle()
#41 C:/Users/kuldeep/Desktop/Project/sgcsm/vendor/laravel/framework/src/Illuminate/Routing/Middleware/SubstituteBindings.php(51): Illuminate/Pipeline/Pipeline->{closure:{closure:Illuminate/Pipeline/Pipeline::carry():184}:185}()
#42 C:/Users/kuldeep/Desktop/Project/sgcsm/vendor/laravel/framework/src/Illuminate/Pipeline/Pipeline.php(209): Illuminate/Routing/Middleware/SubstituteBindings->handle()
#43 C:/Users/kuldeep/Desktop/Project/sgcsm/vendor/laravel/framework/src/Illuminate/Auth/Middleware/Authenticate.php(64): Illuminate/Pipeline/Pipeline->{closure:{closure:Illuminate/Pipeline/Pipeline::carry():184}:185}()
#44 C:/Users/kuldeep/Desktop/Project/sgcsm/vendor/laravel/framework/src/Illuminate/Pipeline/Pipeline.php(209): Illuminate/Auth/Middleware/Authenticate->handle()
#45 C:/Users/kuldeep/Desktop/Project/sgcsm/vendor/laravel/framework/src/Illuminate/Foundation/Http/Middleware/VerifyCsrfToken.php(88): Illuminate/Pipeline/Pipeline->{closure:{closure:Illuminate/Pipeline/Pipeline::carry():184}:185}()
#46 C:/Users/kuldeep/Desktop/Project/sgcsm/vendor/laravel/framework/src/Illuminate/Pipeline/Pipeline.php(209): Illuminate/Foundation/Http/Middleware/VerifyCsrfToken->handle()
#47 C:/Users/kuldeep/Desktop/Project/sgcsm/vendor/laravel/framework/src/Illuminate/View/Middleware/ShareErrorsFromSession.php(49): Illuminate/Pipeline/Pipeline->{closure:{closure:Illuminate/Pipeline/Pipeline::carry():184}:185}()
#48 C:/Users/kuldeep/Desktop/Project/sgcsm/vendor/laravel/framework/src/Illuminate/Pipeline/Pipeline.php(209): Illuminate/View/Middleware/ShareErrorsFromSession->handle()
#49 C:/Users/kuldeep/Desktop/Project/sgcsm/vendor/laravel/framework/src/Illuminate/Session/Middleware/StartSession.php(121): Illuminate/Pipeline/Pipeline->{closure:{closure:Illuminate/Pipeline/Pipeline::carry():184}:185}()
#50 C:/Users/kuldeep/Desktop/Project/sgcsm/vendor/laravel/framework/src/Illuminate/Session/Middleware/StartSession.php(64): Illuminate/Session/Middleware/StartSession->handleStatefulRequest()
#51 C:/Users/kuldeep/Desktop/Project/sgcsm/vendor/laravel/framework/src/Illuminate/Pipeline/Pipeline.php(209): Illuminate/Session/Middleware/StartSession->handle()
#52 C:/Users/kuldeep/Desktop/Project/sgcsm/vendor/laravel/framework/src/Illuminate/Cookie/Middleware/AddQueuedCookiesToResponse.php(37): Illuminate/Pipeline/Pipeline->{closure:{closure:Illuminate/Pipeline/Pipeline::carry():184}:185}()
#53 C:/Users/kuldeep/Desktop/Project/sgcsm/vendor/laravel/framework/src/Illuminate/Pipeline/Pipeline.php(209): Illuminate/Cookie/Middleware/AddQueuedCookiesToResponse->handle()
#54 C:/Users/kuldeep/Desktop/Project/sgcsm/vendor/laravel/framework/src/Illuminate/Cookie/Middleware/EncryptCookies.php(75): Illuminate/Pipeline/Pipeline->{closure:{closure:Illuminate/Pipeline/Pipeline::carry():184}:185}()
#55 C:/Users/kuldeep/Desktop/Project/sgcsm/vendor/laravel/framework/src/Illuminate/Pipeline/Pipeline.php(209): Illuminate/Cookie/Middleware/EncryptCookies->handle()
#56 C:/Users/kuldeep/Desktop/Project/sgcsm/vendor/laravel/framework/src/Illuminate/Pipeline/Pipeline.php(127): Illuminate/Pipeline/Pipeline->{closure:{closure:Illuminate/Pipeline/Pipeline::carry():184}:185}()
#57 C:/Users/kuldeep/Desktop/Project/sgcsm/vendor/laravel/framework/src/Illuminate/Routing/Router.php(807): Illuminate/Pipeline/Pipeline->then()
#58 C:/Users/kuldeep/Desktop/Project/sgcsm/vendor/laravel/framework/src/Illuminate/Routing/Router.php(786): Illuminate/Routing/Router->runRouteWithinStack()
#59 C:/Users/kuldeep/Desktop/Project/sgcsm/vendor/laravel/framework/src/Illuminate/Routing/Router.php(750): Illuminate/Routing/Router->runRoute()
#60 C:/Users/kuldeep/Desktop/Project/sgcsm/vendor/laravel/framework/src/Illuminate/Routing/Router.php(739): Illuminate/Routing/Router->dispatchToRoute()
#61 C:/Users/kuldeep/Desktop/Project/sgcsm/vendor/laravel/framework/src/Illuminate/Foundation/Http/Kernel.php(201): Illuminate/Routing/Router->dispatch()
#62 C:/Users/kuldeep/Desktop/Project/sgcsm/vendor/laravel/framework/src/Illuminate/Pipeline/Pipeline.php(170): Illuminate/Foundation/Http/Kernel->{closure:Illuminate/Foundation/Http/Kernel::dispatchToRouter():198}()
#63 C:/Users/kuldeep/Desktop/Project/sgcsm/vendor/laravel/framework/src/Illuminate/Foundation/Http/Middleware/TransformsRequest.php(21): Illuminate/Pipeline/Pipeline->{closure:Illuminate/Pipeline/Pipeline::prepareDestination():168}()
#64 C:/Users/kuldeep/Desktop/Project/sgcsm/vendor/laravel/framework/src/Illuminate/Foundation/Http/Middleware/ConvertEmptyStringsToNull.php(31): Illuminate/Foundation/Http/Middleware/TransformsRequest->handle()
#65 C:/Users/kuldeep/Desktop/Project/sgcsm/vendor/laravel/framework/src/Illuminate/Pipeline/Pipeline.php(209): Illuminate/Foundation/Http/Middleware/ConvertEmptyStringsToNull->handle()
#66 C:/Users/kuldeep/Desktop/Project/sgcsm/vendor/laravel/framework/src/Illuminate/Foundation/Http/Middleware/TransformsRequest.php(21): Illuminate/Pipeline/Pipeline->{closure:{closure:Illuminate/Pipeline/Pipeline::carry():184}:185}()
#67 C:/Users/kuldeep/Desktop/Project/sgcsm/vendor/laravel/framework/src/Illuminate/Foundation/Http/Middleware/TrimStrings.php(51): Illuminate/Foundation/Http/Middleware/TransformsRequest->handle()
#68 C:/Users/kuldeep/Desktop/Project/sgcsm/vendor/laravel/framework/src/Illuminate/Pipeline/Pipeline.php(209): Illuminate/Foundation/Http/Middleware/TrimStrings->handle()
#69 C:/Users/kuldeep/Desktop/Project/sgcsm/vendor/laravel/framework/src/Illuminate/Http/Middleware/ValidatePostSize.php(27): Illuminate/Pipeline/Pipeline->{closure:{closure:Illuminate/Pipeline/Pipeline::carry():184}:185}()
#70 C:/Users/kuldeep/Desktop/Project/sgcsm/vendor/laravel/framework/src/Illuminate/Pipeline/Pipeline.php(209): Illuminate/Http/Middleware/ValidatePostSize->handle()
#71 C:/Users/kuldeep/Desktop/Project/sgcsm/vendor/laravel/framework/src/Illuminate/Foundation/Http/Middleware/PreventRequestsDuringMaintenance.php(110): Illuminate/Pipeline/Pipeline->{closure:{closure:Illuminate/Pipeline/Pipeline::carry():184}:185}()
#72 C:/Users/kuldeep/Desktop/Project/sgcsm/vendor/laravel/framework/src/Illuminate/Pipeline/Pipeline.php(209): Illuminate/Foundation/Http/Middleware/PreventRequestsDuringMaintenance->handle()
#73 C:/Users/kuldeep/Desktop/Project/sgcsm/vendor/laravel/framework/src/Illuminate/Http/Middleware/HandleCors.php(49): Illuminate/Pipeline/Pipeline->{closure:{closure:Illuminate/Pipeline/Pipeline::carry():184}:185}()
#74 C:/Users/kuldeep/Desktop/Project/sgcsm/vendor/laravel/framework/src/Illuminate/Pipeline/Pipeline.php(209): Illuminate/Http/Middleware/HandleCors->handle()
#75 C:/Users/kuldeep/Desktop/Project/sgcsm/vendor/laravel/framework/src/Illuminate/Http/Middleware/TrustProxies.php(58): Illuminate/Pipeline/Pipeline->{closure:{closure:Illuminate/Pipeline/Pipeline::carry():184}:185}()
#76 C:/Users/kuldeep/Desktop/Project/sgcsm/vendor/laravel/framework/src/Illuminate/Pipeline/Pipeline.php(209): Illuminate/Http/Middleware/TrustProxies->handle()
#77 C:/Users/kuldeep/Desktop/Project/sgcsm/vendor/laravel/framework/src/Illuminate/Foundation/Http/Middleware/InvokeDeferredCallbacks.php(22): Illuminate/Pipeline/Pipeline->{closure:{closure:Illuminate/Pipeline/Pipeline::carry():184}:185}()
#78 C:/Users/kuldeep/Desktop/Project/sgcsm/vendor/laravel/framework/src/Illuminate/Pipeline/Pipeline.php(209): Illuminate/Foundation/Http/Middleware/InvokeDeferredCallbacks->handle()
#79 C:/Users/kuldeep/Desktop/Project/sgcsm/vendor/laravel/framework/src/Illuminate/Pipeline/Pipeline.php(127): Illuminate/Pipeline/Pipeline->{closure:{closure:Illuminate/Pipeline/Pipeline::carry():184}:185}()
#80 C:/Users/kuldeep/Desktop/Project/sgcsm/vendor/laravel/framework/src/Illuminate/Foundation/Http/Kernel.php(176): Illuminate/Pipeline/Pipeline->then()
#81 C:/Users/kuldeep/Desktop/Project/sgcsm/vendor/laravel/framework/src/Illuminate/Foundation/Http/Kernel.php(145): Illuminate/Foundation/Http/Kernel->sendRequestThroughRouter()
#82 C:/Users/kuldeep/Desktop/Project/sgcsm/vendor/laravel/framework/src/Illuminate/Foundation/Application.php(1220): Illuminate/Foundation/Http/Kernel->handle()
#83 C:/Users/kuldeep/Desktop/Project/sgcsm/public/index.php(17): Illuminate/Foundation/Application->handleRequest()
#84 C:/Users/kuldeep/Desktop/Project/sgcsm/vendor/laravel/framework/src/Illuminate/Foundation/resources/server.php(23): require_once('...')
#85 {main}
"} 
[2026-05-07 03:49:44] local.ERROR: Method Illuminate\Database\Schema\Blueprint::status does not exist. {"exception":"[object] (BadMethodCallException(code: 0): Method Illuminate\\Database\\Schema\\Blueprint::status does not exist. at C:/Users/kuldeep/Desktop/Project/sgcsm/vendor/laravel/framework/src/Illuminate/Macroable/Traits/Macroable.php:115)
[stacktrace]
#0 C:/Users/kuldeep/Desktop/Project/sgcsm/database/migrations/2026_05_06_111614_create_payment_records_table.php(19): Illuminate/Database/Schema/Blueprint->__call()
#1 C:/Users/kuldeep/Desktop/Project/sgcsm/vendor/laravel/framework/src/Illuminate/Database/Schema/Builder.php(421): Illuminate/Database/Migrations/Migration@anonymous->{closure:Illuminate/Database/Migrations/Migration@anonymous()
#2 C:/Users/kuldeep/Desktop/Project/sgcsm/vendor/laravel/framework/src/Illuminate/Support/helpers.php(399): Illuminate/Database/Schema/Builder->{closure:Illuminate/Database/Schema/Builder::create():418}()
#3 C:/Users/kuldeep/Desktop/Project/sgcsm/vendor/laravel/framework/src/Illuminate/Database/Schema/Builder.php(418): tap()
#4 C:/Users/kuldeep/Desktop/Project/sgcsm/vendor/laravel/framework/src/Illuminate/Support/Facades/Facade.php(361): Illuminate/Database/Schema/Builder->create()
#5 C:/Users/kuldeep/Desktop/Project/sgcsm/database/migrations/2026_05_06_111614_create_payment_records_table.php(14): Illuminate/Support/Facades/Facade::__callStatic()
#6 C:/Users/kuldeep/Desktop/Project/sgcsm/vendor/laravel/framework/src/Illuminate/Database/Migrations/Migrator.php(507): Illuminate/Database/Migrations/Migration@anonymous->up()
#7 C:/Users/kuldeep/Desktop/Project/sgcsm/vendor/laravel/framework/src/Illuminate/Database/Migrations/Migrator.php(432): Illuminate/Database/Migrations/Migrator->runMethod()
#8 C:/Users/kuldeep/Desktop/Project/sgcsm/vendor/laravel/framework/src/Illuminate/Database/Migrations/Migrator.php(441): Illuminate/Database/Migrations/Migrator->{closure:Illuminate/Database/Migrations/Migrator::runMigration():428}()
#9 C:/Users/kuldeep/Desktop/Project/sgcsm/vendor/laravel/framework/src/Illuminate/Database/Migrations/Migrator.php(244): Illuminate/Database/Migrations/Migrator->runMigration()
#10 C:/Users/kuldeep/Desktop/Project/sgcsm/vendor/laravel/framework/src/Illuminate/Console/View/Components/Task.php(40): Illuminate/Database/Migrations/Migrator->{closure:Illuminate/Database/Migrations/Migrator::runUp():244}()
#11 C:/Users/kuldeep/Desktop/Project/sgcsm/vendor/laravel/framework/src/Illuminate/Database/Migrations/Migrator.php(798): Illuminate/Console/View/Components/Task->render()
#12 C:/Users/kuldeep/Desktop/Project/sgcsm/vendor/laravel/framework/src/Illuminate/Database/Migrations/Migrator.php(244): Illuminate/Database/Migrations/Migrator->write()
#13 C:/Users/kuldeep/Desktop/Project/sgcsm/vendor/laravel/framework/src/Illuminate/Database/Migrations/Migrator.php(211): Illuminate/Database/Migrations/Migrator->runUp()
#14 C:/Users/kuldeep/Desktop/Project/sgcsm/vendor/laravel/framework/src/Illuminate/Database/Migrations/Migrator.php(138): Illuminate/Database/Migrations/Migrator->runPending()
#15 C:/Users/kuldeep/Desktop/Project/sgcsm/vendor/laravel/framework/src/Illuminate/Database/Console/Migrations/MigrateCommand.php(117): Illuminate/Database/Migrations/Migrator->run()
#16 C:/Users/kuldeep/Desktop/Project/sgcsm/vendor/laravel/framework/src/Illuminate/Database/Migrations/Migrator.php(658): Illuminate/Database/Console/Migrations/MigrateCommand->{closure:Illuminate/Database/Console/Migrations/MigrateCommand::runMigrations():110}()
#17 C:/Users/kuldeep/Desktop/Project/sgcsm/vendor/laravel/framework/src/Illuminate/Database/Console/Migrations/MigrateCommand.php(110): Illuminate/Database/Migrations/Migrator->usingConnection()
#18 C:/Users/kuldeep/Desktop/Project/sgcsm/vendor/laravel/framework/src/Illuminate/Database/Console/Migrations/MigrateCommand.php(89): Illuminate/Database/Console/Migrations/MigrateCommand->runMigrations()
#19 C:/Users/kuldeep/Desktop/Project/sgcsm/vendor/laravel/framework/src/Illuminate/Container/BoundMethod.php(36): Illuminate/Database/Console/Migrations/MigrateCommand->handle()
#20 C:/Users/kuldeep/Desktop/Project/sgcsm/vendor/laravel/framework/src/Illuminate/Container/Util.php(43): Illuminate/Container/BoundMethod::{closure:Illuminate/Container/BoundMethod::call():35}()
#21 C:/Users/kuldeep/Desktop/Project/sgcsm/vendor/laravel/framework/src/Illuminate/Container/BoundMethod.php(95): Illuminate/Container/Util::unwrapIfClosure()
#22 C:/Users/kuldeep/Desktop/Project/sgcsm/vendor/laravel/framework/src/Illuminate/Container/BoundMethod.php(35): Illuminate/Container/BoundMethod::callBoundMethod()
#23 C:/Users/kuldeep/Desktop/Project/sgcsm/vendor/laravel/framework/src/Illuminate/Container/Container.php(696): Illuminate/Container/BoundMethod::call()
#24 C:/Users/kuldeep/Desktop/Project/sgcsm/vendor/laravel/framework/src/Illuminate/Console/Command.php(213): Illuminate/Container/Container->call()
#25 C:/Users/kuldeep/Desktop/Project/sgcsm/vendor/symfony/console/Command/Command.php(341): Illuminate/Console/Command->execute()
#26 C:/Users/kuldeep/Desktop/Project/sgcsm/vendor/laravel/framework/src/Illuminate/Console/Command.php(182): Symfony/Component/Console/Command/Command->run()
#27 C:/Users/kuldeep/Desktop/Project/sgcsm/vendor/symfony/console/Application.php(1117): Illuminate/Console/Command->run()
#28 C:/Users/kuldeep/Desktop/Project/sgcsm/vendor/symfony/console/Application.php(356): Symfony/Component/Console/Application->doRunCommand()
#29 C:/Users/kuldeep/Desktop/Project/sgcsm/vendor/symfony/console/Application.php(195): Symfony/Component/Console/Application->doRun()
#30 C:/Users/kuldeep/Desktop/Project/sgcsm/vendor/laravel/framework/src/Illuminate/Foundation/Console/Kernel.php(198): Symfony/Component/Console/Application->run()
#31 C:/Users/kuldeep/Desktop/Project/sgcsm/vendor/laravel/framework/src/Illuminate/Foundation/Application.php(1235): Illuminate/Foundation/Console/Kernel->handle()
#32 C:/Users/kuldeep/Desktop/Project/sgcsm/artisan(13): Illuminate/Foundation/Application->handleCommand()
#33 {main}
"} 
[2026-05-07 04:13:14] local.ERROR: The "--table" option does not exist. {"exception":"[object] (Symfony\\Component\\Console\\Exception\\RuntimeException(code: 0): The \"--table\" option does not exist. at C:/Users/kuldeep/Desktop/Project/sgcsm/vendor/symfony/console/Input/ArgvInput.php:226)
[stacktrace]
#0 C:/Users/kuldeep/Desktop/Project/sgcsm/vendor/symfony/console/Input/ArgvInput.php(153): Symfony/Component/Console/Input/ArgvInput->addLongOption()
#1 C:/Users/kuldeep/Desktop/Project/sgcsm/vendor/symfony/console/Input/ArgvInput.php(88): Symfony/Component/Console/Input/ArgvInput->parseLongOption()
#2 C:/Users/kuldeep/Desktop/Project/sgcsm/vendor/symfony/console/Input/ArgvInput.php(77): Symfony/Component/Console/Input/ArgvInput->parseToken()
#3 C:/Users/kuldeep/Desktop/Project/sgcsm/vendor/symfony/console/Input/Input.php(53): Symfony/Component/Console/Input/ArgvInput->parse()
#4 C:/Users/kuldeep/Desktop/Project/sgcsm/vendor/symfony/console/Command/Command.php(295): Symfony/Component/Console/Input/Input->bind()
#5 C:/Users/kuldeep/Desktop/Project/sgcsm/vendor/laravel/framework/src/Illuminate/Console/Command.php(182): Symfony/Component/Console/Command/Command->run()
#6 C:/Users/kuldeep/Desktop/Project/sgcsm/vendor/symfony/console/Application.php(1117): Illuminate/Console/Command->run()
#7 C:/Users/kuldeep/Desktop/Project/sgcsm/vendor/symfony/console/Application.php(356): Symfony/Component/Console/Application->doRunCommand()
#8 C:/Users/kuldeep/Desktop/Project/sgcsm/vendor/symfony/console/Application.php(195): Symfony/Component/Console/Application->doRun()
#9 C:/Users/kuldeep/Desktop/Project/sgcsm/vendor/laravel/framework/src/Illuminate/Foundation/Console/Kernel.php(198): Symfony/Component/Console/Application->run()
#10 C:/Users/kuldeep/Desktop/Project/sgcsm/vendor/laravel/framework/src/Illuminate/Foundation/Application.php(1235): Illuminate/Foundation/Console/Kernel->handle()
#11 C:/Users/kuldeep/Desktop/Project/sgcsm/artisan(13): Illuminate/Foundation/Application->handleCommand()
#12 {main}
"} 
[2026-05-07 05:14:52] local.ERROR: Too few arguments to function App\Policies\InstitutePolicy::update(), 1 passed in C:\Users\kuldeep\Desktop\Project\sgcsm\vendor\laravel\framework\src\Illuminate\Auth\Access\Gate.php on line 816 and exactly 2 expected {"userId":1,"exception":"[object] (ArgumentCountError(code: 0): Too few arguments to function App\\Policies\\InstitutePolicy::update(), 1 passed in C:\\Users\\kuldeep\\Desktop\\Project\\sgcsm\\vendor\\laravel\\framework\\src\\Illuminate\\Auth\\Access\\Gate.php on line 816 and exactly 2 expected at C:/Users/kuldeep/Desktop/Project/sgcsm/app/Policies/InstitutePolicy.php:38)
[stacktrace]
#0 C:/Users/kuldeep/Desktop/Project/sgcsm/vendor/laravel/framework/src/Illuminate/Auth/Access/Gate.php(816): App/Policies/InstitutePolicy->update()
#1 C:/Users/kuldeep/Desktop/Project/sgcsm/vendor/laravel/framework/src/Illuminate/Auth/Access/Gate.php(769): Illuminate/Auth/Access/Gate->callPolicyMethod()
#2 C:/Users/kuldeep/Desktop/Project/sgcsm/vendor/laravel/framework/src/Illuminate/Auth/Access/Gate.php(553): Illuminate/Auth/Access/Gate->{closure:Illuminate/Auth/Access/Gate::resolvePolicyCallback():752}()
#3 C:/Users/kuldeep/Desktop/Project/sgcsm/vendor/laravel/framework/src/Illuminate/Auth/Access/Gate.php(448): Illuminate/Auth/Access/Gate->callAuthCallback()
#4 C:/Users/kuldeep/Desktop/Project/sgcsm/vendor/laravel/framework/src/Illuminate/Auth/Access/Gate.php(411): Illuminate/Auth/Access/Gate->raw()
#5 C:/Users/kuldeep/Desktop/Project/sgcsm/vendor/laravel/framework/src/Illuminate/Auth/Access/Gate.php(398): Illuminate/Auth/Access/Gate->inspect()
#6 C:/Users/kuldeep/Desktop/Project/sgcsm/vendor/laravel/framework/src/Illuminate/Support/Facades/Facade.php(361): Illuminate/Auth/Access/Gate->authorize()
#7 C:/Users/kuldeep/Desktop/Project/sgcsm/app/Http/Controllers/Admin/InstituteController.php(116): Illuminate/Support/Facades/Facade::__callStatic()
#8 C:/Users/kuldeep/Desktop/Project/sgcsm/vendor/laravel/framework/src/Illuminate/Routing/ControllerDispatcher.php(47): App/Http/Controllers/Admin/InstituteController->edit()
#9 C:/Users/kuldeep/Desktop/Project/sgcsm/vendor/laravel/framework/src/Illuminate/Routing/Route.php(266): Illuminate/Routing/ControllerDispatcher->dispatch()
#10 C:/Users/kuldeep/Desktop/Project/sgcsm/vendor/laravel/framework/src/Illuminate/Routing/Route.php(212): Illuminate/Routing/Route->runController()
#11 C:/Users/kuldeep/Desktop/Project/sgcsm/vendor/laravel/framework/src/Illuminate/Routing/Router.php(808): Illuminate/Routing/Route->run()
#12 C:/Users/kuldeep/Desktop/Project/sgcsm/vendor/laravel/framework/src/Illuminate/Pipeline/Pipeline.php(170): Illuminate/Routing/Router->{closure:Illuminate/Routing/Router::runRouteWithinStack():807}()
#13 C:/Users/kuldeep/Desktop/Project/sgcsm/app/Http/Middleware/RoleMiddleware.php(26): Illuminate/Pipeline/Pipeline->{closure:Illuminate/Pipeline/Pipeline::prepareDestination():168}()
#14 C:/Users/kuldeep/Desktop/Project/sgcsm/vendor/laravel/framework/src/Illuminate/Pipeline/Pipeline.php(209): App/Http/Middleware/RoleMiddleware->handle()
#15 C:/Users/kuldeep/Desktop/Project/sgcsm/vendor/laravel/framework/src/Illuminate/Auth/Middleware/EnsureEmailIsVerified.php(41): Illuminate/Pipeline/Pipeline->{closure:{closure:Illuminate/Pipeline/Pipeline::carry():184}:185}()
#16 C:/Users/kuldeep/Desktop/Project/sgcsm/vendor/laravel/framework/src/Illuminate/Pipeline/Pipeline.php(209): Illuminate/Auth/Middleware/EnsureEmailIsVerified->handle()
#17 C:/Users/kuldeep/Desktop/Project/sgcsm/vendor/laravel/framework/src/Illuminate/Http/Middleware/AddLinkHeadersForPreloadedAssets.php(20): Illuminate/Pipeline/Pipeline->{closure:{closure:Illuminate/Pipeline/Pipeline::carry():184}:185}()
#18 C:/Users/kuldeep/Desktop/Project/sgcsm/vendor/laravel/framework/src/Illuminate/Pipeline/Pipeline.php(209): Illuminate/Http/Middleware/AddLinkHeadersForPreloadedAssets->handle()
#19 C:/Users/kuldeep/Desktop/Project/sgcsm/vendor/inertiajs/inertia-laravel/src/Middleware.php(122): Illuminate/Pipeline/Pipeline->{closure:{closure:Illuminate/Pipeline/Pipeline::carry():184}:185}()
#20 C:/Users/kuldeep/Desktop/Project/sgcsm/vendor/laravel/framework/src/Illuminate/Pipeline/Pipeline.php(209): Inertia/Middleware->handle()
#21 C:/Users/kuldeep/Desktop/Project/sgcsm/vendor/laravel/framework/src/Illuminate/Routing/Middleware/SubstituteBindings.php(51): Illuminate/Pipeline/Pipeline->{closure:{closure:Illuminate/Pipeline/Pipeline::carry():184}:185}()
#22 C:/Users/kuldeep/Desktop/Project/sgcsm/vendor/laravel/framework/src/Illuminate/Pipeline/Pipeline.php(209): Illuminate/Routing/Middleware/SubstituteBindings->handle()
#23 C:/Users/kuldeep/Desktop/Project/sgcsm/vendor/laravel/framework/src/Illuminate/Auth/Middleware/Authenticate.php(64): Illuminate/Pipeline/Pipeline->{closure:{closure:Illuminate/Pipeline/Pipeline::carry():184}:185}()
#24 C:/Users/kuldeep/Desktop/Project/sgcsm/vendor/laravel/framework/src/Illuminate/Pipeline/Pipeline.php(209): Illuminate/Auth/Middleware/Authenticate->handle()
#25 C:/Users/kuldeep/Desktop/Project/sgcsm/vendor/laravel/framework/src/Illuminate/Foundation/Http/Middleware/VerifyCsrfToken.php(88): Illuminate/Pipeline/Pipeline->{closure:{closure:Illuminate/Pipeline/Pipeline::carry():184}:185}()
#26 C:/Users/kuldeep/Desktop/Project/sgcsm/vendor/laravel/framework/src/Illuminate/Pipeline/Pipeline.php(209): Illuminate/Foundation/Http/Middleware/VerifyCsrfToken->handle()
#27 C:/Users/kuldeep/Desktop/Project/sgcsm/vendor/laravel/framework/src/Illuminate/View/Middleware/ShareErrorsFromSession.php(49): Illuminate/Pipeline/Pipeline->{closure:{closure:Illuminate/Pipeline/Pipeline::carry():184}:185}()
#28 C:/Users/kuldeep/Desktop/Project/sgcsm/vendor/laravel/framework/src/Illuminate/Pipeline/Pipeline.php(209): Illuminate/View/Middleware/ShareErrorsFromSession->handle()
#29 C:/Users/kuldeep/Desktop/Project/sgcsm/vendor/laravel/framework/src/Illuminate/Session/Middleware/StartSession.php(121): Illuminate/Pipeline/Pipeline->{closure:{closure:Illuminate/Pipeline/Pipeline::carry():184}:185}()
#30 C:/Users/kuldeep/Desktop/Project/sgcsm/vendor/laravel/framework/src/Illuminate/Session/Middleware/StartSession.php(64): Illuminate/Session/Middleware/StartSession->handleStatefulRequest()
#31 C:/Users/kuldeep/Desktop/Project/sgcsm/vendor/laravel/framework/src/Illuminate/Pipeline/Pipeline.php(209): Illuminate/Session/Middleware/StartSession->handle()
#32 C:/Users/kuldeep/Desktop/Project/sgcsm/vendor/laravel/framework/src/Illuminate/Cookie/Middleware/AddQueuedCookiesToResponse.php(37): Illuminate/Pipeline/Pipeline->{closure:{closure:Illuminate/Pipeline/Pipeline::carry():184}:185}()
#33 C:/Users/kuldeep/Desktop/Project/sgcsm/vendor/laravel/framework/src/Illuminate/Pipeline/Pipeline.php(209): Illuminate/Cookie/Middleware/AddQueuedCookiesToResponse->handle()
#34 C:/Users/kuldeep/Desktop/Project/sgcsm/vendor/laravel/framework/src/Illuminate/Cookie/Middleware/EncryptCookies.php(75): Illuminate/Pipeline/Pipeline->{closure:{closure:Illuminate/Pipeline/Pipeline::carry():184}:185}()
#35 C:/Users/kuldeep/Desktop/Project/sgcsm/vendor/laravel/framework/src/Illuminate/Pipeline/Pipeline.php(209): Illuminate/Cookie/Middleware/EncryptCookies->handle()
#36 C:/Users/kuldeep/Desktop/Project/sgcsm/vendor/laravel/framework/src/Illuminate/Pipeline/Pipeline.php(127): Illuminate/Pipeline/Pipeline->{closure:{closure:Illuminate/Pipeline/Pipeline::carry():184}:185}()
#37 C:/Users/kuldeep/Desktop/Project/sgcsm/vendor/laravel/framework/src/Illuminate/Routing/Router.php(807): Illuminate/Pipeline/Pipeline->then()
#38 C:/Users/kuldeep/Desktop/Project/sgcsm/vendor/laravel/framework/src/Illuminate/Routing/Router.php(786): Illuminate/Routing/Router->runRouteWithinStack()
#39 C:/Users/kuldeep/Desktop/Project/sgcsm/vendor/laravel/framework/src/Illuminate/Routing/Router.php(750): Illuminate/Routing/Router->runRoute()
#40 C:/Users/kuldeep/Desktop/Project/sgcsm/vendor/laravel/framework/src/Illuminate/Routing/Router.php(739): Illuminate/Routing/Router->dispatchToRoute()
#41 C:/Users/kuldeep/Desktop/Project/sgcsm/vendor/laravel/framework/src/Illuminate/Foundation/Http/Kernel.php(201): Illuminate/Routing/Router->dispatch()
#42 C:/Users/kuldeep/Desktop/Project/sgcsm/vendor/laravel/framework/src/Illuminate/Pipeline/Pipeline.php(170): Illuminate/Foundation/Http/Kernel->{closure:Illuminate/Foundation/Http/Kernel::dispatchToRouter():198}()
#43 C:/Users/kuldeep/Desktop/Project/sgcsm/vendor/laravel/framework/src/Illuminate/Foundation/Http/Middleware/TransformsRequest.php(21): Illuminate/Pipeline/Pipeline->{closure:Illuminate/Pipeline/Pipeline::prepareDestination():168}()
#44 C:/Users/kuldeep/Desktop/Project/sgcsm/vendor/laravel/framework/src/Illuminate/Foundation/Http/Middleware/ConvertEmptyStringsToNull.php(31): Illuminate/Foundation/Http/Middleware/TransformsRequest->handle()
#45 C:/Users/kuldeep/Desktop/Project/sgcsm/vendor/laravel/framework/src/Illuminate/Pipeline/Pipeline.php(209): Illuminate/Foundation/Http/Middleware/ConvertEmptyStringsToNull->handle()
#46 C:/Users/kuldeep/Desktop/Project/sgcsm/vendor/laravel/framework/src/Illuminate/Foundation/Http/Middleware/TransformsRequest.php(21): Illuminate/Pipeline/Pipeline->{closure:{closure:Illuminate/Pipeline/Pipeline::carry():184}:185}()
#47 C:/Users/kuldeep/Desktop/Project/sgcsm/vendor/laravel/framework/src/Illuminate/Foundation/Http/Middleware/TrimStrings.php(51): Illuminate/Foundation/Http/Middleware/TransformsRequest->handle()
#48 C:/Users/kuldeep/Desktop/Project/sgcsm/vendor/laravel/framework/src/Illuminate/Pipeline/Pipeline.php(209): Illuminate/Foundation/Http/Middleware/TrimStrings->handle()
#49 C:/Users/kuldeep/Desktop/Project/sgcsm/vendor/laravel/framework/src/Illuminate/Http/Middleware/ValidatePostSize.php(27): Illuminate/Pipeline/Pipeline->{closure:{closure:Illuminate/Pipeline/Pipeline::carry():184}:185}()
#50 C:/Users/kuldeep/Desktop/Project/sgcsm/vendor/laravel/framework/src/Illuminate/Pipeline/Pipeline.php(209): Illuminate/Http/Middleware/ValidatePostSize->handle()
#51 C:/Users/kuldeep/Desktop/Project/sgcsm/vendor/laravel/framework/src/Illuminate/Foundation/Http/Middleware/PreventRequestsDuringMaintenance.php(110): Illuminate/Pipeline/Pipeline->{closure:{closure:Illuminate/Pipeline/Pipeline::carry():184}:185}()
#52 C:/Users/kuldeep/Desktop/Project/sgcsm/vendor/laravel/framework/src/Illuminate/Pipeline/Pipeline.php(209): Illuminate/Foundation/Http/Middleware/PreventRequestsDuringMaintenance->handle()
#53 C:/Users/kuldeep/Desktop/Project/sgcsm/vendor/laravel/framework/src/Illuminate/Http/Middleware/HandleCors.php(49): Illuminate/Pipeline/Pipeline->{closure:{closure:Illuminate/Pipeline/Pipeline::carry():184}:185}()
#54 C:/Users/kuldeep/Desktop/Project/sgcsm/vendor/laravel/framework/src/Illuminate/Pipeline/Pipeline.php(209): Illuminate/Http/Middleware/HandleCors->handle()
#55 C:/Users/kuldeep/Desktop/Project/sgcsm/vendor/laravel/framework/src/Illuminate/Http/Middleware/TrustProxies.php(58): Illuminate/Pipeline/Pipeline->{closure:{closure:Illuminate/Pipeline/Pipeline::carry():184}:185}()
#56 C:/Users/kuldeep/Desktop/Project/sgcsm/vendor/laravel/framework/src/Illuminate/Pipeline/Pipeline.php(209): Illuminate/Http/Middleware/TrustProxies->handle()
#57 C:/Users/kuldeep/Desktop/Project/sgcsm/vendor/laravel/framework/src/Illuminate/Foundation/Http/Middleware/InvokeDeferredCallbacks.php(22): Illuminate/Pipeline/Pipeline->{closure:{closure:Illuminate/Pipeline/Pipeline::carry():184}:185}()
#58 C:/Users/kuldeep/Desktop/Project/sgcsm/vendor/laravel/framework/src/Illuminate/Pipeline/Pipeline.php(209): Illuminate/Foundation/Http/Middleware/InvokeDeferredCallbacks->handle()
#59 C:/Users/kuldeep/Desktop/Project/sgcsm/vendor/laravel/framework/src/Illuminate/Pipeline/Pipeline.php(127): Illuminate/Pipeline/Pipeline->{closure:{closure:Illuminate/Pipeline/Pipeline::carry():184}:185}()
#60 C:/Users/kuldeep/Desktop/Project/sgcsm/vendor/laravel/framework/src/Illuminate/Foundation/Http/Kernel.php(176): Illuminate/Pipeline/Pipeline->then()
#61 C:/Users/kuldeep/Desktop/Project/sgcsm/vendor/laravel/framework/src/Illuminate/Foundation/Http/Kernel.php(145): Illuminate/Foundation/Http/Kernel->sendRequestThroughRouter()
#62 C:/Users/kuldeep/Desktop/Project/sgcsm/vendor/laravel/framework/src/Illuminate/Foundation/Application.php(1220): Illuminate/Foundation/Http/Kernel->handle()
#63 C:/Users/kuldeep/Desktop/Project/sgcsm/public/index.php(17): Illuminate/Foundation/Application->handleRequest()
#64 C:/Users/kuldeep/Desktop/Project/sgcsm/vendor/laravel/framework/src/Illuminate/Foundation/resources/server.php(23): require_once('...')
#65 {main}
"} 
[2026-05-07 05:14:54] local.ERROR: Too few arguments to function App\Policies\InstitutePolicy::update(), 1 passed in C:\Users\kuldeep\Desktop\Project\sgcsm\vendor\laravel\framework\src\Illuminate\Auth\Access\Gate.php on line 816 and exactly 2 expected {"userId":1,"exception":"[object] (ArgumentCountError(code: 0): Too few arguments to function App\\Policies\\InstitutePolicy::update(), 1 passed in C:\\Users\\kuldeep\\Desktop\\Project\\sgcsm\\vendor\\laravel\\framework\\src\\Illuminate\\Auth\\Access\\Gate.php on line 816 and exactly 2 expected at C:/Users/kuldeep/Desktop/Project/sgcsm/app/Policies/InstitutePolicy.php:38)
[stacktrace]
#0 C:/Users/kuldeep/Desktop/Project/sgcsm/vendor/laravel/framework/src/Illuminate/Auth/Access/Gate.php(816): App/Policies/InstitutePolicy->update()
#1 C:/Users/kuldeep/Desktop/Project/sgcsm/vendor/laravel/framework/src/Illuminate/Auth/Access/Gate.php(769): Illuminate/Auth/Access/Gate->callPolicyMethod()
#2 C:/Users/kuldeep/Desktop/Project/sgcsm/vendor/laravel/framework/src/Illuminate/Auth/Access/Gate.php(553): Illuminate/Auth/Access/Gate->{closure:Illuminate/Auth/Access/Gate::resolvePolicyCallback():752}()
#3 C:/Users/kuldeep/Desktop/Project/sgcsm/vendor/laravel/framework/src/Illuminate/Auth/Access/Gate.php(448): Illuminate/Auth/Access/Gate->callAuthCallback()
#4 C:/Users/kuldeep/Desktop/Project/sgcsm/vendor/laravel/framework/src/Illuminate/Auth/Access/Gate.php(411): Illuminate/Auth/Access/Gate->raw()
#5 C:/Users/kuldeep/Desktop/Project/sgcsm/vendor/laravel/framework/src/Illuminate/Auth/Access/Gate.php(398): Illuminate/Auth/Access/Gate->inspect()
#6 C:/Users/kuldeep/Desktop/Project/sgcsm/vendor/laravel/framework/src/Illuminate/Support/Facades/Facade.php(361): Illuminate/Auth/Access/Gate->authorize()
#7 C:/Users/kuldeep/Desktop/Project/sgcsm/app/Http/Controllers/Admin/InstituteController.php(116): Illuminate/Support/Facades/Facade::__callStatic()
#8 C:/Users/kuldeep/Desktop/Project/sgcsm/vendor/laravel/framework/src/Illuminate/Routing/ControllerDispatcher.php(47): App/Http/Controllers/Admin/InstituteController->edit()
#9 C:/Users/kuldeep/Desktop/Project/sgcsm/vendor/laravel/framework/src/Illuminate/Routing/Route.php(266): Illuminate/Routing/ControllerDispatcher->dispatch()
#10 C:/Users/kuldeep/Desktop/Project/sgcsm/vendor/laravel/framework/src/Illuminate/Routing/Route.php(212): Illuminate/Routing/Route->runController()
#11 C:/Users/kuldeep/Desktop/Project/sgcsm/vendor/laravel/framework/src/Illuminate/Routing/Router.php(808): Illuminate/Routing/Route->run()
#12 C:/Users/kuldeep/Desktop/Project/sgcsm/vendor/laravel/framework/src/Illuminate/Pipeline/Pipeline.php(170): Illuminate/Routing/Router->{closure:Illuminate/Routing/Router::runRouteWithinStack():807}()
#13 C:/Users/kuldeep/Desktop/Project/sgcsm/app/Http/Middleware/RoleMiddleware.php(26): Illuminate/Pipeline/Pipeline->{closure:Illuminate/Pipeline/Pipeline::prepareDestination():168}()
#14 C:/Users/kuldeep/Desktop/Project/sgcsm/vendor/laravel/framework/src/Illuminate/Pipeline/Pipeline.php(209): App/Http/Middleware/RoleMiddleware->handle()
#15 C:/Users/kuldeep/Desktop/Project/sgcsm/vendor/laravel/framework/src/Illuminate/Auth/Middleware/EnsureEmailIsVerified.php(41): Illuminate/Pipeline/Pipeline->{closure:{closure:Illuminate/Pipeline/Pipeline::carry():184}:185}()
#16 C:/Users/kuldeep/Desktop/Project/sgcsm/vendor/laravel/framework/src/Illuminate/Pipeline/Pipeline.php(209): Illuminate/Auth/Middleware/EnsureEmailIsVerified->handle()
#17 C:/Users/kuldeep/Desktop/Project/sgcsm/vendor/laravel/framework/src/Illuminate/Http/Middleware/AddLinkHeadersForPreloadedAssets.php(20): Illuminate/Pipeline/Pipeline->{closure:{closure:Illuminate/Pipeline/Pipeline::carry():184}:185}()
#18 C:/Users/kuldeep/Desktop/Project/sgcsm/vendor/laravel/framework/src/Illuminate/Pipeline/Pipeline.php(209): Illuminate/Http/Middleware/AddLinkHeadersForPreloadedAssets->handle()
#19 C:/Users/kuldeep/Desktop/Project/sgcsm/vendor/inertiajs/inertia-laravel/src/Middleware.php(122): Illuminate/Pipeline/Pipeline->{closure:{closure:Illuminate/Pipeline/Pipeline::carry():184}:185}()
#20 C:/Users/kuldeep/Desktop/Project/sgcsm/vendor/laravel/framework/src/Illuminate/Pipeline/Pipeline.php(209): Inertia/Middleware->handle()
#21 C:/Users/kuldeep/Desktop/Project/sgcsm/vendor/laravel/framework/src/Illuminate/Routing/Middleware/SubstituteBindings.php(51): Illuminate/Pipeline/Pipeline->{closure:{closure:Illuminate/Pipeline/Pipeline::carry():184}:185}()
#22 C:/Users/kuldeep/Desktop/Project/sgcsm/vendor/laravel/framework/src/Illuminate/Pipeline/Pipeline.php(209): Illuminate/Routing/Middleware/SubstituteBindings->handle()
#23 C:/Users/kuldeep/Desktop/Project/sgcsm/vendor/laravel/framework/src/Illuminate/Auth/Middleware/Authenticate.php(64): Illuminate/Pipeline/Pipeline->{closure:{closure:Illuminate/Pipeline/Pipeline::carry():184}:185}()
#24 C:/Users/kuldeep/Desktop/Project/sgcsm/vendor/laravel/framework/src/Illuminate/Pipeline/Pipeline.php(209): Illuminate/Auth/Middleware/Authenticate->handle()
#25 C:/Users/kuldeep/Desktop/Project/sgcsm/vendor/laravel/framework/src/Illuminate/Foundation/Http/Middleware/VerifyCsrfToken.php(88): Illuminate/Pipeline/Pipeline->{closure:{closure:Illuminate/Pipeline/Pipeline::carry():184}:185}()
#26 C:/Users/kuldeep/Desktop/Project/sgcsm/vendor/laravel/framework/src/Illuminate/Pipeline/Pipeline.php(209): Illuminate/Foundation/Http/Middleware/VerifyCsrfToken->handle()
#27 C:/Users/kuldeep/Desktop/Project/sgcsm/vendor/laravel/framework/src/Illuminate/View/Middleware/ShareErrorsFromSession.php(49): Illuminate/Pipeline/Pipeline->{closure:{closure:Illuminate/Pipeline/Pipeline::carry():184}:185}()
#28 C:/Users/kuldeep/Desktop/Project/sgcsm/vendor/laravel/framework/src/Illuminate/Pipeline/Pipeline.php(209): Illuminate/View/Middleware/ShareErrorsFromSession->handle()
#29 C:/Users/kuldeep/Desktop/Project/sgcsm/vendor/laravel/framework/src/Illuminate/Session/Middleware/StartSession.php(121): Illuminate/Pipeline/Pipeline->{closure:{closure:Illuminate/Pipeline/Pipeline::carry():184}:185}()
#30 C:/Users/kuldeep/Desktop/Project/sgcsm/vendor/laravel/framework/src/Illuminate/Session/Middleware/StartSession.php(64): Illuminate/Session/Middleware/StartSession->handleStatefulRequest()
#31 C:/Users/kuldeep/Desktop/Project/sgcsm/vendor/laravel/framework/src/Illuminate/Pipeline/Pipeline.php(209): Illuminate/Session/Middleware/StartSession->handle()
#32 C:/Users/kuldeep/Desktop/Project/sgcsm/vendor/laravel/framework/src/Illuminate/Cookie/Middleware/AddQueuedCookiesToResponse.php(37): Illuminate/Pipeline/Pipeline->{closure:{closure:Illuminate/Pipeline/Pipeline::carry():184}:185}()
#33 C:/Users/kuldeep/Desktop/Project/sgcsm/vendor/laravel/framework/src/Illuminate/Pipeline/Pipeline.php(209): Illuminate/Cookie/Middleware/AddQueuedCookiesToResponse->handle()
#34 C:/Users/kuldeep/Desktop/Project/sgcsm/vendor/laravel/framework/src/Illuminate/Cookie/Middleware/EncryptCookies.php(75): Illuminate/Pipeline/Pipeline->{closure:{closure:Illuminate/Pipeline/Pipeline::carry():184}:185}()
#35 C:/Users/kuldeep/Desktop/Project/sgcsm/vendor/laravel/framework/src/Illuminate/Pipeline/Pipeline.php(209): Illuminate/Cookie/Middleware/EncryptCookies->handle()
#36 C:/Users/kuldeep/Desktop/Project/sgcsm/vendor/laravel/framework/src/Illuminate/Pipeline/Pipeline.php(127): Illuminate/Pipeline/Pipeline->{closure:{closure:Illuminate/Pipeline/Pipeline::carry():184}:185}()
#37 C:/Users/kuldeep/Desktop/Project/sgcsm/vendor/laravel/framework/src/Illuminate/Routing/Router.php(807): Illuminate/Pipeline/Pipeline->then()
#38 C:/Users/kuldeep/Desktop/Project/sgcsm/vendor/laravel/framework/src/Illuminate/Routing/Router.php(786): Illuminate/Routing/Router->runRouteWithinStack()
#39 C:/Users/kuldeep/Desktop/Project/sgcsm/vendor/laravel/framework/src/Illuminate/Routing/Router.php(750): Illuminate/Routing/Router->runRoute()
#40 C:/Users/kuldeep/Desktop/Project/sgcsm/vendor/laravel/framework/src/Illuminate/Routing/Router.php(739): Illuminate/Routing/Router->dispatchToRoute()
#41 C:/Users/kuldeep/Desktop/Project/sgcsm/vendor/laravel/framework/src/Illuminate/Foundation/Http/Kernel.php(201): Illuminate/Routing/Router->dispatch()
#42 C:/Users/kuldeep/Desktop/Project/sgcsm/vendor/laravel/framework/src/Illuminate/Pipeline/Pipeline.php(170): Illuminate/Foundation/Http/Kernel->{closure:Illuminate/Foundation/Http/Kernel::dispatchToRouter():198}()
#43 C:/Users/kuldeep/Desktop/Project/sgcsm/vendor/laravel/framework/src/Illuminate/Foundation/Http/Middleware/TransformsRequest.php(21): Illuminate/Pipeline/Pipeline->{closure:Illuminate/Pipeline/Pipeline::prepareDestination():168}()
#44 C:/Users/kuldeep/Desktop/Project/sgcsm/vendor/laravel/framework/src/Illuminate/Foundation/Http/Middleware/ConvertEmptyStringsToNull.php(31): Illuminate/Foundation/Http/Middleware/TransformsRequest->handle()
#45 C:/Users/kuldeep/Desktop/Project/sgcsm/vendor/laravel/framework/src/Illuminate/Pipeline/Pipeline.php(209): Illuminate/Foundation/Http/Middleware/ConvertEmptyStringsToNull->handle()
#46 C:/Users/kuldeep/Desktop/Project/sgcsm/vendor/laravel/framework/src/Illuminate/Foundation/Http/Middleware/TransformsRequest.php(21): Illuminate/Pipeline/Pipeline->{closure:{closure:Illuminate/Pipeline/Pipeline::carry():184}:185}()
#47 C:/Users/kuldeep/Desktop/Project/sgcsm/vendor/laravel/framework/src/Illuminate/Foundation/Http/Middleware/TrimStrings.php(51): Illuminate/Foundation/Http/Middleware/TransformsRequest->handle()
#48 C:/Users/kuldeep/Desktop/Project/sgcsm/vendor/laravel/framework/src/Illuminate/Pipeline/Pipeline.php(209): Illuminate/Foundation/Http/Middleware/TrimStrings->handle()
#49 C:/Users/kuldeep/Desktop/Project/sgcsm/vendor/laravel/framework/src/Illuminate/Http/Middleware/ValidatePostSize.php(27): Illuminate/Pipeline/Pipeline->{closure:{closure:Illuminate/Pipeline/Pipeline::carry():184}:185}()
#50 C:/Users/kuldeep/Desktop/Project/sgcsm/vendor/laravel/framework/src/Illuminate/Pipeline/Pipeline.php(209): Illuminate/Http/Middleware/ValidatePostSize->handle()
#51 C:/Users/kuldeep/Desktop/Project/sgcsm/vendor/laravel/framework/src/Illuminate/Foundation/Http/Middleware/PreventRequestsDuringMaintenance.php(110): Illuminate/Pipeline/Pipeline->{closure:{closure:Illuminate/Pipeline/Pipeline::carry():184}:185}()
#52 C:/Users/kuldeep/Desktop/Project/sgcsm/vendor/laravel/framework/src/Illuminate/Pipeline/Pipeline.php(209): Illuminate/Foundation/Http/Middleware/PreventRequestsDuringMaintenance->handle()
#53 C:/Users/kuldeep/Desktop/Project/sgcsm/vendor/laravel/framework/src/Illuminate/Http/Middleware/HandleCors.php(49): Illuminate/Pipeline/Pipeline->{closure:{closure:Illuminate/Pipeline/Pipeline::carry():184}:185}()
#54 C:/Users/kuldeep/Desktop/Project/sgcsm/vendor/laravel/framework/src/Illuminate/Pipeline/Pipeline.php(209): Illuminate/Http/Middleware/HandleCors->handle()
#55 C:/Users/kuldeep/Desktop/Project/sgcsm/vendor/laravel/framework/src/Illuminate/Http/Middleware/TrustProxies.php(58): Illuminate/Pipeline/Pipeline->{closure:{closure:Illuminate/Pipeline/Pipeline::carry():184}:185}()
#56 C:/Users/kuldeep/Desktop/Project/sgcsm/vendor/laravel/framework/src/Illuminate/Pipeline/Pipeline.php(209): Illuminate/Http/Middleware/TrustProxies->handle()
#57 C:/Users/kuldeep/Desktop/Project/sgcsm/vendor/laravel/framework/src/Illuminate/Foundation/Http/Middleware/InvokeDeferredCallbacks.php(22): Illuminate/Pipeline/Pipeline->{closure:{closure:Illuminate/Pipeline/Pipeline::carry():184}:185}()
#58 C:/Users/kuldeep/Desktop/Project/sgcsm/vendor/laravel/framework/src/Illuminate/Pipeline/Pipeline.php(209): Illuminate/Foundation/Http/Middleware/InvokeDeferredCallbacks->handle()
#59 C:/Users/kuldeep/Desktop/Project/sgcsm/vendor/laravel/framework/src/Illuminate/Pipeline/Pipeline.php(127): Illuminate/Pipeline/Pipeline->{closure:{closure:Illuminate/Pipeline/Pipeline::carry():184}:185}()
#60 C:/Users/kuldeep/Desktop/Project/sgcsm/vendor/laravel/framework/src/Illuminate/Foundation/Http/Kernel.php(176): Illuminate/Pipeline/Pipeline->then()
#61 C:/Users/kuldeep/Desktop/Project/sgcsm/vendor/laravel/framework/src/Illuminate/Foundation/Http/Kernel.php(145): Illuminate/Foundation/Http/Kernel->sendRequestThroughRouter()
#62 C:/Users/kuldeep/Desktop/Project/sgcsm/vendor/laravel/framework/src/Illuminate/Foundation/Application.php(1220): Illuminate/Foundation/Http/Kernel->handle()
#63 C:/Users/kuldeep/Desktop/Project/sgcsm/public/index.php(17): Illuminate/Foundation/Application->handleRequest()
#64 C:/Users/kuldeep/Desktop/Project/sgcsm/vendor/laravel/framework/src/Illuminate/Foundation/resources/server.php(23): require_once('...')
#65 {main}
"} 
[2026-05-07 05:29:11] local.ERROR: App\Policies\InstitutePolicy::update(): Return value must be of type bool, none returned {"userId":1,"exception":"[object] (TypeError(code: 0): App\\Policies\\InstitutePolicy::update(): Return value must be of type bool, none returned at C:/Users/kuldeep/Desktop/Project/sgcsm/app/Policies/InstitutePolicy.php:41)
[stacktrace]
#0 C:/Users/kuldeep/Desktop/Project/sgcsm/vendor/laravel/framework/src/Illuminate/Auth/Access/Gate.php(816): App/Policies/InstitutePolicy->update()
#1 C:/Users/kuldeep/Desktop/Project/sgcsm/vendor/laravel/framework/src/Illuminate/Auth/Access/Gate.php(769): Illuminate/Auth/Access/Gate->callPolicyMethod()
#2 C:/Users/kuldeep/Desktop/Project/sgcsm/vendor/laravel/framework/src/Illuminate/Auth/Access/Gate.php(553): Illuminate/Auth/Access/Gate->{closure:Illuminate/Auth/Access/Gate::resolvePolicyCallback():752}()
#3 C:/Users/kuldeep/Desktop/Project/sgcsm/vendor/laravel/framework/src/Illuminate/Auth/Access/Gate.php(448): Illuminate/Auth/Access/Gate->callAuthCallback()
#4 C:/Users/kuldeep/Desktop/Project/sgcsm/vendor/laravel/framework/src/Illuminate/Auth/Access/Gate.php(411): Illuminate/Auth/Access/Gate->raw()
#5 C:/Users/kuldeep/Desktop/Project/sgcsm/vendor/laravel/framework/src/Illuminate/Auth/Access/Gate.php(398): Illuminate/Auth/Access/Gate->inspect()
#6 C:/Users/kuldeep/Desktop/Project/sgcsm/vendor/laravel/framework/src/Illuminate/Support/Facades/Facade.php(361): Illuminate/Auth/Access/Gate->authorize()
#7 C:/Users/kuldeep/Desktop/Project/sgcsm/app/Http/Controllers/Admin/InstituteController.php(116): Illuminate/Support/Facades/Facade::__callStatic()
#8 C:/Users/kuldeep/Desktop/Project/sgcsm/vendor/laravel/framework/src/Illuminate/Routing/ControllerDispatcher.php(47): App/Http/Controllers/Admin/InstituteController->edit()
#9 C:/Users/kuldeep/Desktop/Project/sgcsm/vendor/laravel/framework/src/Illuminate/Routing/Route.php(266): Illuminate/Routing/ControllerDispatcher->dispatch()
#10 C:/Users/kuldeep/Desktop/Project/sgcsm/vendor/laravel/framework/src/Illuminate/Routing/Route.php(212): Illuminate/Routing/Route->runController()
#11 C:/Users/kuldeep/Desktop/Project/sgcsm/vendor/laravel/framework/src/Illuminate/Routing/Router.php(808): Illuminate/Routing/Route->run()
#12 C:/Users/kuldeep/Desktop/Project/sgcsm/vendor/laravel/framework/src/Illuminate/Pipeline/Pipeline.php(170): Illuminate/Routing/Router->{closure:Illuminate/Routing/Router::runRouteWithinStack():807}()
#13 C:/Users/kuldeep/Desktop/Project/sgcsm/app/Http/Middleware/RoleMiddleware.php(26): Illuminate/Pipeline/Pipeline->{closure:Illuminate/Pipeline/Pipeline::prepareDestination():168}()
#14 C:/Users/kuldeep/Desktop/Project/sgcsm/vendor/laravel/framework/src/Illuminate/Pipeline/Pipeline.php(209): App/Http/Middleware/RoleMiddleware->handle()
#15 C:/Users/kuldeep/Desktop/Project/sgcsm/vendor/laravel/framework/src/Illuminate/Auth/Middleware/EnsureEmailIsVerified.php(41): Illuminate/Pipeline/Pipeline->{closure:{closure:Illuminate/Pipeline/Pipeline::carry():184}:185}()
#16 C:/Users/kuldeep/Desktop/Project/sgcsm/vendor/laravel/framework/src/Illuminate/Pipeline/Pipeline.php(209): Illuminate/Auth/Middleware/EnsureEmailIsVerified->handle()
#17 C:/Users/kuldeep/Desktop/Project/sgcsm/vendor/laravel/framework/src/Illuminate/Http/Middleware/AddLinkHeadersForPreloadedAssets.php(20): Illuminate/Pipeline/Pipeline->{closure:{closure:Illuminate/Pipeline/Pipeline::carry():184}:185}()
#18 C:/Users/kuldeep/Desktop/Project/sgcsm/vendor/laravel/framework/src/Illuminate/Pipeline/Pipeline.php(209): Illuminate/Http/Middleware/AddLinkHeadersForPreloadedAssets->handle()
#19 C:/Users/kuldeep/Desktop/Project/sgcsm/vendor/inertiajs/inertia-laravel/src/Middleware.php(122): Illuminate/Pipeline/Pipeline->{closure:{closure:Illuminate/Pipeline/Pipeline::carry():184}:185}()
#20 C:/Users/kuldeep/Desktop/Project/sgcsm/vendor/laravel/framework/src/Illuminate/Pipeline/Pipeline.php(209): Inertia/Middleware->handle()
#21 C:/Users/kuldeep/Desktop/Project/sgcsm/vendor/laravel/framework/src/Illuminate/Routing/Middleware/SubstituteBindings.php(51): Illuminate/Pipeline/Pipeline->{closure:{closure:Illuminate/Pipeline/Pipeline::carry():184}:185}()
#22 C:/Users/kuldeep/Desktop/Project/sgcsm/vendor/laravel/framework/src/Illuminate/Pipeline/Pipeline.php(209): Illuminate/Routing/Middleware/SubstituteBindings->handle()
#23 C:/Users/kuldeep/Desktop/Project/sgcsm/vendor/laravel/framework/src/Illuminate/Auth/Middleware/Authenticate.php(64): Illuminate/Pipeline/Pipeline->{closure:{closure:Illuminate/Pipeline/Pipeline::carry():184}:185}()
#24 C:/Users/kuldeep/Desktop/Project/sgcsm/vendor/laravel/framework/src/Illuminate/Pipeline/Pipeline.php(209): Illuminate/Auth/Middleware/Authenticate->handle()
#25 C:/Users/kuldeep/Desktop/Project/sgcsm/vendor/laravel/framework/src/Illuminate/Foundation/Http/Middleware/VerifyCsrfToken.php(88): Illuminate/Pipeline/Pipeline->{closure:{closure:Illuminate/Pipeline/Pipeline::carry():184}:185}()
#26 C:/Users/kuldeep/Desktop/Project/sgcsm/vendor/laravel/framework/src/Illuminate/Pipeline/Pipeline.php(209): Illuminate/Foundation/Http/Middleware/VerifyCsrfToken->handle()
#27 C:/Users/kuldeep/Desktop/Project/sgcsm/vendor/laravel/framework/src/Illuminate/View/Middleware/ShareErrorsFromSession.php(49): Illuminate/Pipeline/Pipeline->{closure:{closure:Illuminate/Pipeline/Pipeline::carry():184}:185}()
#28 C:/Users/kuldeep/Desktop/Project/sgcsm/vendor/laravel/framework/src/Illuminate/Pipeline/Pipeline.php(209): Illuminate/View/Middleware/ShareErrorsFromSession->handle()
#29 C:/Users/kuldeep/Desktop/Project/sgcsm/vendor/laravel/framework/src/Illuminate/Session/Middleware/StartSession.php(121): Illuminate/Pipeline/Pipeline->{closure:{closure:Illuminate/Pipeline/Pipeline::carry():184}:185}()
#30 C:/Users/kuldeep/Desktop/Project/sgcsm/vendor/laravel/framework/src/Illuminate/Session/Middleware/StartSession.php(64): Illuminate/Session/Middleware/StartSession->handleStatefulRequest()
#31 C:/Users/kuldeep/Desktop/Project/sgcsm/vendor/laravel/framework/src/Illuminate/Pipeline/Pipeline.php(209): Illuminate/Session/Middleware/StartSession->handle()
#32 C:/Users/kuldeep/Desktop/Project/sgcsm/vendor/laravel/framework/src/Illuminate/Cookie/Middleware/AddQueuedCookiesToResponse.php(37): Illuminate/Pipeline/Pipeline->{closure:{closure:Illuminate/Pipeline/Pipeline::carry():184}:185}()
#33 C:/Users/kuldeep/Desktop/Project/sgcsm/vendor/laravel/framework/src/Illuminate/Pipeline/Pipeline.php(209): Illuminate/Cookie/Middleware/AddQueuedCookiesToResponse->handle()
#34 C:/Users/kuldeep/Desktop/Project/sgcsm/vendor/laravel/framework/src/Illuminate/Cookie/Middleware/EncryptCookies.php(75): Illuminate/Pipeline/Pipeline->{closure:{closure:Illuminate/Pipeline/Pipeline::carry():184}:185}()
#35 C:/Users/kuldeep/Desktop/Project/sgcsm/vendor/laravel/framework/src/Illuminate/Pipeline/Pipeline.php(209): Illuminate/Cookie/Middleware/EncryptCookies->handle()
#36 C:/Users/kuldeep/Desktop/Project/sgcsm/vendor/laravel/framework/src/Illuminate/Pipeline/Pipeline.php(127): Illuminate/Pipeline/Pipeline->{closure:{closure:Illuminate/Pipeline/Pipeline::carry():184}:185}()
#37 C:/Users/kuldeep/Desktop/Project/sgcsm/vendor/laravel/framework/src/Illuminate/Routing/Router.php(807): Illuminate/Pipeline/Pipeline->then()
#38 C:/Users/kuldeep/Desktop/Project/sgcsm/vendor/laravel/framework/src/Illuminate/Routing/Router.php(786): Illuminate/Routing/Router->runRouteWithinStack()
#39 C:/Users/kuldeep/Desktop/Project/sgcsm/vendor/laravel/framework/src/Illuminate/Routing/Router.php(750): Illuminate/Routing/Router->runRoute()
#40 C:/Users/kuldeep/Desktop/Project/sgcsm/vendor/laravel/framework/src/Illuminate/Routing/Router.php(739): Illuminate/Routing/Router->dispatchToRoute()
#41 C:/Users/kuldeep/Desktop/Project/sgcsm/vendor/laravel/framework/src/Illuminate/Foundation/Http/Kernel.php(201): Illuminate/Routing/Router->dispatch()
#42 C:/Users/kuldeep/Desktop/Project/sgcsm/vendor/laravel/framework/src/Illuminate/Pipeline/Pipeline.php(170): Illuminate/Foundation/Http/Kernel->{closure:Illuminate/Foundation/Http/Kernel::dispatchToRouter():198}()
#43 C:/Users/kuldeep/Desktop/Project/sgcsm/vendor/laravel/framework/src/Illuminate/Foundation/Http/Middleware/TransformsRequest.php(21): Illuminate/Pipeline/Pipeline->{closure:Illuminate/Pipeline/Pipeline::prepareDestination():168}()
#44 C:/Users/kuldeep/Desktop/Project/sgcsm/vendor/laravel/framework/src/Illuminate/Foundation/Http/Middleware/ConvertEmptyStringsToNull.php(31): Illuminate/Foundation/Http/Middleware/TransformsRequest->handle()
#45 C:/Users/kuldeep/Desktop/Project/sgcsm/vendor/laravel/framework/src/Illuminate/Pipeline/Pipeline.php(209): Illuminate/Foundation/Http/Middleware/ConvertEmptyStringsToNull->handle()
#46 C:/Users/kuldeep/Desktop/Project/sgcsm/vendor/laravel/framework/src/Illuminate/Foundation/Http/Middleware/TransformsRequest.php(21): Illuminate/Pipeline/Pipeline->{closure:{closure:Illuminate/Pipeline/Pipeline::carry():184}:185}()
#47 C:/Users/kuldeep/Desktop/Project/sgcsm/vendor/laravel/framework/src/Illuminate/Foundation/Http/Middleware/TrimStrings.php(51): Illuminate/Foundation/Http/Middleware/TransformsRequest->handle()
#48 C:/Users/kuldeep/Desktop/Project/sgcsm/vendor/laravel/framework/src/Illuminate/Pipeline/Pipeline.php(209): Illuminate/Foundation/Http/Middleware/TrimStrings->handle()
#49 C:/Users/kuldeep/Desktop/Project/sgcsm/vendor/laravel/framework/src/Illuminate/Http/Middleware/ValidatePostSize.php(27): Illuminate/Pipeline/Pipeline->{closure:{closure:Illuminate/Pipeline/Pipeline::carry():184}:185}()
#50 C:/Users/kuldeep/Desktop/Project/sgcsm/vendor/laravel/framework/src/Illuminate/Pipeline/Pipeline.php(209): Illuminate/Http/Middleware/ValidatePostSize->handle()
#51 C:/Users/kuldeep/Desktop/Project/sgcsm/vendor/laravel/framework/src/Illuminate/Foundation/Http/Middleware/PreventRequestsDuringMaintenance.php(110): Illuminate/Pipeline/Pipeline->{closure:{closure:Illuminate/Pipeline/Pipeline::carry():184}:185}()
#52 C:/Users/kuldeep/Desktop/Project/sgcsm/vendor/laravel/framework/src/Illuminate/Pipeline/Pipeline.php(209): Illuminate/Foundation/Http/Middleware/PreventRequestsDuringMaintenance->handle()
#53 C:/Users/kuldeep/Desktop/Project/sgcsm/vendor/laravel/framework/src/Illuminate/Http/Middleware/HandleCors.php(49): Illuminate/Pipeline/Pipeline->{closure:{closure:Illuminate/Pipeline/Pipeline::carry():184}:185}()
#54 C:/Users/kuldeep/Desktop/Project/sgcsm/vendor/laravel/framework/src/Illuminate/Pipeline/Pipeline.php(209): Illuminate/Http/Middleware/HandleCors->handle()
#55 C:/Users/kuldeep/Desktop/Project/sgcsm/vendor/laravel/framework/src/Illuminate/Http/Middleware/TrustProxies.php(58): Illuminate/Pipeline/Pipeline->{closure:{closure:Illuminate/Pipeline/Pipeline::carry():184}:185}()
#56 C:/Users/kuldeep/Desktop/Project/sgcsm/vendor/laravel/framework/src/Illuminate/Pipeline/Pipeline.php(209): Illuminate/Http/Middleware/TrustProxies->handle()
#57 C:/Users/kuldeep/Desktop/Project/sgcsm/vendor/laravel/framework/src/Illuminate/Foundation/Http/Middleware/InvokeDeferredCallbacks.php(22): Illuminate/Pipeline/Pipeline->{closure:{closure:Illuminate/Pipeline/Pipeline::carry():184}:185}()
#58 C:/Users/kuldeep/Desktop/Project/sgcsm/vendor/laravel/framework/src/Illuminate/Pipeline/Pipeline.php(209): Illuminate/Foundation/Http/Middleware/InvokeDeferredCallbacks->handle()
#59 C:/Users/kuldeep/Desktop/Project/sgcsm/vendor/laravel/framework/src/Illuminate/Pipeline/Pipeline.php(127): Illuminate/Pipeline/Pipeline->{closure:{closure:Illuminate/Pipeline/Pipeline::carry():184}:185}()
#60 C:/Users/kuldeep/Desktop/Project/sgcsm/vendor/laravel/framework/src/Illuminate/Foundation/Http/Kernel.php(176): Illuminate/Pipeline/Pipeline->then()
#61 C:/Users/kuldeep/Desktop/Project/sgcsm/vendor/laravel/framework/src/Illuminate/Foundation/Http/Kernel.php(145): Illuminate/Foundation/Http/Kernel->sendRequestThroughRouter()
#62 C:/Users/kuldeep/Desktop/Project/sgcsm/vendor/laravel/framework/src/Illuminate/Foundation/Application.php(1220): Illuminate/Foundation/Http/Kernel->handle()
#63 C:/Users/kuldeep/Desktop/Project/sgcsm/public/index.php(17): Illuminate/Foundation/Application->handleRequest()
#64 C:/Users/kuldeep/Desktop/Project/sgcsm/vendor/laravel/framework/src/Illuminate/Foundation/resources/server.php(23): require_once('...')
#65 {main}
"} 
[2026-05-07 06:06:36] local.ERROR: SQLSTATE[23000]: Integrity constraint violation: 19 UNIQUE constraint failed: roles.name, roles.guard_name (Connection: sqlite, SQL: update "roles" set "name" = admin, "updated_at" = 2026-05-07 06:06:36 where "id" = 4) {"userId":1,"exception":"[object] (Illuminate\\Database\\UniqueConstraintViolationException(code: 23000): SQLSTATE[23000]: Integrity constraint violation: 19 UNIQUE constraint failed: roles.name, roles.guard_name (Connection: sqlite, SQL: update \"roles\" set \"name\" = admin, \"updated_at\" = 2026-05-07 06:06:36 where \"id\" = 4) at C:/Users/kuldeep/Desktop/Project/sgcsm/vendor/laravel/framework/src/Illuminate/Database/Connection.php:820)
[stacktrace]
#0 C:/Users/kuldeep/Desktop/Project/sgcsm/vendor/laravel/framework/src/Illuminate/Database/Connection.php(779): Illuminate/Database/Connection->runQueryCallback()
#1 C:/Users/kuldeep/Desktop/Project/sgcsm/vendor/laravel/framework/src/Illuminate/Database/Connection.php(584): Illuminate/Database/Connection->run()
#2 C:/Users/kuldeep/Desktop/Project/sgcsm/vendor/laravel/framework/src/Illuminate/Database/Connection.php(536): Illuminate/Database/Connection->affectingStatement()
#3 C:/Users/kuldeep/Desktop/Project/sgcsm/vendor/laravel/framework/src/Illuminate/Database/Query/Builder.php(3830): Illuminate/Database/Connection->update()
#4 C:/Users/kuldeep/Desktop/Project/sgcsm/vendor/laravel/framework/src/Illuminate/Database/Eloquent/Builder.php(1175): Illuminate/Database/Query/Builder->update()
#5 C:/Users/kuldeep/Desktop/Project/sgcsm/vendor/laravel/framework/src/Illuminate/Database/Eloquent/Model.php(1239): Illuminate/Database/Eloquent/Builder->update()
#6 C:/Users/kuldeep/Desktop/Project/sgcsm/vendor/laravel/framework/src/Illuminate/Database/Eloquent/Model.php(1156): Illuminate/Database/Eloquent/Model->performUpdate()
#7 C:/Users/kuldeep/Desktop/Project/sgcsm/vendor/laravel/framework/src/Illuminate/Database/Eloquent/Model.php(1014): Illuminate/Database/Eloquent/Model->save()
#8 C:/Users/kuldeep/Desktop/Project/sgcsm/app/Http/Controllers/Admin/RoleController.php(92): Illuminate/Database/Eloquent/Model->update()
#9 C:/Users/kuldeep/Desktop/Project/sgcsm/vendor/laravel/framework/src/Illuminate/Routing/ControllerDispatcher.php(47): App/Http/Controllers/Admin/RoleController->update()
#10 C:/Users/kuldeep/Desktop/Project/sgcsm/vendor/laravel/framework/src/Illuminate/Routing/Route.php(266): Illuminate/Routing/ControllerDispatcher->dispatch()
#11 C:/Users/kuldeep/Desktop/Project/sgcsm/vendor/laravel/framework/src/Illuminate/Routing/Route.php(212): Illuminate/Routing/Route->runController()
#12 C:/Users/kuldeep/Desktop/Project/sgcsm/vendor/laravel/framework/src/Illuminate/Routing/Router.php(808): Illuminate/Routing/Route->run()
#13 C:/Users/kuldeep/Desktop/Project/sgcsm/vendor/laravel/framework/src/Illuminate/Pipeline/Pipeline.php(170): Illuminate/Routing/Router->{closure:Illuminate/Routing/Router::runRouteWithinStack():807}()
#14 C:/Users/kuldeep/Desktop/Project/sgcsm/app/Http/Middleware/RoleMiddleware.php(26): Illuminate/Pipeline/Pipeline->{closure:Illuminate/Pipeline/Pipeline::prepareDestination():168}()
#15 C:/Users/kuldeep/Desktop/Project/sgcsm/vendor/laravel/framework/src/Illuminate/Pipeline/Pipeline.php(209): App/Http/Middleware/RoleMiddleware->handle()
#16 C:/Users/kuldeep/Desktop/Project/sgcsm/vendor/laravel/framework/src/Illuminate/Auth/Middleware/EnsureEmailIsVerified.php(41): Illuminate/Pipeline/Pipeline->{closure:{closure:Illuminate/Pipeline/Pipeline::carry():184}:185}()
#17 C:/Users/kuldeep/Desktop/Project/sgcsm/vendor/laravel/framework/src/Illuminate/Pipeline/Pipeline.php(209): Illuminate/Auth/Middleware/EnsureEmailIsVerified->handle()
#18 C:/Users/kuldeep/Desktop/Project/sgcsm/vendor/laravel/framework/src/Illuminate/Http/Middleware/AddLinkHeadersForPreloadedAssets.php(20): Illuminate/Pipeline/Pipeline->{closure:{closure:Illuminate/Pipeline/Pipeline::carry():184}:185}()
#19 C:/Users/kuldeep/Desktop/Project/sgcsm/vendor/laravel/framework/src/Illuminate/Pipeline/Pipeline.php(209): Illuminate/Http/Middleware/AddLinkHeadersForPreloadedAssets->handle()
#20 C:/Users/kuldeep/Desktop/Project/sgcsm/vendor/inertiajs/inertia-laravel/src/Middleware.php(122): Illuminate/Pipeline/Pipeline->{closure:{closure:Illuminate/Pipeline/Pipeline::carry():184}:185}()
#21 C:/Users/kuldeep/Desktop/Project/sgcsm/vendor/laravel/framework/src/Illuminate/Pipeline/Pipeline.php(209): Inertia/Middleware->handle()
#22 C:/Users/kuldeep/Desktop/Project/sgcsm/vendor/laravel/framework/src/Illuminate/Routing/Middleware/SubstituteBindings.php(51): Illuminate/Pipeline/Pipeline->{closure:{closure:Illuminate/Pipeline/Pipeline::carry():184}:185}()
#23 C:/Users/kuldeep/Desktop/Project/sgcsm/vendor/laravel/framework/src/Illuminate/Pipeline/Pipeline.php(209): Illuminate/Routing/Middleware/SubstituteBindings->handle()
#24 C:/Users/kuldeep/Desktop/Project/sgcsm/vendor/laravel/framework/src/Illuminate/Auth/Middleware/Authenticate.php(64): Illuminate/Pipeline/Pipeline->{closure:{closure:Illuminate/Pipeline/Pipeline::carry():184}:185}()
#25 C:/Users/kuldeep/Desktop/Project/sgcsm/vendor/laravel/framework/src/Illuminate/Pipeline/Pipeline.php(209): Illuminate/Auth/Middleware/Authenticate->handle()
#26 C:/Users/kuldeep/Desktop/Project/sgcsm/vendor/laravel/framework/src/Illuminate/Foundation/Http/Middleware/VerifyCsrfToken.php(88): Illuminate/Pipeline/Pipeline->{closure:{closure:Illuminate/Pipeline/Pipeline::carry():184}:185}()
#27 C:/Users/kuldeep/Desktop/Project/sgcsm/vendor/laravel/framework/src/Illuminate/Pipeline/Pipeline.php(209): Illuminate/Foundation/Http/Middleware/VerifyCsrfToken->handle()
#28 C:/Users/kuldeep/Desktop/Project/sgcsm/vendor/laravel/framework/src/Illuminate/View/Middleware/ShareErrorsFromSession.php(49): Illuminate/Pipeline/Pipeline->{closure:{closure:Illuminate/Pipeline/Pipeline::carry():184}:185}()
#29 C:/Users/kuldeep/Desktop/Project/sgcsm/vendor/laravel/framework/src/Illuminate/Pipeline/Pipeline.php(209): Illuminate/View/Middleware/ShareErrorsFromSession->handle()
#30 C:/Users/kuldeep/Desktop/Project/sgcsm/vendor/laravel/framework/src/Illuminate/Session/Middleware/StartSession.php(121): Illuminate/Pipeline/Pipeline->{closure:{closure:Illuminate/Pipeline/Pipeline::carry():184}:185}()
#31 C:/Users/kuldeep/Desktop/Project/sgcsm/vendor/laravel/framework/src/Illuminate/Session/Middleware/StartSession.php(64): Illuminate/Session/Middleware/StartSession->handleStatefulRequest()
#32 C:/Users/kuldeep/Desktop/Project/sgcsm/vendor/laravel/framework/src/Illuminate/Pipeline/Pipeline.php(209): Illuminate/Session/Middleware/StartSession->handle()
#33 C:/Users/kuldeep/Desktop/Project/sgcsm/vendor/laravel/framework/src/Illuminate/Cookie/Middleware/AddQueuedCookiesToResponse.php(37): Illuminate/Pipeline/Pipeline->{closure:{closure:Illuminate/Pipeline/Pipeline::carry():184}:185}()
#34 C:/Users/kuldeep/Desktop/Project/sgcsm/vendor/laravel/framework/src/Illuminate/Pipeline/Pipeline.php(209): Illuminate/Cookie/Middleware/AddQueuedCookiesToResponse->handle()
#35 C:/Users/kuldeep/Desktop/Project/sgcsm/vendor/laravel/framework/src/Illuminate/Cookie/Middleware/EncryptCookies.php(75): Illuminate/Pipeline/Pipeline->{closure:{closure:Illuminate/Pipeline/Pipeline::carry():184}:185}()
#36 C:/Users/kuldeep/Desktop/Project/sgcsm/vendor/laravel/framework/src/Illuminate/Pipeline/Pipeline.php(209): Illuminate/Cookie/Middleware/EncryptCookies->handle()
#37 C:/Users/kuldeep/Desktop/Project/sgcsm/vendor/laravel/framework/src/Illuminate/Pipeline/Pipeline.php(127): Illuminate/Pipeline/Pipeline->{closure:{closure:Illuminate/Pipeline/Pipeline::carry():184}:185}()
#38 C:/Users/kuldeep/Desktop/Project/sgcsm/vendor/laravel/framework/src/Illuminate/Routing/Router.php(807): Illuminate/Pipeline/Pipeline->then()
#39 C:/Users/kuldeep/Desktop/Project/sgcsm/vendor/laravel/framework/src/Illuminate/Routing/Router.php(786): Illuminate/Routing/Router->runRouteWithinStack()
#40 C:/Users/kuldeep/Desktop/Project/sgcsm/vendor/laravel/framework/src/Illuminate/Routing/Router.php(750): Illuminate/Routing/Router->runRoute()
#41 C:/Users/kuldeep/Desktop/Project/sgcsm/vendor/laravel/framework/src/Illuminate/Routing/Router.php(739): Illuminate/Routing/Router->dispatchToRoute()
#42 C:/Users/kuldeep/Desktop/Project/sgcsm/vendor/laravel/framework/src/Illuminate/Foundation/Http/Kernel.php(201): Illuminate/Routing/Router->dispatch()
#43 C:/Users/kuldeep/Desktop/Project/sgcsm/vendor/laravel/framework/src/Illuminate/Pipeline/Pipeline.php(170): Illuminate/Foundation/Http/Kernel->{closure:Illuminate/Foundation/Http/Kernel::dispatchToRouter():198}()
#44 C:/Users/kuldeep/Desktop/Project/sgcsm/vendor/laravel/framework/src/Illuminate/Foundation/Http/Middleware/TransformsRequest.php(21): Illuminate/Pipeline/Pipeline->{closure:Illuminate/Pipeline/Pipeline::prepareDestination():168}()
#45 C:/Users/kuldeep/Desktop/Project/sgcsm/vendor/laravel/framework/src/Illuminate/Foundation/Http/Middleware/ConvertEmptyStringsToNull.php(31): Illuminate/Foundation/Http/Middleware/TransformsRequest->handle()
#46 C:/Users/kuldeep/Desktop/Project/sgcsm/vendor/laravel/framework/src/Illuminate/Pipeline/Pipeline.php(209): Illuminate/Foundation/Http/Middleware/ConvertEmptyStringsToNull->handle()
#47 C:/Users/kuldeep/Desktop/Project/sgcsm/vendor/laravel/framework/src/Illuminate/Foundation/Http/Middleware/TransformsRequest.php(21): Illuminate/Pipeline/Pipeline->{closure:{closure:Illuminate/Pipeline/Pipeline::carry():184}:185}()
#48 C:/Users/kuldeep/Desktop/Project/sgcsm/vendor/laravel/framework/src/Illuminate/Foundation/Http/Middleware/TrimStrings.php(51): Illuminate/Foundation/Http/Middleware/TransformsRequest->handle()
#49 C:/Users/kuldeep/Desktop/Project/sgcsm/vendor/laravel/framework/src/Illuminate/Pipeline/Pipeline.php(209): Illuminate/Foundation/Http/Middleware/TrimStrings->handle()
#50 C:/Users/kuldeep/Desktop/Project/sgcsm/vendor/laravel/framework/src/Illuminate/Http/Middleware/ValidatePostSize.php(27): Illuminate/Pipeline/Pipeline->{closure:{closure:Illuminate/Pipeline/Pipeline::carry():184}:185}()
#51 C:/Users/kuldeep/Desktop/Project/sgcsm/vendor/laravel/framework/src/Illuminate/Pipeline/Pipeline.php(209): Illuminate/Http/Middleware/ValidatePostSize->handle()
#52 C:/Users/kuldeep/Desktop/Project/sgcsm/vendor/laravel/framework/src/Illuminate/Foundation/Http/Middleware/PreventRequestsDuringMaintenance.php(110): Illuminate/Pipeline/Pipeline->{closure:{closure:Illuminate/Pipeline/Pipeline::carry():184}:185}()
#53 C:/Users/kuldeep/Desktop/Project/sgcsm/vendor/laravel/framework/src/Illuminate/Pipeline/Pipeline.php(209): Illuminate/Foundation/Http/Middleware/PreventRequestsDuringMaintenance->handle()
#54 C:/Users/kuldeep/Desktop/Project/sgcsm/vendor/laravel/framework/src/Illuminate/Http/Middleware/HandleCors.php(49): Illuminate/Pipeline/Pipeline->{closure:{closure:Illuminate/Pipeline/Pipeline::carry():184}:185}()
#55 C:/Users/kuldeep/Desktop/Project/sgcsm/vendor/laravel/framework/src/Illuminate/Pipeline/Pipeline.php(209): Illuminate/Http/Middleware/HandleCors->handle()
#56 C:/Users/kuldeep/Desktop/Project/sgcsm/vendor/laravel/framework/src/Illuminate/Http/Middleware/TrustProxies.php(58): Illuminate/Pipeline/Pipeline->{closure:{closure:Illuminate/Pipeline/Pipeline::carry():184}:185}()
#57 C:/Users/kuldeep/Desktop/Project/sgcsm/vendor/laravel/framework/src/Illuminate/Pipeline/Pipeline.php(209): Illuminate/Http/Middleware/TrustProxies->handle()
#58 C:/Users/kuldeep/Desktop/Project/sgcsm/vendor/laravel/framework/src/Illuminate/Foundation/Http/Middleware/InvokeDeferredCallbacks.php(22): Illuminate/Pipeline/Pipeline->{closure:{closure:Illuminate/Pipeline/Pipeline::carry():184}:185}()
#59 C:/Users/kuldeep/Desktop/Project/sgcsm/vendor/laravel/framework/src/Illuminate/Pipeline/Pipeline.php(209): Illuminate/Foundation/Http/Middleware/InvokeDeferredCallbacks->handle()
#60 C:/Users/kuldeep/Desktop/Project/sgcsm/vendor/laravel/framework/src/Illuminate/Pipeline/Pipeline.php(127): Illuminate/Pipeline/Pipeline->{closure:{closure:Illuminate/Pipeline/Pipeline::carry():184}:185}()
#61 C:/Users/kuldeep/Desktop/Project/sgcsm/vendor/laravel/framework/src/Illuminate/Foundation/Http/Kernel.php(176): Illuminate/Pipeline/Pipeline->then()
#62 C:/Users/kuldeep/Desktop/Project/sgcsm/vendor/laravel/framework/src/Illuminate/Foundation/Http/Kernel.php(145): Illuminate/Foundation/Http/Kernel->sendRequestThroughRouter()
#63 C:/Users/kuldeep/Desktop/Project/sgcsm/vendor/laravel/framework/src/Illuminate/Foundation/Application.php(1220): Illuminate/Foundation/Http/Kernel->handle()
#64 C:/Users/kuldeep/Desktop/Project/sgcsm/public/index.php(17): Illuminate/Foundation/Application->handleRequest()
#65 C:/Users/kuldeep/Desktop/Project/sgcsm/vendor/laravel/framework/src/Illuminate/Foundation/resources/server.php(23): require_once('...')
#66 {main}

[previous exception] [object] (PDOException(code: 23000): SQLSTATE[23000]: Integrity constraint violation: 19 UNIQUE constraint failed: roles.name, roles.guard_name at C:/Users/kuldeep/Desktop/Project/sgcsm/vendor/laravel/framework/src/Illuminate/Database/Connection.php:596)
[stacktrace]
#0 C:/Users/kuldeep/Desktop/Project/sgcsm/vendor/laravel/framework/src/Illuminate/Database/Connection.php(596): PDOStatement->execute()
#1 C:/Users/kuldeep/Desktop/Project/sgcsm/vendor/laravel/framework/src/Illuminate/Database/Connection.php(812): Illuminate/Database/Connection->{closure:Illuminate/Database/Connection::affectingStatement():584}()
#2 C:/Users/kuldeep/Desktop/Project/sgcsm/vendor/laravel/framework/src/Illuminate/Database/Connection.php(779): Illuminate/Database/Connection->runQueryCallback()
#3 C:/Users/kuldeep/Desktop/Project/sgcsm/vendor/laravel/framework/src/Illuminate/Database/Connection.php(584): Illuminate/Database/Connection->run()
#4 C:/Users/kuldeep/Desktop/Project/sgcsm/vendor/laravel/framework/src/Illuminate/Database/Connection.php(536): Illuminate/Database/Connection->affectingStatement()
#5 C:/Users/kuldeep/Desktop/Project/sgcsm/vendor/laravel/framework/src/Illuminate/Database/Query/Builder.php(3830): Illuminate/Database/Connection->update()
#6 C:/Users/kuldeep/Desktop/Project/sgcsm/vendor/laravel/framework/src/Illuminate/Database/Eloquent/Builder.php(1175): Illuminate/Database/Query/Builder->update()
#7 C:/Users/kuldeep/Desktop/Project/sgcsm/vendor/laravel/framework/src/Illuminate/Database/Eloquent/Model.php(1239): Illuminate/Database/Eloquent/Builder->update()
#8 C:/Users/kuldeep/Desktop/Project/sgcsm/vendor/laravel/framework/src/Illuminate/Database/Eloquent/Model.php(1156): Illuminate/Database/Eloquent/Model->performUpdate()
#9 C:/Users/kuldeep/Desktop/Project/sgcsm/vendor/laravel/framework/src/Illuminate/Database/Eloquent/Model.php(1014): Illuminate/Database/Eloquent/Model->save()
#10 C:/Users/kuldeep/Desktop/Project/sgcsm/app/Http/Controllers/Admin/RoleController.php(92): Illuminate/Database/Eloquent/Model->update()
#11 C:/Users/kuldeep/Desktop/Project/sgcsm/vendor/laravel/framework/src/Illuminate/Routing/ControllerDispatcher.php(47): App/Http/Controllers/Admin/RoleController->update()
#12 C:/Users/kuldeep/Desktop/Project/sgcsm/vendor/laravel/framework/src/Illuminate/Routing/Route.php(266): Illuminate/Routing/ControllerDispatcher->dispatch()
#13 C:/Users/kuldeep/Desktop/Project/sgcsm/vendor/laravel/framework/src/Illuminate/Routing/Route.php(212): Illuminate/Routing/Route->runController()
#14 C:/Users/kuldeep/Desktop/Project/sgcsm/vendor/laravel/framework/src/Illuminate/Routing/Router.php(808): Illuminate/Routing/Route->run()
#15 C:/Users/kuldeep/Desktop/Project/sgcsm/vendor/laravel/framework/src/Illuminate/Pipeline/Pipeline.php(170): Illuminate/Routing/Router->{closure:Illuminate/Routing/Router::runRouteWithinStack():807}()
#16 C:/Users/kuldeep/Desktop/Project/sgcsm/app/Http/Middleware/RoleMiddleware.php(26): Illuminate/Pipeline/Pipeline->{closure:Illuminate/Pipeline/Pipeline::prepareDestination():168}()
#17 C:/Users/kuldeep/Desktop/Project/sgcsm/vendor/laravel/framework/src/Illuminate/Pipeline/Pipeline.php(209): App/Http/Middleware/RoleMiddleware->handle()
#18 C:/Users/kuldeep/Desktop/Project/sgcsm/vendor/laravel/framework/src/Illuminate/Auth/Middleware/EnsureEmailIsVerified.php(41): Illuminate/Pipeline/Pipeline->{closure:{closure:Illuminate/Pipeline/Pipeline::carry():184}:185}()
#19 C:/Users/kuldeep/Desktop/Project/sgcsm/vendor/laravel/framework/src/Illuminate/Pipeline/Pipeline.php(209): Illuminate/Auth/Middleware/EnsureEmailIsVerified->handle()
#20 C:/Users/kuldeep/Desktop/Project/sgcsm/vendor/laravel/framework/src/Illuminate/Http/Middleware/AddLinkHeadersForPreloadedAssets.php(20): Illuminate/Pipeline/Pipeline->{closure:{closure:Illuminate/Pipeline/Pipeline::carry():184}:185}()
#21 C:/Users/kuldeep/Desktop/Project/sgcsm/vendor/laravel/framework/src/Illuminate/Pipeline/Pipeline.php(209): Illuminate/Http/Middleware/AddLinkHeadersForPreloadedAssets->handle()
#22 C:/Users/kuldeep/Desktop/Project/sgcsm/vendor/inertiajs/inertia-laravel/src/Middleware.php(122): Illuminate/Pipeline/Pipeline->{closure:{closure:Illuminate/Pipeline/Pipeline::carry():184}:185}()
#23 C:/Users/kuldeep/Desktop/Project/sgcsm/vendor/laravel/framework/src/Illuminate/Pipeline/Pipeline.php(209): Inertia/Middleware->handle()
#24 C:/Users/kuldeep/Desktop/Project/sgcsm/vendor/laravel/framework/src/Illuminate/Routing/Middleware/SubstituteBindings.php(51): Illuminate/Pipeline/Pipeline->{closure:{closure:Illuminate/Pipeline/Pipeline::carry():184}:185}()
#25 C:/Users/kuldeep/Desktop/Project/sgcsm/vendor/laravel/framework/src/Illuminate/Pipeline/Pipeline.php(209): Illuminate/Routing/Middleware/SubstituteBindings->handle()
#26 C:/Users/kuldeep/Desktop/Project/sgcsm/vendor/laravel/framework/src/Illuminate/Auth/Middleware/Authenticate.php(64): Illuminate/Pipeline/Pipeline->{closure:{closure:Illuminate/Pipeline/Pipeline::carry():184}:185}()
#27 C:/Users/kuldeep/Desktop/Project/sgcsm/vendor/laravel/framework/src/Illuminate/Pipeline/Pipeline.php(209): Illuminate/Auth/Middleware/Authenticate->handle()
#28 C:/Users/kuldeep/Desktop/Project/sgcsm/vendor/laravel/framework/src/Illuminate/Foundation/Http/Middleware/VerifyCsrfToken.php(88): Illuminate/Pipeline/Pipeline->{closure:{closure:Illuminate/Pipeline/Pipeline::carry():184}:185}()
#29 C:/Users/kuldeep/Desktop/Project/sgcsm/vendor/laravel/framework/src/Illuminate/Pipeline/Pipeline.php(209): Illuminate/Foundation/Http/Middleware/VerifyCsrfToken->handle()
#30 C:/Users/kuldeep/Desktop/Project/sgcsm/vendor/laravel/framework/src/Illuminate/View/Middleware/ShareErrorsFromSession.php(49): Illuminate/Pipeline/Pipeline->{closure:{closure:Illuminate/Pipeline/Pipeline::carry():184}:185}()
#31 C:/Users/kuldeep/Desktop/Project/sgcsm/vendor/laravel/framework/src/Illuminate/Pipeline/Pipeline.php(209): Illuminate/View/Middleware/ShareErrorsFromSession->handle()
#32 C:/Users/kuldeep/Desktop/Project/sgcsm/vendor/laravel/framework/src/Illuminate/Session/Middleware/StartSession.php(121): Illuminate/Pipeline/Pipeline->{closure:{closure:Illuminate/Pipeline/Pipeline::carry():184}:185}()
#33 C:/Users/kuldeep/Desktop/Project/sgcsm/vendor/laravel/framework/src/Illuminate/Session/Middleware/StartSession.php(64): Illuminate/Session/Middleware/StartSession->handleStatefulRequest()
#34 C:/Users/kuldeep/Desktop/Project/sgcsm/vendor/laravel/framework/src/Illuminate/Pipeline/Pipeline.php(209): Illuminate/Session/Middleware/StartSession->handle()
#35 C:/Users/kuldeep/Desktop/Project/sgcsm/vendor/laravel/framework/src/Illuminate/Cookie/Middleware/AddQueuedCookiesToResponse.php(37): Illuminate/Pipeline/Pipeline->{closure:{closure:Illuminate/Pipeline/Pipeline::carry():184}:185}()
#36 C:/Users/kuldeep/Desktop/Project/sgcsm/vendor/laravel/framework/src/Illuminate/Pipeline/Pipeline.php(209): Illuminate/Cookie/Middleware/AddQueuedCookiesToResponse->handle()
#37 C:/Users/kuldeep/Desktop/Project/sgcsm/vendor/laravel/framework/src/Illuminate/Cookie/Middleware/EncryptCookies.php(75): Illuminate/Pipeline/Pipeline->{closure:{closure:Illuminate/Pipeline/Pipeline::carry():184}:185}()
#38 C:/Users/kuldeep/Desktop/Project/sgcsm/vendor/laravel/framework/src/Illuminate/Pipeline/Pipeline.php(209): Illuminate/Cookie/Middleware/EncryptCookies->handle()
#39 C:/Users/kuldeep/Desktop/Project/sgcsm/vendor/laravel/framework/src/Illuminate/Pipeline/Pipeline.php(127): Illuminate/Pipeline/Pipeline->{closure:{closure:Illuminate/Pipeline/Pipeline::carry():184}:185}()
#40 C:/Users/kuldeep/Desktop/Project/sgcsm/vendor/laravel/framework/src/Illuminate/Routing/Router.php(807): Illuminate/Pipeline/Pipeline->then()
#41 C:/Users/kuldeep/Desktop/Project/sgcsm/vendor/laravel/framework/src/Illuminate/Routing/Router.php(786): Illuminate/Routing/Router->runRouteWithinStack()
#42 C:/Users/kuldeep/Desktop/Project/sgcsm/vendor/laravel/framework/src/Illuminate/Routing/Router.php(750): Illuminate/Routing/Router->runRoute()
#43 C:/Users/kuldeep/Desktop/Project/sgcsm/vendor/laravel/framework/src/Illuminate/Routing/Router.php(739): Illuminate/Routing/Router->dispatchToRoute()
#44 C:/Users/kuldeep/Desktop/Project/sgcsm/vendor/laravel/framework/src/Illuminate/Foundation/Http/Kernel.php(201): Illuminate/Routing/Router->dispatch()
#45 C:/Users/kuldeep/Desktop/Project/sgcsm/vendor/laravel/framework/src/Illuminate/Pipeline/Pipeline.php(170): Illuminate/Foundation/Http/Kernel->{closure:Illuminate/Foundation/Http/Kernel::dispatchToRouter():198}()
#46 C:/Users/kuldeep/Desktop/Project/sgcsm/vendor/laravel/framework/src/Illuminate/Foundation/Http/Middleware/TransformsRequest.php(21): Illuminate/Pipeline/Pipeline->{closure:Illuminate/Pipeline/Pipeline::prepareDestination():168}()
#47 C:/Users/kuldeep/Desktop/Project/sgcsm/vendor/laravel/framework/src/Illuminate/Foundation/Http/Middleware/ConvertEmptyStringsToNull.php(31): Illuminate/Foundation/Http/Middleware/TransformsRequest->handle()
#48 C:/Users/kuldeep/Desktop/Project/sgcsm/vendor/laravel/framework/src/Illuminate/Pipeline/Pipeline.php(209): Illuminate/Foundation/Http/Middleware/ConvertEmptyStringsToNull->handle()
#49 C:/Users/kuldeep/Desktop/Project/sgcsm/vendor/laravel/framework/src/Illuminate/Foundation/Http/Middleware/TransformsRequest.php(21): Illuminate/Pipeline/Pipeline->{closure:{closure:Illuminate/Pipeline/Pipeline::carry():184}:185}()
#50 C:/Users/kuldeep/Desktop/Project/sgcsm/vendor/laravel/framework/src/Illuminate/Foundation/Http/Middleware/TrimStrings.php(51): Illuminate/Foundation/Http/Middleware/TransformsRequest->handle()
#51 C:/Users/kuldeep/Desktop/Project/sgcsm/vendor/laravel/framework/src/Illuminate/Pipeline/Pipeline.php(209): Illuminate/Foundation/Http/Middleware/TrimStrings->handle()
#52 C:/Users/kuldeep/Desktop/Project/sgcsm/vendor/laravel/framework/src/Illuminate/Http/Middleware/ValidatePostSize.php(27): Illuminate/Pipeline/Pipeline->{closure:{closure:Illuminate/Pipeline/Pipeline::carry():184}:185}()
#53 C:/Users/kuldeep/Desktop/Project/sgcsm/vendor/laravel/framework/src/Illuminate/Pipeline/Pipeline.php(209): Illuminate/Http/Middleware/ValidatePostSize->handle()
#54 C:/Users/kuldeep/Desktop/Project/sgcsm/vendor/laravel/framework/src/Illuminate/Foundation/Http/Middleware/PreventRequestsDuringMaintenance.php(110): Illuminate/Pipeline/Pipeline->{closure:{closure:Illuminate/Pipeline/Pipeline::carry():184}:185}()
#55 C:/Users/kuldeep/Desktop/Project/sgcsm/vendor/laravel/framework/src/Illuminate/Pipeline/Pipeline.php(209): Illuminate/Foundation/Http/Middleware/PreventRequestsDuringMaintenance->handle()
#56 C:/Users/kuldeep/Desktop/Project/sgcsm/vendor/laravel/framework/src/Illuminate/Http/Middleware/HandleCors.php(49): Illuminate/Pipeline/Pipeline->{closure:{closure:Illuminate/Pipeline/Pipeline::carry():184}:185}()
#57 C:/Users/kuldeep/Desktop/Project/sgcsm/vendor/laravel/framework/src/Illuminate/Pipeline/Pipeline.php(209): Illuminate/Http/Middleware/HandleCors->handle()
#58 C:/Users/kuldeep/Desktop/Project/sgcsm/vendor/laravel/framework/src/Illuminate/Http/Middleware/TrustProxies.php(58): Illuminate/Pipeline/Pipeline->{closure:{closure:Illuminate/Pipeline/Pipeline::carry():184}:185}()
#59 C:/Users/kuldeep/Desktop/Project/sgcsm/vendor/laravel/framework/src/Illuminate/Pipeline/Pipeline.php(209): Illuminate/Http/Middleware/TrustProxies->handle()
#60 C:/Users/kuldeep/Desktop/Project/sgcsm/vendor/laravel/framework/src/Illuminate/Foundation/Http/Middleware/InvokeDeferredCallbacks.php(22): Illuminate/Pipeline/Pipeline->{closure:{closure:Illuminate/Pipeline/Pipeline::carry():184}:185}()
#61 C:/Users/kuldeep/Desktop/Project/sgcsm/vendor/laravel/framework/src/Illuminate/Pipeline/Pipeline.php(209): Illuminate/Foundation/Http/Middleware/InvokeDeferredCallbacks->handle()
#62 C:/Users/kuldeep/Desktop/Project/sgcsm/vendor/laravel/framework/src/Illuminate/Pipeline/Pipeline.php(127): Illuminate/Pipeline/Pipeline->{closure:{closure:Illuminate/Pipeline/Pipeline::carry():184}:185}()
#63 C:/Users/kuldeep/Desktop/Project/sgcsm/vendor/laravel/framework/src/Illuminate/Foundation/Http/Kernel.php(176): Illuminate/Pipeline/Pipeline->then()
#64 C:/Users/kuldeep/Desktop/Project/sgcsm/vendor/laravel/framework/src/Illuminate/Foundation/Http/Kernel.php(145): Illuminate/Foundation/Http/Kernel->sendRequestThroughRouter()
#65 C:/Users/kuldeep/Desktop/Project/sgcsm/vendor/laravel/framework/src/Illuminate/Foundation/Application.php(1220): Illuminate/Foundation/Http/Kernel->handle()
#66 C:/Users/kuldeep/Desktop/Project/sgcsm/public/index.php(17): Illuminate/Foundation/Application->handleRequest()
#67 C:/Users/kuldeep/Desktop/Project/sgcsm/vendor/laravel/framework/src/Illuminate/Foundation/resources/server.php(23): require_once('...')
#68 {main}
"} 
[2026-05-07 06:12:41] local.ERROR: App\Http\Middleware\RoleMiddleware::handle(): Return value must be of type Symfony\Component\HttpFoundation\Response, none returned {"userId":2,"exception":"[object] (TypeError(code: 0): App\\Http\\Middleware\\RoleMiddleware::handle(): Return value must be of type Symfony\\Component\\HttpFoundation\\Response, none returned at C:/Users/kuldeep/Desktop/Project/sgcsm/app/Http/Middleware/RoleMiddleware.php:35)
[stacktrace]
#0 C:/Users/kuldeep/Desktop/Project/sgcsm/vendor/laravel/framework/src/Illuminate/Pipeline/Pipeline.php(209): App/Http/Middleware/RoleMiddleware->handle()
#1 C:/Users/kuldeep/Desktop/Project/sgcsm/vendor/laravel/framework/src/Illuminate/Auth/Middleware/EnsureEmailIsVerified.php(41): Illuminate/Pipeline/Pipeline->{closure:{closure:Illuminate/Pipeline/Pipeline::carry():184}:185}()
#2 C:/Users/kuldeep/Desktop/Project/sgcsm/vendor/laravel/framework/src/Illuminate/Pipeline/Pipeline.php(209): Illuminate/Auth/Middleware/EnsureEmailIsVerified->handle()
#3 C:/Users/kuldeep/Desktop/Project/sgcsm/vendor/laravel/framework/src/Illuminate/Http/Middleware/AddLinkHeadersForPreloadedAssets.php(20): Illuminate/Pipeline/Pipeline->{closure:{closure:Illuminate/Pipeline/Pipeline::carry():184}:185}()
#4 C:/Users/kuldeep/Desktop/Project/sgcsm/vendor/laravel/framework/src/Illuminate/Pipeline/Pipeline.php(209): Illuminate/Http/Middleware/AddLinkHeadersForPreloadedAssets->handle()
#5 C:/Users/kuldeep/Desktop/Project/sgcsm/vendor/inertiajs/inertia-laravel/src/Middleware.php(122): Illuminate/Pipeline/Pipeline->{closure:{closure:Illuminate/Pipeline/Pipeline::carry():184}:185}()
#6 C:/Users/kuldeep/Desktop/Project/sgcsm/vendor/laravel/framework/src/Illuminate/Pipeline/Pipeline.php(209): Inertia/Middleware->handle()
#7 C:/Users/kuldeep/Desktop/Project/sgcsm/vendor/laravel/framework/src/Illuminate/Routing/Middleware/SubstituteBindings.php(51): Illuminate/Pipeline/Pipeline->{closure:{closure:Illuminate/Pipeline/Pipeline::carry():184}:185}()
#8 C:/Users/kuldeep/Desktop/Project/sgcsm/vendor/laravel/framework/src/Illuminate/Pipeline/Pipeline.php(209): Illuminate/Routing/Middleware/SubstituteBindings->handle()
#9 C:/Users/kuldeep/Desktop/Project/sgcsm/vendor/laravel/framework/src/Illuminate/Auth/Middleware/Authenticate.php(64): Illuminate/Pipeline/Pipeline->{closure:{closure:Illuminate/Pipeline/Pipeline::carry():184}:185}()
#10 C:/Users/kuldeep/Desktop/Project/sgcsm/vendor/laravel/framework/src/Illuminate/Pipeline/Pipeline.php(209): Illuminate/Auth/Middleware/Authenticate->handle()
#11 C:/Users/kuldeep/Desktop/Project/sgcsm/vendor/laravel/framework/src/Illuminate/Foundation/Http/Middleware/VerifyCsrfToken.php(88): Illuminate/Pipeline/Pipeline->{closure:{closure:Illuminate/Pipeline/Pipeline::carry():184}:185}()
#12 C:/Users/kuldeep/Desktop/Project/sgcsm/vendor/laravel/framework/src/Illuminate/Pipeline/Pipeline.php(209): Illuminate/Foundation/Http/Middleware/VerifyCsrfToken->handle()
#13 C:/Users/kuldeep/Desktop/Project/sgcsm/vendor/laravel/framework/src/Illuminate/View/Middleware/ShareErrorsFromSession.php(49): Illuminate/Pipeline/Pipeline->{closure:{closure:Illuminate/Pipeline/Pipeline::carry():184}:185}()
#14 C:/Users/kuldeep/Desktop/Project/sgcsm/vendor/laravel/framework/src/Illuminate/Pipeline/Pipeline.php(209): Illuminate/View/Middleware/ShareErrorsFromSession->handle()
#15 C:/Users/kuldeep/Desktop/Project/sgcsm/vendor/laravel/framework/src/Illuminate/Session/Middleware/StartSession.php(121): Illuminate/Pipeline/Pipeline->{closure:{closure:Illuminate/Pipeline/Pipeline::carry():184}:185}()
#16 C:/Users/kuldeep/Desktop/Project/sgcsm/vendor/laravel/framework/src/Illuminate/Session/Middleware/StartSession.php(64): Illuminate/Session/Middleware/StartSession->handleStatefulRequest()
#17 C:/Users/kuldeep/Desktop/Project/sgcsm/vendor/laravel/framework/src/Illuminate/Pipeline/Pipeline.php(209): Illuminate/Session/Middleware/StartSession->handle()
#18 C:/Users/kuldeep/Desktop/Project/sgcsm/vendor/laravel/framework/src/Illuminate/Cookie/Middleware/AddQueuedCookiesToResponse.php(37): Illuminate/Pipeline/Pipeline->{closure:{closure:Illuminate/Pipeline/Pipeline::carry():184}:185}()
#19 C:/Users/kuldeep/Desktop/Project/sgcsm/vendor/laravel/framework/src/Illuminate/Pipeline/Pipeline.php(209): Illuminate/Cookie/Middleware/AddQueuedCookiesToResponse->handle()
#20 C:/Users/kuldeep/Desktop/Project/sgcsm/vendor/laravel/framework/src/Illuminate/Cookie/Middleware/EncryptCookies.php(75): Illuminate/Pipeline/Pipeline->{closure:{closure:Illuminate/Pipeline/Pipeline::carry():184}:185}()
#21 C:/Users/kuldeep/Desktop/Project/sgcsm/vendor/laravel/framework/src/Illuminate/Pipeline/Pipeline.php(209): Illuminate/Cookie/Middleware/EncryptCookies->handle()
#22 C:/Users/kuldeep/Desktop/Project/sgcsm/vendor/laravel/framework/src/Illuminate/Pipeline/Pipeline.php(127): Illuminate/Pipeline/Pipeline->{closure:{closure:Illuminate/Pipeline/Pipeline::carry():184}:185}()
#23 C:/Users/kuldeep/Desktop/Project/sgcsm/vendor/laravel/framework/src/Illuminate/Routing/Router.php(807): Illuminate/Pipeline/Pipeline->then()
#24 C:/Users/kuldeep/Desktop/Project/sgcsm/vendor/laravel/framework/src/Illuminate/Routing/Router.php(786): Illuminate/Routing/Router->runRouteWithinStack()
#25 C:/Users/kuldeep/Desktop/Project/sgcsm/vendor/laravel/framework/src/Illuminate/Routing/Router.php(750): Illuminate/Routing/Router->runRoute()
#26 C:/Users/kuldeep/Desktop/Project/sgcsm/vendor/laravel/framework/src/Illuminate/Routing/Router.php(739): Illuminate/Routing/Router->dispatchToRoute()
#27 C:/Users/kuldeep/Desktop/Project/sgcsm/vendor/laravel/framework/src/Illuminate/Foundation/Http/Kernel.php(201): Illuminate/Routing/Router->dispatch()
#28 C:/Users/kuldeep/Desktop/Project/sgcsm/vendor/laravel/framework/src/Illuminate/Pipeline/Pipeline.php(170): Illuminate/Foundation/Http/Kernel->{closure:Illuminate/Foundation/Http/Kernel::dispatchToRouter():198}()
#29 C:/Users/kuldeep/Desktop/Project/sgcsm/vendor/laravel/framework/src/Illuminate/Foundation/Http/Middleware/TransformsRequest.php(21): Illuminate/Pipeline/Pipeline->{closure:Illuminate/Pipeline/Pipeline::prepareDestination():168}()
#30 C:/Users/kuldeep/Desktop/Project/sgcsm/vendor/laravel/framework/src/Illuminate/Foundation/Http/Middleware/ConvertEmptyStringsToNull.php(31): Illuminate/Foundation/Http/Middleware/TransformsRequest->handle()
#31 C:/Users/kuldeep/Desktop/Project/sgcsm/vendor/laravel/framework/src/Illuminate/Pipeline/Pipeline.php(209): Illuminate/Foundation/Http/Middleware/ConvertEmptyStringsToNull->handle()
#32 C:/Users/kuldeep/Desktop/Project/sgcsm/vendor/laravel/framework/src/Illuminate/Foundation/Http/Middleware/TransformsRequest.php(21): Illuminate/Pipeline/Pipeline->{closure:{closure:Illuminate/Pipeline/Pipeline::carry():184}:185}()
#33 C:/Users/kuldeep/Desktop/Project/sgcsm/vendor/laravel/framework/src/Illuminate/Foundation/Http/Middleware/TrimStrings.php(51): Illuminate/Foundation/Http/Middleware/TransformsRequest->handle()
#34 C:/Users/kuldeep/Desktop/Project/sgcsm/vendor/laravel/framework/src/Illuminate/Pipeline/Pipeline.php(209): Illuminate/Foundation/Http/Middleware/TrimStrings->handle()
#35 C:/Users/kuldeep/Desktop/Project/sgcsm/vendor/laravel/framework/src/Illuminate/Http/Middleware/ValidatePostSize.php(27): Illuminate/Pipeline/Pipeline->{closure:{closure:Illuminate/Pipeline/Pipeline::carry():184}:185}()
#36 C:/Users/kuldeep/Desktop/Project/sgcsm/vendor/laravel/framework/src/Illuminate/Pipeline/Pipeline.php(209): Illuminate/Http/Middleware/ValidatePostSize->handle()
#37 C:/Users/kuldeep/Desktop/Project/sgcsm/vendor/laravel/framework/src/Illuminate/Foundation/Http/Middleware/PreventRequestsDuringMaintenance.php(110): Illuminate/Pipeline/Pipeline->{closure:{closure:Illuminate/Pipeline/Pipeline::carry():184}:185}()
#38 C:/Users/kuldeep/Desktop/Project/sgcsm/vendor/laravel/framework/src/Illuminate/Pipeline/Pipeline.php(209): Illuminate/Foundation/Http/Middleware/PreventRequestsDuringMaintenance->handle()
#39 C:/Users/kuldeep/Desktop/Project/sgcsm/vendor/laravel/framework/src/Illuminate/Http/Middleware/HandleCors.php(49): Illuminate/Pipeline/Pipeline->{closure:{closure:Illuminate/Pipeline/Pipeline::carry():184}:185}()
#40 C:/Users/kuldeep/Desktop/Project/sgcsm/vendor/laravel/framework/src/Illuminate/Pipeline/Pipeline.php(209): Illuminate/Http/Middleware/HandleCors->handle()
#41 C:/Users/kuldeep/Desktop/Project/sgcsm/vendor/laravel/framework/src/Illuminate/Http/Middleware/TrustProxies.php(58): Illuminate/Pipeline/Pipeline->{closure:{closure:Illuminate/Pipeline/Pipeline::carry():184}:185}()
#42 C:/Users/kuldeep/Desktop/Project/sgcsm/vendor/laravel/framework/src/Illuminate/Pipeline/Pipeline.php(209): Illuminate/Http/Middleware/TrustProxies->handle()
#43 C:/Users/kuldeep/Desktop/Project/sgcsm/vendor/laravel/framework/src/Illuminate/Foundation/Http/Middleware/InvokeDeferredCallbacks.php(22): Illuminate/Pipeline/Pipeline->{closure:{closure:Illuminate/Pipeline/Pipeline::carry():184}:185}()
#44 C:/Users/kuldeep/Desktop/Project/sgcsm/vendor/laravel/framework/src/Illuminate/Pipeline/Pipeline.php(209): Illuminate/Foundation/Http/Middleware/InvokeDeferredCallbacks->handle()
#45 C:/Users/kuldeep/Desktop/Project/sgcsm/vendor/laravel/framework/src/Illuminate/Pipeline/Pipeline.php(127): Illuminate/Pipeline/Pipeline->{closure:{closure:Illuminate/Pipeline/Pipeline::carry():184}:185}()
#46 C:/Users/kuldeep/Desktop/Project/sgcsm/vendor/laravel/framework/src/Illuminate/Foundation/Http/Kernel.php(176): Illuminate/Pipeline/Pipeline->then()
#47 C:/Users/kuldeep/Desktop/Project/sgcsm/vendor/laravel/framework/src/Illuminate/Foundation/Http/Kernel.php(145): Illuminate/Foundation/Http/Kernel->sendRequestThroughRouter()
#48 C:/Users/kuldeep/Desktop/Project/sgcsm/vendor/laravel/framework/src/Illuminate/Foundation/Application.php(1220): Illuminate/Foundation/Http/Kernel->handle()
#49 C:/Users/kuldeep/Desktop/Project/sgcsm/public/index.php(17): Illuminate/Foundation/Application->handleRequest()
#50 C:/Users/kuldeep/Desktop/Project/sgcsm/vendor/laravel/framework/src/Illuminate/Foundation/resources/server.php(23): require_once('...')
#51 {main}
"} 
